fold,test_year,model,target,horizon_h,n_rows,positives,alarms,tp,fp,fn,tn,precision,recall,f1,f2,false_negative_rate,false_positive_rate,specificity,alarms_per_hit,csi,pr_auc,roc_auc,base_rate,brier
1,2022,persistence,ge5,1,3469685,7181,4564,3966,598,3215,3461906,0.869,0.5523,0.6754,0.5957,0.4477,0.000173,0.9998,1.15,0.5098,0.4809,0.7761,0.00207,0.001099
1,2022,climatology,ge5,1,3469685,7181,17164,0,17164,7181,3445340,0.0,0.0,0.0,0.0,1.0,0.004957,0.995,0.0,0.0,0.0045,0.7026,0.00207,0.002067
1,2022,persistence,ge5,3,3469685,13251,4564,3986,578,9265,3455856,0.8734,0.3008,0.4475,0.3462,0.6992,0.000167,0.9998,1.15,0.2882,0.2654,0.6503,0.003819,0.002837
1,2022,climatology,ge5,3,3469685,13251,17664,160,17504,13091,3438930,0.0091,0.0121,0.0104,0.0113,0.9879,0.005064,0.9949,110.4,0.0052,0.0084,0.6983,0.003819,0.003808
1,2022,persistence,ge5,6,3469685,22143,4564,3993,571,18150,3446971,0.8749,0.1803,0.299,0.2144,0.8197,0.000166,0.9998,1.14,0.1758,0.163,0.5901,0.006382,0.005396
1,2022,climatology,ge5,6,3469685,22143,17664,256,17408,21887,3430134,0.0145,0.0116,0.0129,0.012,0.9884,0.005049,0.995,69.0,0.0065,0.0137,0.6949,0.006382,0.006351
1,2022,persistence,ge15,1,3469685,2374,1591,1403,188,971,3467123,0.8818,0.591,0.7077,0.6327,0.409,5.4e-05,0.9999,1.13,0.5476,0.5214,0.7955,0.000684,0.000334
1,2022,climatology,ge15,1,3469685,2374,17376,0,17376,2374,3449935,0.0,0.0,0.0,0.0,1.0,0.005011,0.995,0.0,0.0,0.0025,0.7751,0.000684,0.000683
1,2022,persistence,ge15,3,3469685,4217,1591,1407,184,2810,3465284,0.8843,0.3336,0.4845,0.3811,0.6664,5.3e-05,0.9999,1.13,0.3197,0.2959,0.6668,0.001215,0.000863
1,2022,climatology,ge15,3,3469685,4217,17376,0,17376,4217,3448092,0.0,0.0,0.0,0.0,1.0,0.005014,0.995,0.0,0.0,0.0043,0.7636,0.001215,0.001213
1,2022,persistence,ge15,6,3469685,6932,1591,1409,182,5523,3462571,0.8856,0.2033,0.3306,0.2403,0.7967,5.3e-05,0.9999,1.13,0.1981,0.1816,0.6016,0.001998,0.001644
1,2022,climatology,ge15,6,3469685,6932,17664,453,17211,6479,3445542,0.0256,0.0653,0.0368,0.0499,0.9347,0.00497,0.995,38.99,0.0188,0.0074,0.7551,0.001998,0.00199
1,2022,persistence,ge30,1,3469685,362,281,239,42,123,3469281,0.8505,0.6602,0.7434,0.6912,0.3398,1.2e-05,1.0,1.18,0.5916,0.5616,0.8301,0.000104,4.8e-05
1,2022,climatology,ge30,1,3469685,362,17376,0,17376,362,3451947,0.0,0.0,0.0,0.0,1.0,0.005008,0.995,0.0,0.0,0.0009,0.805,0.000104,0.000104
1,2022,persistence,ge30,3,3469685,599,281,243,38,356,3469048,0.8648,0.4057,0.5523,0.4539,0.5943,1.1e-05,1.0,1.16,0.3815,0.3509,0.7028,0.000173,0.000114
1,2022,climatology,ge30,3,3469685,599,17376,0,17376,599,3451710,0.0,0.0,0.0,0.0,1.0,0.005009,0.995,0.0,0.0,0.0012,0.7917,0.000173,0.000173
1,2022,persistence,ge30,6,3469685,935,281,243,38,692,3468712,0.8648,0.2599,0.3997,0.3022,0.7401,1.1e-05,1.0,1.16,0.2497,0.2249,0.6299,0.000269,0.00021
1,2022,climatology,ge30,6,3469685,935,17376,0,17376,935,3451374,0.0,0.0,0.0,0.0,1.0,0.005009,0.995,0.0,0.0,0.0017,0.781,0.000269,0.000269
2,2023,persistence,ge5,1,3370379,2879,1615,1324,291,1555,3367209,0.8198,0.4599,0.5892,0.5042,0.5401,8.6e-05,0.9999,1.22,0.4177,0.3775,0.7299,0.000854,0.000548
2,2023,climatology,ge5,1,3370379,2879,17664,30,17634,2849,3349866,0.0017,0.0104,0.0029,0.0051,0.9896,0.005237,0.9948,588.8,0.0015,0.0015,0.6875,0.000854,0.000857
2,2023,persistence,ge5,3,3370379,5910,1615,1329,286,4581,3364183,0.8229,0.2249,0.3532,0.2631,0.7751,8.5e-05,0.9999,1.22,0.2145,0.1864,0.6124,0.001754,0.001444
2,2023,climatology,ge5,3,3370379,5910,17664,46,17618,5864,3346851,0.0026,0.0078,0.0039,0.0056,0.9922,0.005236,0.9948,384.0,0.002,0.0031,0.6925,0.001754,0.001759
2,2023,persistence,ge5,6,3370379,10390,1615,1329,286,9061,3359703,0.8229,0.1279,0.2214,0.1539,0.8721,8.5e-05,0.9999,1.22,0.1245,0.1079,0.5639,0.003083,0.002773
2,2023,climatology,ge5,6,3370379,10390,17664,70,17594,10320,3342395,0.004,0.0067,0.005,0.0059,0.9933,0.005236,0.9948,252.34,0.0025,0.0056,0.6954,0.003083,0.003095
2,2023,persistence,ge15,1,3370379,823,495,425,70,398,3369486,0.8586,0.5164,0.6449,0.5611,0.4836,2.1e-05,1.0,1.16,0.4759,0.4435,0.7582,0.000244,0.000139
2,2023,climatology,ge15,1,3370379,823,17293,0,17293,823,3352263,0.0,0.0,0.0,0.0,1.0,0.005132,0.9949,0.0,0.0,0.0006,0.7243,0.000244,0.000244
2,2023,persistence,ge15,3,3370379,1615,495,425,70,1190,3368694,0.8586,0.2632,0.4028,0.3055,0.7368,2.1e-05,1.0,1.16,0.2522,0.2263,0.6316,0.000479,0.000374
2,2023,climatology,ge15,3,3370379,1615,3781,0,3781,1615,3364983,0.0,0.0,0.0,0.0,1.0,0.001122,0.9989,0.0,0.0,0.0011,0.7133,0.000479,0.000479
2,2023,persistence,ge15,6,3370379,2803,495,425,70,2378,3367506,0.8586,0.1516,0.2577,0.1815,0.8484,2.1e-05,1.0,1.16,0.1479,0.1309,0.5758,0.000832,0.000726
2,2023,climatology,ge15,6,3370379,2803,3781,0,3781,2803,3363795,0.0,0.0,0.0,0.0,1.0,0.001123,0.9989,0.0,0.0,0.002,0.71,0.000832,0.000832
2,2023,persistence,ge30,1,3370379,147,88,74,14,73,3370218,0.8409,0.5034,0.6298,0.5473,0.4966,4e-06,1.0,1.19,0.4596,0.4233,0.7517,4.4e-05,2.6e-05
2,2023,climatology,ge30,1,3370379,147,17293,0,17293,147,3352939,0.0,0.0,0.0,0.0,1.0,0.005131,0.9949,0.0,0.0,0.0002,0.7894,4.4e-05,4.4e-05
2,2023,persistence,ge30,3,3370379,283,88,74,14,209,3370082,0.8409,0.2615,0.3989,0.3033,0.7385,4e-06,1.0,1.19,0.2492,0.2199,0.6307,8.4e-05,6.6e-05
2,2023,climatology,ge30,3,3370379,283,17293,0,17293,283,3352803,0.0,0.0,0.0,0.0,1.0,0.005131,0.9949,0.0,0.0,0.0004,0.7954,8.4e-05,8.4e-05
2,2023,persistence,ge30,6,3370379,487,88,74,14,413,3369878,0.8409,0.152,0.2574,0.1817,0.848,4e-06,1.0,1.19,0.1477,0.1279,0.576,0.000144,0.000127
2,2023,climatology,ge30,6,3370379,487,17293,0,17293,487,3352599,0.0,0.0,0.0,0.0,1.0,0.005132,0.9949,0.0,0.0,0.0007,0.799,0.000144,0.000145
3,2024,persistence,ge5,1,3451352,1774,904,711,193,1063,3449385,0.7865,0.4008,0.531,0.4444,0.5992,5.6e-05,0.9999,1.27,0.3615,0.3155,0.7004,0.000514,0.000364
3,2024,climatology,ge5,1,3451352,1774,17664,78,17586,1696,3431992,0.0044,0.044,0.008,0.0158,0.956,0.005098,0.9949,226.46,0.004,0.0022,0.7908,0.000514,0.000516
3,2024,persistence,ge5,3,3451352,3748,904,720,184,3028,3447420,0.7965,0.1921,0.3095,0.2265,0.8079,5.3e-05,0.9999,1.26,0.1831,0.1539,0.596,0.001086,0.000931
3,2024,climatology,ge5,3,3451352,3748,17664,43,17621,3705,3429983,0.0024,0.0115,0.004,0.0066,0.9885,0.005111,0.9949,410.79,0.002,0.0042,0.7924,0.001086,0.001091
3,2024,persistence,ge5,6,3451352,6664,904,720,184,5944,3444504,0.7965,0.108,0.1903,0.1306,0.892,5.3e-05,0.9999,1.26,0.1051,0.0878,0.554,0.001931,0.001776
3,2024,climatology,ge5,6,3451352,6664,17664,79,17585,6585,3427103,0.0045,0.0119,0.0065,0.0089,0.9881,0.005105,0.9949,223.59,0.0033,0.0074,0.7938,0.001931,0.001943
3,2024,persistence,ge15,1,3451352,294,149,109,40,185,3451018,0.7315,0.3707,0.4921,0.4113,0.6293,1.2e-05,1.0,1.37,0.3263,0.2713,0.6854,8.5e-05,6.5e-05
3,2024,climatology,ge15,1,3451352,294,17664,0,17664,294,3433394,0.0,0.0,0.0,0.0,1.0,0.005118,0.9949,0.0,0.0,0.0005,0.8683,8.5e-05,8.6e-05
3,2024,persistence,ge15,3,3451352,662,149,110,39,552,3450651,0.7383,0.1662,0.2713,0.1966,0.8338,1.1e-05,1.0,1.35,0.1569,0.1228,0.5831,0.000192,0.000171
3,2024,climatology,ge15,3,3451352,662,17664,0,17664,662,3433026,0.0,0.0,0.0,0.0,1.0,0.005119,0.9949,0.0,0.0,0.0014,0.8707,0.000192,0.000193
3,2024,persistence,ge15,6,3451352,1214,149,110,39,1104,3450099,0.7383,0.0906,0.1614,0.1099,0.9094,1.1e-05,1.0,1.35,0.0878,0.0672,0.5453,0.000352,0.000331
3,2024,climatology,ge15,6,3451352,1214,17664,0,17664,1214,3432474,0.0,0.0,0.0,0.0,1.0,0.00512,0.9949,0.0,0.0,0.0026,0.8693,0.000352,0.000354
3,2024,persistence,ge30,1,3451352,43,19,15,4,28,3451305,0.7895,0.3488,0.4839,0.3927,0.6512,1e-06,1.0,1.27,0.3191,0.2754,0.6744,1.2e-05,9e-06
3,2024,climatology,ge30,1,3451352,43,17472,0,17472,43,3433837,0.0,0.0,0.0,0.0,1.0,0.005062,0.9949,0.0,0.0,0.0001,0.8092,1.2e-05,1.3e-05
3,2024,persistence,ge30,3,3451352,99,19,15,4,84,3451249,0.7895,0.1515,0.2542,0.1807,0.8485,1e-06,1.0,1.27,0.1456,0.1196,0.5758,2.9e-05,2.5e-05
3,2024,climatology,ge30,3,3451352,99,17472,0,17472,99,3433781,0.0,0.0,0.0,0.0,1.0,0.005063,0.9949,0.0,0.0,0.0002,0.7952,2.9e-05,2.9e-05
3,2024,persistence,ge30,6,3451352,183,19,15,4,168,3451165,0.7895,0.082,0.1485,0.0999,0.918,1e-06,1.0,1.27,0.0802,0.0648,0.541,5.3e-05,5e-05
3,2024,climatology,ge30,6,3451352,183,17472,0,17472,183,3433697,0.0,0.0,0.0,0.0,1.0,0.005063,0.9949,0.0,0.0,0.0003,0.7912,5.3e-05,5.3e-05
4,2025,persistence,ge5,1,3348382,2798,1662,1435,227,1363,3345357,0.8634,0.5129,0.6435,0.5582,0.4871,6.8e-05,0.9999,1.16,0.4744,0.4432,0.7564,0.000836,0.000475
4,2025,climatology,ge5,1,3348382,2798,17664,159,17505,2639,3328079,0.009,0.0568,0.0155,0.0276,0.9432,0.005232,0.9948,111.09,0.0078,0.0021,0.6535,0.000836,0.000837
4,2025,persistence,ge5,3,3348382,5445,1662,1438,224,4007,3342713,0.8652,0.2641,0.4047,0.3067,0.7359,6.7e-05,0.9999,1.16,0.2537,0.2297,0.632,0.001626,0.001264
4,2025,climatology,ge5,3,3348382,5445,17664,24,17640,5421,3325297,0.0014,0.0044,0.0021,0.003,0.9956,0.005277,0.9947,736.0,0.001,0.0035,0.6593,0.001626,0.001629
4,2025,persistence,ge5,6,3348382,9329,1662,1442,220,7887,3338833,0.8676,0.1546,0.2624,0.185,0.8454,6.6e-05,0.9999,1.15,0.151,0.1365,0.5773,0.002786,0.002421
4,2025,climatology,ge5,6,3348382,9329,17664,36,17628,9293,3321425,0.002,0.0039,0.0027,0.0033,0.9961,0.005279,0.9947,490.67,0.0013,0.0059,0.6597,0.002786,0.002793
4,2025,persistence,ge15,1,3348382,881,518,430,88,451,3347413,0.8301,0.4881,0.6147,0.5319,0.5119,2.6e-05,1.0,1.2,0.4438,0.4053,0.744,0.000263,0.000161
4,2025,climatology,ge15,1,3348382,881,17664,20,17644,861,3329857,0.0011,0.0227,0.0022,0.0047,0.9773,0.005271,0.9947,883.2,0.0011,0.0006,0.6599,0.000263,0.000263
4,2025,persistence,ge15,3,3348382,1770,518,430,88,1340,3346524,0.8301,0.2429,0.3759,0.283,0.7571,2.6e-05,1.0,1.2,0.2314,0.2021,0.6215,0.000529,0.000426
4,2025,climatology,ge15,3,3348382,1770,17664,36,17628,1734,3328984,0.002,0.0203,0.0037,0.0073,0.9797,0.005267,0.9947,490.67,0.0019,0.0013,0.6674,0.000529,0.000529
4,2025,persistence,ge15,6,3348382,3087,518,432,86,2655,3345209,0.834,0.1399,0.2397,0.1679,0.8601,2.6e-05,1.0,1.2,0.1361,0.1175,0.57,0.000922,0.000819
4,2025,climatology,ge15,6,3348382,3087,17664,60,17604,3027,3327691,0.0034,0.0194,0.0058,0.01,0.9806,0.005262,0.9947,294.4,0.0029,0.0024,0.6694,0.000922,0.000923
4,2025,persistence,ge30,1,3348382,130,67,55,12,75,3348240,0.8209,0.4231,0.5584,0.4685,0.5769,4e-06,1.0,1.22,0.3873,0.3473,0.7115,3.9e-05,2.6e-05
4,2025,climatology,ge30,1,3348382,130,17376,0,17376,130,3330876,0.0,0.0,0.0,0.0,1.0,0.00519,0.9948,0.0,0.0,0.0001,0.6101,3.9e-05,3.9e-05
4,2025,persistence,ge30,3,3348382,275,67,55,12,220,3348095,0.8209,0.2,0.3216,0.2356,0.8,4e-06,1.0,1.22,0.1916,0.1642,0.6,8.2e-05,6.9e-05
4,2025,climatology,ge30,3,3348382,275,17376,0,17376,275,3330731,0.0,0.0,0.0,0.0,1.0,0.00519,0.9948,0.0,0.0,0.0002,0.6443,8.2e-05,8.2e-05
4,2025,persistence,ge30,6,3348382,491,67,55,12,436,3347879,0.8209,0.112,0.1971,0.1354,0.888,4e-06,1.0,1.22,0.1093,0.0921,0.556,0.000147,0.000134
4,2025,climatology,ge30,6,3348382,491,17664,28,17636,463,3330255,0.0016,0.057,0.0031,0.0071,0.943,0.005268,0.9947,630.86,0.0015,0.0004,0.6599,0.000147,0.000147
