station_code,tier_cm,start,end,peak_depth_cm,peak_time,duration_minutes,n_readings,year
FL.BBN.01,15.0,2019-04-26 10:30:00,2019-04-26 10:35:00,29.5,2019-04-26 10:30:00,10.0,2,2019
FL.BKE.02,15.0,2019-06-24 06:00:00,2019-06-24 08:10:00,35.8,2019-06-24 06:45:00,135.0,27,2019
FL.BKE.02,15.0,2019-06-24 21:55:00,2019-06-24 22:40:00,26.5,2019-06-24 22:25:00,50.0,10,2019
FL.BKM.01,15.0,2019-06-30 21:50:00,2019-07-01 07:00:00,33.2,2019-07-01 00:35:00,555.0,111,2019
FL.BKN.01,15.0,2019-06-07 14:40:00,2019-06-07 16:30:00,27.1,2019-06-07 15:35:00,115.0,23,2019
FL.BKN.01,15.0,2019-07-15 17:45:00,2019-07-15 18:50:00,25.7,2019-07-15 18:05:00,70.0,14,2019
FL.BKN.01,15.0,2019-09-14 18:20:00,2019-09-14 18:35:00,17.2,2019-09-14 18:25:00,20.0,4,2019
FL.BKN.02,15.0,2019-06-07 14:50:00,2019-06-07 16:50:00,21.2,2019-06-07 14:55:00,125.0,25,2019
FL.BNA.02,15.0,2019-09-19 20:50:00,2019-09-20 00:15:00,29.0,2019-09-19 21:45:00,210.0,42,2019
FL.BNA.02,15.0,2019-09-20 02:00:00,2019-09-20 03:55:00,33.2,2019-09-20 03:05:00,120.0,24,2019
FL.BNA.03,15.0,2019-01-09 19:30:00,2019-01-09 19:45:00,35.3,2019-01-09 19:35:00,20.0,4,2019
FL.BNA.03,15.0,2019-06-24 22:50:00,2019-06-24 23:15:00,21.5,2019-06-24 23:00:00,30.0,6,2019
FL.BNA.03,15.0,2019-10-05 12:10:00,2019-10-05 14:00:00,50.3,2019-10-05 12:45:00,115.0,23,2019
FL.BNA.04,15.0,2019-10-05 12:10:00,2019-10-05 13:00:00,24.1,2019-10-05 12:35:00,55.0,11,2019
FL.BRK.01,15.0,2019-06-07 15:10:00,2019-06-07 15:35:00,21.9,2019-06-07 15:15:00,30.0,6,2019
FL.BRK.01,15.0,2019-09-14 18:25:00,2019-09-14 18:55:00,21.6,2019-09-14 18:40:00,35.0,7,2019
FL.CTC.01,15.0,2019-06-07 14:45:00,2019-06-07 15:15:00,19.1,2019-06-07 14:45:00,35.0,7,2019
FL.CTC.01,15.0,2019-09-16 00:30:00,2019-09-16 01:05:00,18.3,2019-09-16 00:45:00,40.0,8,2019
FL.CTC.01,15.0,2019-11-03 21:05:00,2019-11-03 22:40:00,25.7,2019-11-03 21:50:00,100.0,20,2019
FL.CTC.02,15.0,2019-06-07 14:35:00,2019-06-07 17:30:00,44.0,2019-06-07 15:15:00,180.0,36,2019
FL.CTC.02,15.0,2019-09-16 00:10:00,2019-09-16 01:30:00,33.1,2019-09-16 00:30:00,85.0,17,2019
FL.CTC.03,15.0,2019-10-12 14:20:00,2019-10-12 14:30:00,23.5,2019-10-12 14:25:00,15.0,3,2019
FL.CTC.03,15.0,2019-11-03 20:55:00,2019-11-03 22:45:00,35.4,2019-11-03 21:25:00,115.0,23,2019
FL.CTC.04,15.0,2019-06-12 08:00:00,2019-06-12 08:55:00,21.9,2019-06-12 08:15:00,60.0,12,2019
FL.CTC.04,15.0,2019-06-13 08:10:00,2019-06-13 08:30:00,21.9,2019-06-13 08:30:00,25.0,5,2019
FL.CTC.04,15.0,2019-09-16 00:15:00,2019-09-16 01:25:00,21.3,2019-09-16 00:35:00,75.0,15,2019
FL.CTC.04,15.0,2019-11-03 21:00:00,2019-11-03 21:45:00,25.6,2019-11-03 21:30:00,50.0,10,2019
FL.CTC.05,15.0,2019-06-07 14:40:00,2019-06-07 18:30:00,33.6,2019-06-07 15:15:00,235.0,47,2019
FL.CTC.05,15.0,2019-11-15 22:15:00,2019-11-15 22:30:00,36.6,2019-11-15 22:20:00,20.0,4,2019
FL.CTC.05,15.0,2019-11-16 21:35:00,2019-11-17 04:15:00,63.6,2019-11-16 22:55:00,405.0,81,2019
FL.CTC.05,15.0,2019-11-21 22:35:00,2019-11-21 22:40:00,16.3,2019-11-21 22:40:00,10.0,2,2019
FL.CTC.05,15.0,2019-11-24 14:30:00,2019-11-24 21:30:00,51.3,2019-11-24 14:30:00,425.0,85,2019
FL.CTC.05,15.0,2019-12-27 16:15:00,2019-12-29 10:55:00,148.8,2019-12-29 10:50:00,2565.0,513,2019
FL.CTC.06,15.0,2019-06-10 14:20:00,2019-06-10 14:30:00,27.2,2019-06-10 14:20:00,15.0,3,2019
FL.CTC.07,15.0,2019-06-07 14:40:00,2019-06-07 14:55:00,19.7,2019-06-07 14:50:00,20.0,4,2019
FL.CTC.07,15.0,2019-09-14 17:30:00,2019-09-14 17:40:00,18.5,2019-09-14 17:35:00,15.0,3,2019
FL.CTC.07,15.0,2019-11-03 21:05:00,2019-11-03 21:50:00,24.9,2019-11-03 21:25:00,50.0,10,2019
FL.DDG.02,15.0,2019-06-07 14:30:00,2019-06-07 17:40:00,34.5,2019-06-07 15:20:00,195.0,39,2019
FL.DDG.02,15.0,2019-09-14 18:05:00,2019-09-14 18:10:00,16.1,2019-09-14 18:05:00,10.0,2,2019
FL.DDG.05,15.0,2019-06-07 15:00:00,2019-06-07 15:50:00,21.9,2019-06-07 15:15:00,55.0,11,2019
FL.DDG.06,15.0,2019-05-22 11:35:00,2019-05-22 11:40:00,30.5,2019-05-22 11:40:00,10.0,2,2019
FL.DDG.06,15.0,2019-06-07 14:20:00,2019-06-07 19:15:00,48.9,2019-06-07 15:20:00,300.0,60,2019
FL.DDG.07,15.0,2019-06-07 15:05:00,2019-06-07 16:20:00,26.8,2019-06-07 15:30:00,80.0,16,2019
FL.DDG.08,15.0,2019-06-07 15:15:00,2019-06-07 15:35:00,18.0,2019-06-07 15:15:00,25.0,5,2019
FL.HKG.01,15.0,2019-06-06 10:15:00,2019-06-06 10:20:00,30.1,2019-06-06 10:15:00,10.0,2,2019
FL.KTY.03,15.0,2019-01-08 12:00:00,2019-01-08 12:05:00,31.0,2019-01-08 12:00:00,10.0,2,2019
FL.KTY.04,15.0,2019-01-04 11:40:00,2019-01-04 11:50:00,28.9,2019-01-04 11:40:00,15.0,3,2019
FL.LSI.03,15.0,2019-09-17 18:35:00,2019-09-17 19:10:00,23.3,2019-09-17 18:45:00,40.0,8,2019
FL.LSI.03,15.0,2019-09-17 20:35:00,2019-09-17 21:40:00,32.8,2019-09-17 20:45:00,70.0,14,2019
FL.LSI.04,15.0,2019-04-26 14:25:00,2019-04-26 14:40:00,18.4,2019-04-26 14:35:00,20.0,4,2019
FL.LSI.04,15.0,2019-09-17 20:45:00,2019-09-17 21:25:00,21.6,2019-09-17 20:55:00,45.0,9,2019
FL.LSI.06,15.0,2019-04-08 09:50:00,2019-04-08 18:50:00,56.5,2019-04-08 14:30:00,545.0,109,2019
FL.LSI.06,15.0,2019-04-09 08:20:00,2019-04-09 09:45:00,33.4,2019-04-09 09:45:00,90.0,18,2019
FL.PTW.02,15.0,2019-06-07 15:05:00,2019-06-07 15:40:00,22.8,2019-06-07 15:15:00,40.0,8,2019
FL.PTW.05,15.0,2019-06-07 15:20:00,2019-06-07 15:35:00,18.9,2019-06-07 15:30:00,20.0,4,2019
FL.PTW.05,15.0,2019-09-16 00:30:00,2019-09-16 01:25:00,24.4,2019-09-16 00:50:00,60.0,12,2019
FL.PWT.02,15.0,2019-05-29 07:15:00,2019-05-29 07:20:00,17.2,2019-05-29 07:20:00,10.0,2,2019
FL.PWT.02,15.0,2019-07-13 00:50:00,2019-07-13 03:10:00,27.1,2019-07-13 01:05:00,145.0,29,2019
FL.PWT.02,15.0,2019-09-19 20:00:00,2019-09-20 10:20:00,43.2,2019-09-19 21:50:00,865.0,173,2019
FL.PWT.02,15.0,2019-09-20 12:00:00,2019-09-20 12:05:00,15.1,2019-09-20 12:00:00,10.0,2,2019
FL.PWT.02,15.0,2019-10-13 21:10:00,2019-10-13 21:20:00,17.9,2019-10-13 21:15:00,15.0,3,2019
FL.PYT.02,15.0,2019-06-07 14:35:00,2019-06-07 16:50:00,34.0,2019-06-07 15:10:00,140.0,28,2019
FL.PYT.02,15.0,2019-09-16 00:35:00,2019-09-16 00:40:00,16.6,2019-09-16 00:35:00,10.0,2,2019
FL.PYT.04,15.0,2019-06-07 14:35:00,2019-06-07 16:45:00,31.1,2019-06-07 15:00:00,135.0,27,2019
FL.PYT.06,15.0,2019-06-07 14:45:00,2019-06-07 16:40:00,28.3,2019-06-07 15:15:00,120.0,24,2019
FL.PYT.07,15.0,2019-11-30 00:45:00,2019-11-30 01:15:00,49.6,2019-11-30 00:45:00,35.0,7,2019
FL.PYT.07,15.0,2019-11-30 12:15:00,2019-11-30 18:05:00,18.4,2019-11-30 13:00:00,355.0,71,2019
FL.PYT.07,15.0,2019-12-03 04:50:00,2019-12-03 12:35:00,147.7,2019-12-03 12:35:00,470.0,94,2019
FL.PYT.07,15.0,2019-12-03 15:55:00,2019-12-04 09:30:00,142.4,2019-12-03 15:55:00,1060.0,212,2019
FL.RTW.01,15.0,2019-06-07 14:50:00,2019-06-07 17:00:00,36.0,2019-06-07 15:15:00,135.0,27,2019
FL.RTW.07,15.0,2019-03-08 12:25:00,2019-03-08 12:30:00,24.9,2019-03-08 12:25:00,10.0,2,2019
FL.RTW.07,15.0,2019-06-07 15:00:00,2019-06-07 15:10:00,16.7,2019-06-07 15:10:00,15.0,3,2019
FL.RTW.10,15.0,2019-06-07 14:40:00,2019-06-07 16:50:00,34.2,2019-06-07 15:30:00,135.0,27,2019
FL.RTW.10,15.0,2019-06-10 11:00:00,2019-06-10 11:05:00,27.3,2019-06-10 11:05:00,10.0,2,2019
FL.RTW.10,15.0,2019-09-16 00:30:00,2019-09-16 00:45:00,22.5,2019-09-16 00:35:00,20.0,4,2019
FL.RTW.10,15.0,2019-10-04 12:35:00,2019-10-04 13:05:00,23.8,2019-10-04 12:45:00,35.0,7,2019
FL.SLG.02,15.0,2019-04-23 11:10:00,2019-04-23 11:20:00,29.3,2019-04-23 11:15:00,15.0,3,2019
FL.SLG.02,15.0,2019-09-14 17:50:00,2019-09-14 20:25:00,26.2,2019-09-14 18:20:00,160.0,32,2019
FL.SLG.03,15.0,2019-04-23 00:20:00,2019-04-23 00:35:00,16.6,2019-04-23 00:25:00,20.0,4,2019
FL.SLG.03,15.0,2019-05-30 00:40:00,2019-05-30 01:00:00,19.9,2019-05-30 00:50:00,25.0,5,2019
FL.SLG.03,15.0,2019-09-14 17:45:00,2019-09-14 20:30:00,39.5,2019-09-14 18:10:00,170.0,34,2019
FL.SLG.03,15.0,2019-09-19 19:45:00,2019-09-19 23:15:00,34.6,2019-09-19 20:35:00,215.0,43,2019
FL.SLG.03,15.0,2019-09-21 12:40:00,2019-09-21 12:55:00,15.9,2019-09-21 12:45:00,20.0,4,2019
FL.SMI.01,15.0,2019-07-25 12:50:00,2019-07-25 12:55:00,31.3,2019-07-25 12:50:00,10.0,2,2019
FL.SMI.01,15.0,2019-09-15 23:50:00,2019-09-16 00:10:00,25.0,2019-09-16 00:00:00,25.0,5,2019
FL.SMI.01,15.0,2019-10-01 14:20:00,2019-10-01 17:00:00,51.5,2019-10-01 15:00:00,165.0,33,2019
FL.SMI.01,15.0,2019-10-04 13:25:00,2019-10-04 13:50:00,29.1,2019-10-04 13:35:00,30.0,6,2019
FL.SMI.01,15.0,2019-10-14 08:00:00,2019-10-14 08:15:00,21.4,2019-10-14 08:05:00,20.0,4,2019
FL.SPW.01,15.0,2019-06-07 14:55:00,2019-06-07 15:40:00,24.7,2019-06-07 15:20:00,50.0,10,2019
FL.SPW.01,15.0,2019-07-04 10:45:00,2019-07-04 10:55:00,29.1,2019-07-04 10:45:00,15.0,3,2019
FL.STN.02,15.0,2019-09-14 18:35:00,2019-09-14 19:35:00,27.4,2019-09-14 19:05:00,65.0,13,2019
FL.STN.02,15.0,2019-09-16 00:30:00,2019-09-16 01:25:00,25.9,2019-09-16 00:55:00,60.0,12,2019
FL.STN.02,15.0,2019-09-21 12:05:00,2019-09-21 13:15:00,28.1,2019-09-21 12:25:00,75.0,15,2019
FL.STN.02,15.0,2019-10-04 12:40:00,2019-10-04 12:50:00,15.8,2019-10-04 12:50:00,15.0,3,2019
FL.STN.03,15.0,2019-09-14 18:35:00,2019-09-14 19:45:00,25.0,2019-09-14 19:00:00,75.0,15,2019
FL.STN.04,15.0,2019-09-14 18:30:00,2019-09-14 19:15:00,22.8,2019-09-14 18:40:00,50.0,10,2019
FL.WTN.01,15.0,2019-02-04 11:10:00,2019-02-04 11:25:00,29.5,2019-02-04 11:10:00,20.0,4,2019
FL.BBN.01,15.0,2020-09-01 05:20:00,2020-09-01 06:05:00,21.1,2020-09-01 05:25:00,50.0,10,2020
FL.BBN.01,15.0,2020-09-28 21:25:00,2020-09-28 22:05:00,19.7,2020-09-28 21:40:00,45.0,9,2020
FL.BBN.01,15.0,2020-10-04 00:05:00,2020-10-04 00:10:00,15.7,2020-10-04 00:05:00,10.0,2,2020
FL.BBN.01,15.0,2020-10-06 15:50:00,2020-10-06 15:55:00,19.7,2020-10-06 15:50:00,10.0,2,2020
FL.BKE.01,15.0,2020-10-16 13:55:00,2020-10-16 14:15:00,17.6,2020-10-16 14:05:00,25.0,5,2020
FL.BKM.01,15.0,2020-08-06 08:35:00,2020-08-06 08:40:00,17.6,2020-08-06 08:40:00,10.0,2,2020
FL.BKM.01,15.0,2020-08-28 17:20:00,2020-08-28 17:25:00,18.1,2020-08-28 17:25:00,10.0,2,2020
FL.BKM.01,15.0,2020-09-27 21:00:00,2020-09-27 21:05:00,15.4,2020-09-27 21:00:00,10.0,2,2020
FL.BKM.02,15.0,2020-06-24 10:20:00,2020-06-24 10:25:00,17.3,2020-06-24 10:20:00,10.0,2,2020
FL.BKN.01,15.0,2020-09-01 05:30:00,2020-09-01 06:10:00,22.6,2020-09-01 05:45:00,45.0,9,2020
FL.BKN.01,15.0,2020-10-02 18:15:00,2020-10-02 18:35:00,19.9,2020-10-02 18:25:00,25.0,5,2020
FL.BKN.02,15.0,2020-09-01 05:35:00,2020-09-01 06:40:00,24.3,2020-09-01 05:55:00,70.0,14,2020
FL.BNA.03,15.0,2020-08-15 00:00:00,2020-08-15 06:35:00,24.7,2020-08-15 05:50:00,400.0,80,2020
FL.BNA.03,15.0,2020-09-01 05:00:00,2020-09-01 05:45:00,27.0,2020-09-01 05:20:00,50.0,10,2020
FL.BNA.03,15.0,2020-09-15 01:55:00,2020-09-15 02:10:00,20.6,2020-09-15 02:00:00,20.0,4,2020
FL.BNA.04,15.0,2020-05-31 01:40:00,2020-05-31 02:10:00,19.8,2020-05-31 01:55:00,35.0,7,2020
FL.BNA.04,15.0,2020-10-05 02:20:00,2020-10-05 03:35:00,32.5,2020-10-05 02:50:00,80.0,16,2020
FL.BRK.01,15.0,2020-07-24 15:05:00,2020-07-24 15:20:00,19.7,2020-07-24 15:15:00,20.0,4,2020
FL.BRK.01,15.0,2020-10-02 18:45:00,2020-10-02 19:15:00,16.2,2020-10-02 18:45:00,35.0,7,2020
FL.BRK.01,15.0,2020-11-21 12:10:00,2020-11-21 13:20:00,24.8,2020-11-21 12:30:00,75.0,15,2020
FL.CTC.01,15.0,2020-04-29 12:30:00,2020-04-29 12:45:00,16.0,2020-04-29 12:30:00,20.0,4,2020
FL.CTC.02,15.0,2020-04-29 12:15:00,2020-04-29 13:10:00,28.5,2020-04-29 12:45:00,60.0,12,2020
FL.CTC.02,15.0,2020-09-23 16:15:00,2020-09-23 17:10:00,28.5,2020-09-23 16:40:00,60.0,12,2020
FL.CTC.03,15.0,2020-04-25 13:20:00,2020-04-25 14:30:00,21.8,2020-04-25 13:30:00,75.0,15,2020
FL.CTC.03,15.0,2020-06-11 14:15:00,2020-06-11 14:20:00,16.3,2020-06-11 14:20:00,10.0,2,2020
FL.CTC.03,15.0,2020-06-12 13:25:00,2020-06-12 14:50:00,25.0,2020-06-12 14:25:00,90.0,18,2020
FL.CTC.03,15.0,2020-06-13 12:55:00,2020-06-13 15:20:00,30.4,2020-06-13 14:25:00,150.0,30,2020
FL.CTC.03,15.0,2020-06-20 12:35:00,2020-06-20 16:40:00,34.7,2020-06-20 14:30:00,250.0,50,2020
FL.CTC.04,15.0,2020-04-29 12:05:00,2020-04-29 12:55:00,24.4,2020-04-29 12:10:00,55.0,11,2020
FL.CTC.07,15.0,2020-04-25 13:35:00,2020-04-25 13:45:00,18.8,2020-04-25 13:35:00,15.0,3,2020
FL.CTC.07,15.0,2020-10-02 17:25:00,2020-10-02 18:20:00,23.6,2020-10-02 17:40:00,60.0,12,2020
FL.DDG.01,15.0,2020-09-23 15:40:00,2020-09-23 15:55:00,15.9,2020-09-23 15:55:00,20.0,4,2020
FL.DDG.01,15.0,2020-09-27 21:00:00,2020-09-27 21:10:00,17.7,2020-09-27 21:00:00,15.0,3,2020
FL.DDG.02,15.0,2020-04-29 11:55:00,2020-04-29 13:45:00,32.8,2020-04-29 12:15:00,115.0,23,2020
FL.DDG.02,15.0,2020-06-22 05:20:00,2020-06-22 05:40:00,20.0,2020-06-22 05:30:00,25.0,5,2020
FL.DDG.02,15.0,2020-09-01 03:50:00,2020-09-01 04:25:00,20.3,2020-09-01 04:05:00,40.0,8,2020
FL.DDG.02,15.0,2020-09-23 15:40:00,2020-09-23 18:00:00,33.1,2020-09-23 16:15:00,145.0,29,2020
FL.DDG.02,15.0,2020-09-27 20:55:00,2020-09-27 22:05:00,26.5,2020-09-27 21:15:00,75.0,15,2020
FL.DDG.02,15.0,2020-10-02 18:30:00,2020-10-02 19:20:00,19.4,2020-10-02 19:05:00,55.0,11,2020
FL.DDG.05,15.0,2020-04-29 12:10:00,2020-04-29 12:25:00,17.9,2020-04-29 12:20:00,20.0,4,2020
FL.DDG.05,15.0,2020-09-23 16:05:00,2020-09-23 16:10:00,18.1,2020-09-23 16:10:00,10.0,2,2020
FL.DDG.06,15.0,2020-04-29 12:05:00,2020-04-29 14:20:00,36.5,2020-04-29 12:35:00,140.0,28,2020
FL.DDG.07,15.0,2020-09-23 16:15:00,2020-09-23 17:00:00,19.9,2020-09-23 16:35:00,50.0,10,2020
FL.HKG.01,15.0,2020-09-01 03:40:00,2020-09-01 03:55:00,18.9,2020-09-01 03:45:00,20.0,4,2020
FL.HKG.01,15.0,2020-11-21 12:50:00,2020-11-21 14:00:00,22.5,2020-11-21 13:25:00,75.0,15,2020
FL.KTY.01,15.0,2020-08-15 17:55:00,2020-08-15 20:20:00,15.5,2020-08-15 18:25:00,150.0,30,2020
FL.KTY.01,15.0,2020-10-02 18:50:00,2020-10-02 20:00:00,23.2,2020-10-02 19:25:00,75.0,15,2020
FL.KTY.02,15.0,2020-10-02 19:00:00,2020-10-02 20:00:00,21.3,2020-10-02 19:20:00,65.0,13,2020
FL.KTY.04,15.0,2020-10-02 19:20:00,2020-10-02 20:55:00,18.4,2020-10-02 20:00:00,100.0,20,2020
FL.LSI.03,15.0,2020-02-07 13:45:00,2020-02-08 10:00:00,73.3,2020-02-08 05:55:00,1220.0,244,2020
FL.LSI.03,15.0,2020-02-26 11:20:00,2020-02-26 13:05:00,21.2,2020-02-26 11:20:00,110.0,22,2020
FL.LSI.03,15.0,2020-02-26 15:40:00,2020-02-27 09:55:00,28.0,2020-02-27 07:45:00,1100.0,220,2020
FL.LSI.03,15.0,2020-07-14 00:20:00,2020-07-14 00:45:00,20.8,2020-07-14 00:25:00,30.0,6,2020
FL.LSI.03,15.0,2020-10-03 12:35:00,2020-10-03 13:20:00,25.1,2020-10-03 13:00:00,50.0,10,2020
FL.LSI.04,15.0,2020-06-04 15:25:00,2020-06-04 16:20:00,23.2,2020-06-04 15:40:00,60.0,12,2020
FL.LSI.05,15.0,2020-06-04 15:50:00,2020-06-04 15:55:00,15.6,2020-06-04 15:50:00,10.0,2,2020
FL.PWT.02,15.0,2020-06-15 04:20:00,2020-06-15 04:45:00,22.5,2020-06-15 04:25:00,30.0,6,2020
FL.PWT.02,15.0,2020-08-12 19:10:00,2020-08-12 19:25:00,17.6,2020-08-12 19:25:00,20.0,4,2020
FL.PWT.02,15.0,2020-08-19 01:40:00,2020-08-19 02:25:00,26.1,2020-08-19 01:45:00,50.0,10,2020
FL.PWT.02,15.0,2020-08-28 17:15:00,2020-08-28 18:30:00,24.0,2020-08-28 17:30:00,80.0,16,2020
FL.PWT.02,15.0,2020-09-15 01:50:00,2020-09-15 02:20:00,22.0,2020-09-15 01:55:00,35.0,7,2020
FL.PWT.02,15.0,2020-10-02 19:05:00,2020-10-02 20:10:00,21.4,2020-10-02 19:20:00,70.0,14,2020
FL.PWT.02,15.0,2020-10-04 00:55:00,2020-10-04 07:50:00,32.2,2020-10-04 02:50:00,420.0,84,2020
FL.PWT.02,15.0,2020-10-05 02:35:00,2020-10-05 03:20:00,20.2,2020-10-05 02:55:00,50.0,10,2020
FL.PWT.02,15.0,2020-10-31 15:20:00,2020-10-31 16:00:00,21.9,2020-10-31 15:25:00,45.0,9,2020
FL.PYT.02,15.0,2020-04-18 12:15:00,2020-04-18 12:25:00,16.8,2020-04-18 12:20:00,15.0,3,2020
FL.PYT.02,15.0,2020-04-19 11:00:00,2020-04-19 11:30:00,20.4,2020-04-19 11:15:00,35.0,7,2020
FL.PYT.02,15.0,2020-04-19 13:40:00,2020-04-19 14:10:00,15.8,2020-04-19 13:45:00,35.0,7,2020
FL.PYT.02,15.0,2020-04-20 10:30:00,2020-04-20 14:25:00,19.3,2020-04-20 11:45:00,240.0,48,2020
FL.PYT.02,15.0,2020-04-21 10:10:00,2020-04-21 14:30:00,21.4,2020-04-21 11:25:00,265.0,53,2020
FL.PYT.02,15.0,2020-04-22 10:30:00,2020-04-22 15:00:00,23.4,2020-04-22 14:25:00,275.0,55,2020
FL.PYT.02,15.0,2020-04-23 10:50:00,2020-04-23 14:55:00,22.1,2020-04-23 14:15:00,250.0,50,2020
FL.PYT.02,15.0,2020-04-25 11:50:00,2020-04-25 11:55:00,15.6,2020-04-25 11:50:00,10.0,2,2020
FL.PYT.02,15.0,2020-04-26 10:10:00,2020-04-26 16:15:00,28.6,2020-04-26 14:05:00,370.0,74,2020
FL.PYT.02,15.0,2020-04-28 10:15:00,2020-04-28 15:10:00,26.9,2020-04-28 11:55:00,300.0,60,2020
FL.PYT.02,15.0,2020-04-30 10:00:00,2020-04-30 12:45:00,27.7,2020-04-30 10:40:00,170.0,34,2020
FL.PYT.02,15.0,2020-05-01 10:00:00,2020-05-01 10:25:00,21.0,2020-05-01 10:25:00,30.0,6,2020
FL.PYT.02,15.0,2020-06-20 10:00:00,2020-06-20 17:00:00,46.6,2020-06-20 13:30:00,425.0,85,2020
FL.PYT.02,15.0,2020-06-22 10:10:00,2020-06-22 11:55:00,31.4,2020-06-22 11:55:00,110.0,22,2020
FL.PYT.03,15.0,2020-09-23 16:25:00,2020-09-23 16:30:00,15.3,2020-09-23 16:30:00,10.0,2,2020
FL.PYT.06,15.0,2020-09-23 16:10:00,2020-09-23 18:00:00,28.8,2020-09-23 16:40:00,115.0,23,2020
FL.RTW.08,15.0,2020-07-24 06:40:00,2020-07-24 07:50:00,23.9,2020-07-24 06:55:00,75.0,15,2020
FL.RTW.10,15.0,2020-06-22 05:05:00,2020-06-22 05:25:00,24.8,2020-06-22 05:15:00,25.0,5,2020
FL.RTW.10,15.0,2020-07-24 06:50:00,2020-07-24 07:00:00,18.0,2020-07-24 07:00:00,15.0,3,2020
FL.RTW.10,15.0,2020-09-01 03:40:00,2020-09-01 04:00:00,25.1,2020-09-01 03:45:00,25.0,5,2020
FL.SLG.03,15.0,2020-06-22 05:20:00,2020-06-22 05:30:00,15.5,2020-06-22 05:30:00,15.0,3,2020
FL.SLG.03,15.0,2020-08-19 01:20:00,2020-08-19 02:15:00,21.5,2020-08-19 01:40:00,60.0,12,2020
FL.SLG.03,15.0,2020-08-28 17:00:00,2020-08-28 18:40:00,30.5,2020-08-28 17:35:00,105.0,21,2020
FL.SLG.03,15.0,2020-09-01 03:35:00,2020-09-01 04:45:00,24.9,2020-09-01 04:00:00,75.0,15,2020
FL.SLG.03,15.0,2020-10-02 18:25:00,2020-10-02 20:30:00,25.4,2020-10-02 19:25:00,130.0,26,2020
FL.SLG.03,15.0,2020-10-04 16:05:00,2020-10-04 17:15:00,27.1,2020-10-04 16:50:00,75.0,15,2020
FL.SLG.03,15.0,2020-10-31 15:25:00,2020-10-31 15:55:00,19.6,2020-10-31 15:45:00,35.0,7,2020
FL.SLG.03,15.0,2020-11-21 12:35:00,2020-11-21 13:35:00,26.4,2020-11-21 13:00:00,65.0,13,2020
FL.SMI.01,15.0,2020-03-15 10:45:00,2020-03-15 11:10:00,24.4,2020-03-15 11:00:00,30.0,6,2020
FL.SMI.01,15.0,2020-07-14 00:20:00,2020-07-14 03:05:00,46.1,2020-07-14 01:20:00,170.0,34,2020
FL.SMI.01,15.0,2020-07-16 17:40:00,2020-07-16 18:50:00,34.3,2020-07-16 18:05:00,75.0,15,2020
FL.SMI.01,15.0,2020-07-20 14:10:00,2020-07-20 15:00:00,28.7,2020-07-20 14:30:00,55.0,11,2020
FL.SMI.01,15.0,2020-08-28 16:50:00,2020-08-28 17:30:00,32.0,2020-08-28 17:10:00,45.0,9,2020
FL.SPW.02,15.0,2020-09-29 12:05:00,2020-09-29 12:10:00,17.2,2020-09-29 12:05:00,10.0,2,2020
FL.STN.01,15.0,2020-11-21 12:40:00,2020-11-21 12:45:00,23.9,2020-11-21 12:40:00,10.0,2,2020
FL.STN.02,15.0,2020-05-31 01:05:00,2020-05-31 02:35:00,26.0,2020-05-31 01:20:00,95.0,19,2020
FL.STN.02,15.0,2020-09-27 20:00:00,2020-09-27 21:15:00,28.2,2020-09-27 20:10:00,80.0,16,2020
FL.STN.02,15.0,2020-10-02 18:20:00,2020-10-02 21:05:00,37.3,2020-10-02 19:30:00,170.0,34,2020
FL.STN.02,15.0,2020-11-21 11:20:00,2020-11-21 14:45:00,38.2,2020-11-21 12:25:00,210.0,42,2020
FL.STN.02,15.0,2020-11-23 17:30:00,2020-11-23 17:45:00,19.8,2020-11-23 17:35:00,20.0,4,2020
FL.STN.03,15.0,2020-05-31 01:05:00,2020-05-31 02:45:00,27.3,2020-05-31 01:35:00,105.0,21,2020
FL.STN.03,15.0,2020-07-24 06:40:00,2020-07-24 08:00:00,22.8,2020-07-24 07:20:00,85.0,17,2020
FL.STN.03,15.0,2020-09-27 20:00:00,2020-09-27 21:00:00,20.8,2020-09-27 20:20:00,65.0,13,2020
FL.STN.03,15.0,2020-10-02 18:20:00,2020-10-02 21:05:00,34.2,2020-10-02 18:55:00,170.0,34,2020
FL.STN.03,15.0,2020-11-21 11:20:00,2020-11-21 14:30:00,36.8,2020-11-21 12:45:00,195.0,39,2020
FL.BBN.01,15.0,2021-07-14 08:30:00,2021-07-14 09:35:00,21.0,2021-07-14 08:45:00,70.0,14,2021
FL.BBN.01,15.0,2021-09-08 03:05:00,2021-09-08 03:25:00,17.2,2021-09-08 03:20:00,25.0,5,2021
FL.BBN.01,15.0,2021-09-19 15:55:00,2021-09-19 16:30:00,22.5,2021-09-19 16:00:00,40.0,8,2021
FL.BBN.01,15.0,2021-10-03 21:45:00,2021-10-03 22:00:00,17.8,2021-10-03 21:50:00,20.0,4,2021
FL.BBN.01,15.0,2021-10-07 14:30:00,2021-10-07 14:40:00,19.6,2021-10-07 14:35:00,15.0,3,2021
FL.BBN.02,15.0,2021-07-14 08:30:00,2021-07-14 09:50:00,24.2,2021-07-14 09:05:00,85.0,17,2021
FL.BKE.01,15.0,2021-07-01 22:20:00,2021-07-01 22:50:00,17.1,2021-07-01 22:20:00,35.0,7,2021
FL.BKE.01,15.0,2021-09-20 20:00:00,2021-09-20 20:30:00,18.6,2021-09-20 20:10:00,35.0,7,2021
FL.BKM.01,15.0,2021-08-21 06:00:00,2021-08-21 08:55:00,37.9,2021-08-21 07:00:00,180.0,36,2021
FL.BKM.01,15.0,2021-09-30 14:20:00,2021-09-30 14:35:00,20.5,2021-09-30 14:25:00,20.0,4,2021
FL.BKM.01,15.0,2021-10-02 14:45:00,2021-10-02 15:30:00,22.3,2021-10-02 15:10:00,50.0,10,2021
FL.BKM.01,15.0,2021-10-14 20:45:00,2021-10-14 20:55:00,18.2,2021-10-14 20:45:00,15.0,3,2021
FL.BKM.02,15.0,2021-08-21 06:15:00,2021-08-21 08:20:00,26.9,2021-08-21 06:40:00,130.0,26,2021
FL.BKM.02,15.0,2021-10-02 14:50:00,2021-10-02 15:40:00,23.9,2021-10-02 15:05:00,55.0,11,2021
FL.BKN.01,15.0,2021-07-01 22:15:00,2021-07-01 23:20:00,21.6,2021-07-01 22:45:00,70.0,14,2021
FL.BKN.01,15.0,2021-11-21 06:55:00,2021-11-21 07:30:00,18.0,2021-11-21 07:10:00,40.0,8,2021
FL.BKP.02,15.0,2021-04-25 05:55:00,2021-04-25 06:35:00,18.1,2021-04-25 06:05:00,45.0,9,2021
FL.BKP.02,15.0,2021-05-19 19:05:00,2021-05-19 21:15:00,32.6,2021-05-19 19:45:00,135.0,27,2021
FL.BKP.02,15.0,2021-07-02 18:10:00,2021-07-02 19:10:00,21.0,2021-07-02 18:40:00,65.0,13,2021
FL.BKP.02,15.0,2021-07-13 17:50:00,2021-07-13 18:35:00,19.5,2021-07-13 18:20:00,50.0,10,2021
FL.BKP.02,15.0,2021-08-11 23:50:00,2021-08-12 00:00:00,16.0,2021-08-11 23:50:00,15.0,3,2021
FL.BKP.02,15.0,2021-08-21 06:30:00,2021-08-21 06:40:00,16.9,2021-08-21 06:35:00,15.0,3,2021
FL.BKP.02,15.0,2021-08-27 14:40:00,2021-08-27 15:05:00,18.0,2021-08-27 15:05:00,30.0,6,2021
FL.BKP.02,15.0,2021-08-31 22:30:00,2021-08-31 23:10:00,17.8,2021-08-31 22:35:00,45.0,9,2021
FL.BKP.02,15.0,2021-10-02 15:30:00,2021-10-02 16:25:00,25.6,2021-10-02 15:45:00,60.0,12,2021
FL.BNA.01,15.0,2021-02-27 11:20:00,2021-02-27 11:25:00,15.1,2021-02-27 11:20:00,10.0,2,2021
FL.BNA.02,15.0,2021-05-19 20:15:00,2021-05-19 20:50:00,19.1,2021-05-19 20:15:00,40.0,8,2021
FL.BNA.03,15.0,2021-05-19 19:05:00,2021-05-19 21:35:00,47.1,2021-05-19 19:50:00,155.0,31,2021
FL.BNA.03,15.0,2021-10-15 06:10:00,2021-10-15 06:35:00,36.2,2021-10-15 06:25:00,30.0,6,2021
FL.BNA.03,15.0,2021-10-17 00:10:00,2021-10-17 00:40:00,30.8,2021-10-17 00:20:00,35.0,7,2021
FL.BNA.04,15.0,2021-08-21 07:05:00,2021-08-21 07:10:00,18.1,2021-08-21 07:05:00,10.0,2,2021
FL.BNA.04,15.0,2021-09-08 02:40:00,2021-09-08 03:05:00,20.1,2021-09-08 02:55:00,30.0,6,2021
FL.BNA.04,15.0,2021-10-15 06:10:00,2021-10-15 06:25:00,20.4,2021-10-15 06:20:00,20.0,4,2021
FL.BRK.01,15.0,2021-09-19 16:10:00,2021-09-19 16:30:00,19.7,2021-09-19 16:15:00,25.0,5,2021
FL.BRK.01,15.0,2021-11-01 17:20:00,2021-11-01 18:00:00,23.9,2021-11-01 17:35:00,45.0,9,2021
FL.CTC.01,15.0,2021-07-01 22:50:00,2021-07-02 00:10:00,26.2,2021-07-01 23:05:00,85.0,17,2021
FL.CTC.01,15.0,2021-08-31 22:05:00,2021-09-01 00:25:00,21.8,2021-08-31 23:25:00,145.0,29,2021
FL.CTC.01,15.0,2021-10-14 16:35:00,2021-10-14 19:40:00,31.0,2021-10-14 18:25:00,190.0,38,2021
FL.CTC.02,15.0,2021-02-10 10:55:00,2021-02-10 11:05:00,18.2,2021-02-10 10:55:00,15.0,3,2021
FL.CTC.02,15.0,2021-07-01 22:40:00,2021-07-01 23:20:00,20.9,2021-07-01 22:55:00,45.0,9,2021
FL.CTC.04,15.0,2021-08-28 11:30:00,2021-08-28 12:50:00,30.2,2021-08-28 11:55:00,85.0,17,2021
FL.CTC.04,15.0,2021-10-14 16:10:00,2021-10-14 18:30:00,36.9,2021-10-14 16:55:00,145.0,29,2021
FL.CTC.04,15.0,2021-10-30 17:25:00,2021-10-30 18:20:00,31.0,2021-10-30 17:45:00,60.0,12,2021
FL.CTC.07,15.0,2021-07-01 22:50:00,2021-07-01 23:20:00,20.5,2021-07-01 22:55:00,35.0,7,2021
FL.CTC.07,15.0,2021-10-14 16:20:00,2021-10-14 21:25:00,44.5,2021-10-14 18:05:00,310.0,62,2021
FL.DDG.01,15.0,2021-04-27 13:40:00,2021-04-27 14:05:00,20.6,2021-04-27 13:50:00,30.0,6,2021
FL.DDG.01,15.0,2021-05-19 18:10:00,2021-05-19 18:45:00,20.9,2021-05-19 18:20:00,40.0,8,2021
FL.DDG.01,15.0,2021-07-01 22:20:00,2021-07-01 22:55:00,25.5,2021-07-01 22:25:00,40.0,8,2021
FL.DDG.01,15.0,2021-07-13 17:30:00,2021-07-13 18:35:00,27.5,2021-07-13 17:35:00,70.0,14,2021
FL.DDG.01,15.0,2021-08-11 23:40:00,2021-08-11 23:45:00,18.4,2021-08-11 23:45:00,10.0,2,2021
FL.DDG.01,15.0,2021-08-13 18:30:00,2021-08-13 18:35:00,15.7,2021-08-13 18:35:00,10.0,2,2021
FL.DDG.01,15.0,2021-08-27 12:35:00,2021-08-27 13:05:00,27.8,2021-08-27 12:45:00,35.0,7,2021
FL.DDG.01,15.0,2021-08-31 21:50:00,2021-08-31 22:10:00,21.1,2021-08-31 22:00:00,25.0,5,2021
FL.DDG.01,15.0,2021-10-02 14:05:00,2021-10-02 15:35:00,28.9,2021-10-02 14:35:00,95.0,19,2021
FL.DDG.01,15.0,2021-10-14 20:20:00,2021-10-14 20:30:00,19.2,2021-10-14 20:20:00,15.0,3,2021
FL.DDG.02,15.0,2021-04-27 14:00:00,2021-04-27 14:55:00,20.8,2021-04-27 14:20:00,60.0,12,2021
FL.DDG.02,15.0,2021-05-19 18:25:00,2021-05-19 20:35:00,26.3,2021-05-19 18:35:00,135.0,27,2021
FL.DDG.02,15.0,2021-07-01 22:15:00,2021-07-02 00:35:00,32.5,2021-07-01 22:45:00,145.0,29,2021
FL.DDG.02,15.0,2021-07-13 18:10:00,2021-07-13 18:45:00,19.4,2021-07-13 18:20:00,40.0,8,2021
FL.DDG.02,15.0,2021-08-27 12:40:00,2021-08-27 13:55:00,27.5,2021-08-27 12:50:00,80.0,16,2021
FL.DDG.02,15.0,2021-08-31 21:10:00,2021-08-31 23:25:00,29.4,2021-08-31 22:05:00,140.0,28,2021
FL.DDG.02,15.0,2021-10-02 14:30:00,2021-10-02 16:20:00,30.9,2021-10-02 15:30:00,115.0,23,2021
FL.DDG.05,15.0,2021-10-02 15:05:00,2021-10-02 15:15:00,16.1,2021-10-02 15:15:00,15.0,3,2021
FL.DDG.06,15.0,2021-05-19 18:25:00,2021-05-19 20:55:00,28.3,2021-05-19 20:00:00,155.0,31,2021
FL.DDG.06,15.0,2021-07-01 22:15:00,2021-07-02 02:00:00,47.6,2021-07-01 23:10:00,230.0,46,2021
FL.DDG.06,15.0,2021-08-27 12:40:00,2021-08-27 13:00:00,19.8,2021-08-27 12:45:00,25.0,5,2021
FL.DDG.06,15.0,2021-08-31 21:10:00,2021-09-01 00:40:00,41.7,2021-08-31 22:35:00,215.0,43,2021
FL.DDG.06,15.0,2021-10-02 14:35:00,2021-10-02 16:40:00,35.5,2021-10-02 15:10:00,130.0,26,2021
FL.DDG.07,15.0,2021-05-19 20:50:00,2021-05-19 22:00:00,27.4,2021-05-19 20:50:00,75.0,15,2021
FL.DDG.07,15.0,2021-08-31 21:35:00,2021-09-01 00:15:00,43.5,2021-08-31 22:40:00,165.0,33,2021
FL.DDG.08,15.0,2021-02-17 13:30:00,2021-02-17 13:35:00,15.5,2021-02-17 13:30:00,10.0,2,2021
FL.DST.06,15.0,2021-08-28 11:15:00,2021-08-28 11:50:00,19.8,2021-08-28 11:25:00,40.0,8,2021
FL.DST.06,15.0,2021-08-31 21:30:00,2021-08-31 22:20:00,20.4,2021-08-31 21:50:00,55.0,11,2021
FL.DST.07,15.0,2021-08-31 21:00:00,2021-08-31 21:55:00,18.9,2021-08-31 21:45:00,60.0,12,2021
FL.HKG.01,15.0,2021-04-27 13:45:00,2021-04-27 14:40:00,19.6,2021-04-27 14:20:00,60.0,12,2021
FL.JTG.01,15.0,2021-07-14 08:45:00,2021-07-14 09:20:00,18.6,2021-07-14 09:00:00,40.0,8,2021
FL.KTY.01,15.0,2021-02-23 13:25:00,2021-02-23 13:30:00,16.1,2021-02-23 13:25:00,10.0,2,2021
FL.LSI.02,15.0,2021-10-14 16:10:00,2021-10-14 17:25:00,21.5,2021-10-14 16:10:00,80.0,16,2021
FL.LSI.03,15.0,2021-08-27 13:15:00,2021-08-27 13:30:00,16.9,2021-08-27 13:20:00,20.0,4,2021
FL.LSI.03,15.0,2021-09-19 15:30:00,2021-09-19 17:15:00,33.2,2021-09-19 15:45:00,110.0,22,2021
FL.LSI.04,15.0,2021-09-19 15:30:00,2021-09-19 16:25:00,23.0,2021-09-19 15:55:00,60.0,12,2021
FL.PTW.01,15.0,2021-05-19 19:10:00,2021-05-19 19:55:00,21.9,2021-05-19 19:20:00,50.0,10,2021
FL.PWT.02,15.0,2021-02-10 01:35:00,2021-02-10 03:30:00,26.6,2021-02-10 01:50:00,120.0,24,2021
FL.PWT.02,15.0,2021-04-25 06:25:00,2021-04-25 06:30:00,19.3,2021-04-25 06:25:00,10.0,2,2021
FL.PWT.02,15.0,2021-05-19 19:10:00,2021-05-20 00:40:00,24.1,2021-05-19 21:55:00,335.0,67,2021
FL.PWT.02,15.0,2021-06-28 18:00:00,2021-06-28 18:35:00,19.5,2021-06-28 18:00:00,40.0,8,2021
FL.PWT.02,15.0,2021-07-01 23:00:00,2021-07-01 23:35:00,20.7,2021-07-01 23:05:00,40.0,8,2021
FL.PWT.02,15.0,2021-07-10 23:35:00,2021-07-11 05:00:00,25.9,2021-07-10 23:55:00,330.0,66,2021
FL.PWT.02,15.0,2021-08-21 06:35:00,2021-08-21 07:55:00,26.4,2021-08-21 06:50:00,85.0,17,2021
FL.PWT.02,15.0,2021-08-22 08:30:00,2021-08-22 08:35:00,17.1,2021-08-22 08:30:00,10.0,2,2021
FL.PWT.02,15.0,2021-09-16 08:05:00,2021-09-16 08:10:00,17.2,2021-09-16 08:05:00,10.0,2,2021
FL.PYT.01,15.0,2021-08-31 21:55:00,2021-08-31 22:05:00,17.0,2021-08-31 21:55:00,15.0,3,2021
FL.PYT.02,15.0,2021-07-01 22:30:00,2021-07-01 23:35:00,24.1,2021-07-01 22:40:00,70.0,14,2021
FL.PYT.04,15.0,2021-07-01 22:50:00,2021-07-01 22:55:00,16.1,2021-07-01 22:50:00,10.0,2,2021
FL.PYT.04,15.0,2021-08-31 22:00:00,2021-08-31 22:05:00,17.1,2021-08-31 22:00:00,10.0,2,2021
FL.PYT.05,15.0,2021-07-01 22:45:00,2021-07-01 22:50:00,18.0,2021-07-01 22:45:00,10.0,2,2021
FL.PYT.05,15.0,2021-08-31 21:40:00,2021-08-31 23:25:00,23.3,2021-08-31 22:05:00,110.0,22,2021
FL.PYT.06,15.0,2021-07-01 22:50:00,2021-07-01 23:20:00,20.1,2021-07-01 23:00:00,35.0,7,2021
FL.PYT.06,15.0,2021-08-31 21:55:00,2021-08-31 22:45:00,21.1,2021-08-31 22:20:00,55.0,11,2021
FL.RTW.01,15.0,2021-04-12 13:00:00,2021-04-12 13:25:00,24.9,2021-04-12 13:10:00,30.0,6,2021
FL.RTW.01,15.0,2021-05-19 18:55:00,2021-05-19 20:05:00,29.0,2021-05-19 19:25:00,75.0,15,2021
FL.RTW.01,15.0,2021-05-29 00:20:00,2021-05-29 00:30:00,16.8,2021-05-29 00:25:00,15.0,3,2021
FL.RTW.01,15.0,2021-07-10 23:25:00,2021-07-10 23:50:00,18.3,2021-07-10 23:40:00,30.0,6,2021
FL.RTW.05,15.0,2021-05-19 19:05:00,2021-05-19 19:25:00,17.1,2021-05-19 19:10:00,25.0,5,2021
FL.RTW.05,15.0,2021-09-19 16:00:00,2021-09-19 16:20:00,18.1,2021-09-19 16:15:00,25.0,5,2021
FL.RTW.09,15.0,2021-08-12 00:40:00,2021-08-12 01:00:00,20.8,2021-08-12 00:45:00,25.0,5,2021
FL.RTW.10,15.0,2021-04-12 13:00:00,2021-04-12 13:20:00,24.0,2021-04-12 13:10:00,25.0,5,2021
FL.RTW.10,15.0,2021-05-19 19:00:00,2021-05-19 19:55:00,26.5,2021-05-19 19:10:00,60.0,12,2021
FL.RTW.10,15.0,2021-09-19 16:00:00,2021-09-19 16:25:00,25.7,2021-09-19 16:05:00,30.0,6,2021
FL.SLG.02,15.0,2021-05-19 19:45:00,2021-05-19 20:00:00,17.5,2021-05-19 20:00:00,20.0,4,2021
FL.SLG.02,15.0,2021-10-02 15:05:00,2021-10-02 15:40:00,18.7,2021-10-02 15:10:00,40.0,8,2021
FL.SLG.03,15.0,2021-02-09 13:20:00,2021-02-09 14:00:00,24.5,2021-02-09 13:40:00,45.0,9,2021
FL.SLG.03,15.0,2021-03-09 14:50:00,2021-03-09 14:55:00,16.0,2021-03-09 14:50:00,10.0,2,2021
FL.SLG.03,15.0,2021-05-19 18:40:00,2021-05-19 22:15:00,30.7,2021-05-19 20:25:00,220.0,44,2021
FL.SLG.03,15.0,2021-08-11 23:25:00,2021-08-11 23:55:00,21.5,2021-08-11 23:40:00,35.0,7,2021
FL.SLG.03,15.0,2021-10-02 15:15:00,2021-10-02 15:45:00,21.4,2021-10-02 15:25:00,35.0,7,2021
FL.SMI.01,15.0,2021-08-26 16:10:00,2021-08-26 16:25:00,22.5,2021-08-26 16:20:00,20.0,4,2021
FL.SMI.01,15.0,2021-08-27 13:30:00,2021-08-27 13:50:00,25.1,2021-08-27 13:40:00,25.0,5,2021
FL.SMI.01,15.0,2021-09-20 20:35:00,2021-09-20 22:20:00,34.7,2021-09-20 21:40:00,110.0,22,2021
FL.SMI.01,15.0,2021-09-21 00:40:00,2021-09-21 00:55:00,18.5,2021-09-21 00:45:00,20.0,4,2021
FL.SMI.01,15.0,2021-10-02 15:25:00,2021-10-02 16:00:00,26.7,2021-10-02 15:35:00,40.0,8,2021
FL.SMI.01,15.0,2021-10-06 16:40:00,2021-10-06 16:50:00,22.2,2021-10-06 16:45:00,15.0,3,2021
FL.STN.01,15.0,2021-09-19 15:40:00,2021-09-19 19:10:00,45.4,2021-09-19 17:30:00,215.0,43,2021
FL.STN.01,15.0,2021-11-01 17:15:00,2021-11-01 17:45:00,21.6,2021-11-01 17:30:00,35.0,7,2021
FL.STN.02,15.0,2021-02-09 12:40:00,2021-02-09 16:00:00,44.9,2021-02-09 13:15:00,205.0,41,2021
FL.STN.02,15.0,2021-05-03 13:55:00,2021-05-03 14:30:00,23.6,2021-05-03 14:00:00,40.0,8,2021
FL.STN.02,15.0,2021-09-19 15:40:00,2021-09-19 19:05:00,42.8,2021-09-19 16:35:00,210.0,42,2021
FL.STN.02,15.0,2021-11-01 17:10:00,2021-11-01 18:00:00,26.4,2021-11-01 17:25:00,55.0,11,2021
FL.STN.03,15.0,2021-05-03 13:55:00,2021-05-03 14:20:00,18.9,2021-05-03 14:00:00,30.0,6,2021
FL.STN.03,15.0,2021-09-09 10:40:00,2021-09-09 11:25:00,19.8,2021-09-09 10:55:00,50.0,10,2021
FL.STN.03,15.0,2021-09-19 15:40:00,2021-09-19 19:15:00,44.2,2021-09-19 16:45:00,220.0,44,2021
FL.STN.03,15.0,2021-11-01 17:10:00,2021-11-01 18:20:00,27.1,2021-11-01 17:40:00,75.0,15,2021
FL.STN.04,15.0,2021-04-27 13:45:00,2021-04-27 14:45:00,28.5,2021-04-27 13:55:00,65.0,13,2021
FL.STN.04,15.0,2021-05-19 19:10:00,2021-05-19 20:00:00,24.2,2021-05-19 19:25:00,55.0,11,2021
FL.STN.04,15.0,2021-09-19 15:45:00,2021-09-19 17:20:00,30.0,2021-09-19 16:20:00,100.0,20,2021
FL.STN.04,15.0,2021-11-01 17:30:00,2021-11-01 17:50:00,19.4,2021-11-01 17:30:00,25.0,5,2021
FL.WTL.02,15.0,2021-08-21 07:10:00,2021-08-21 07:30:00,16.5,2021-08-21 07:30:00,25.0,5,2021
FL.WTN.02,15.0,2021-04-27 14:10:00,2021-04-27 14:30:00,21.0,2021-04-27 14:25:00,25.0,5,2021
FL.BBN.01,15.0,2022-05-28 17:35:00,2022-05-28 17:45:00,17.5,2022-05-28 17:45:00,15.0,3,2022
FL.BBN.01,15.0,2022-06-19 19:15:00,2022-06-19 19:35:00,18.8,2022-06-19 19:25:00,25.0,5,2022
FL.BBN.01,15.0,2022-06-24 21:00:00,2022-06-24 21:55:00,21.3,2022-06-24 21:15:00,60.0,12,2022
FL.BBN.01,15.0,2022-06-28 17:40:00,2022-06-28 18:05:00,20.3,2022-06-28 17:50:00,30.0,6,2022
FL.BBN.01,15.0,2022-07-20 22:40:00,2022-07-20 22:50:00,20.8,2022-07-20 22:50:00,15.0,3,2022
FL.BBN.01,15.0,2022-10-03 15:00:00,2022-10-03 15:05:00,15.5,2022-10-03 15:05:00,10.0,2,2022
FL.BBN.02,15.0,2022-06-24 21:25:00,2022-06-24 22:00:00,19.3,2022-06-24 21:40:00,40.0,8,2022
FL.BBN.02,15.0,2022-07-20 22:45:00,2022-07-20 23:20:00,19.3,2022-07-20 22:55:00,40.0,8,2022
FL.BKE.01,15.0,2022-02-04 18:55:00,2022-02-04 19:20:00,18.6,2022-02-04 19:05:00,30.0,6,2022
FL.BKE.01,15.0,2022-07-20 22:35:00,2022-07-20 23:05:00,19.6,2022-07-20 22:50:00,35.0,7,2022
FL.BKE.01,15.0,2022-09-22 05:00:00,2022-09-22 05:30:00,19.6,2022-09-22 05:15:00,35.0,7,2022
FL.BKM.01,15.0,2022-06-28 18:30:00,2022-06-28 18:35:00,17.0,2022-06-28 18:35:00,10.0,2,2022
FL.BKM.01,15.0,2022-07-20 19:50:00,2022-07-21 04:30:00,31.0,2022-07-20 20:10:00,525.0,105,2022
FL.BKM.01,15.0,2022-07-28 11:05:00,2022-07-28 11:40:00,20.5,2022-07-28 11:10:00,40.0,8,2022
FL.BKM.01,15.0,2022-08-01 12:25:00,2022-08-01 14:00:00,20.3,2022-08-01 13:15:00,100.0,20,2022
FL.BKM.01,15.0,2022-08-01 22:30:00,2022-08-02 01:30:00,28.0,2022-08-01 23:30:00,185.0,37,2022
FL.BKM.01,15.0,2022-08-11 15:35:00,2022-08-11 15:45:00,17.3,2022-08-11 15:45:00,15.0,3,2022
FL.BKM.01,15.0,2022-09-10 01:05:00,2022-09-10 03:55:00,32.3,2022-09-10 01:55:00,175.0,35,2022
FL.BKM.01,15.0,2022-09-26 04:05:00,2022-09-26 05:00:00,24.4,2022-09-26 04:20:00,60.0,12,2022
FL.BKM.02,15.0,2022-05-18 00:50:00,2022-05-18 00:55:00,15.3,2022-05-18 00:55:00,10.0,2,2022
FL.BKM.02,15.0,2022-08-01 12:35:00,2022-08-01 13:55:00,20.0,2022-08-01 13:25:00,85.0,17,2022
FL.BKM.02,15.0,2022-09-27 12:45:00,2022-09-27 13:00:00,24.8,2022-09-27 12:55:00,20.0,4,2022
FL.BKN.01,15.0,2022-02-14 11:45:00,2022-02-14 11:55:00,16.2,2022-02-14 11:50:00,15.0,3,2022
FL.BKN.01,15.0,2022-04-26 11:50:00,2022-04-26 12:35:00,19.7,2022-04-26 12:15:00,50.0,10,2022
FL.BKN.01,15.0,2022-04-30 15:10:00,2022-04-30 15:40:00,19.6,2022-04-30 15:20:00,35.0,7,2022
FL.BKN.01,15.0,2022-05-17 22:20:00,2022-05-18 00:45:00,21.5,2022-05-17 22:50:00,150.0,30,2022
FL.BKN.01,15.0,2022-06-08 15:35:00,2022-06-08 16:00:00,17.9,2022-06-08 15:45:00,30.0,6,2022
FL.BKN.01,15.0,2022-06-28 17:35:00,2022-06-28 18:15:00,17.1,2022-06-28 17:50:00,45.0,9,2022
FL.BKN.01,15.0,2022-07-01 19:05:00,2022-07-01 19:25:00,16.9,2022-07-01 19:05:00,25.0,5,2022
FL.BKN.01,15.0,2022-08-01 11:40:00,2022-08-01 12:30:00,17.8,2022-08-01 12:15:00,55.0,11,2022
FL.BKP.02,15.0,2022-09-13 14:40:00,2022-09-13 17:10:00,32.7,2022-09-13 15:15:00,155.0,31,2022
FL.BNA.02,15.0,2022-07-20 22:15:00,2022-07-21 07:50:00,23.6,2022-07-21 03:40:00,580.0,116,2022
FL.BNA.02,15.0,2022-07-21 09:25:00,2022-07-21 19:30:00,25.1,2022-07-21 15:50:00,610.0,122,2022
FL.BNA.03,15.0,2022-05-17 22:35:00,2022-05-18 00:40:00,32.7,2022-05-17 22:55:00,130.0,26,2022
FL.BNA.03,15.0,2022-06-19 19:35:00,2022-06-19 20:40:00,30.0,2022-06-19 20:00:00,70.0,14,2022
FL.BNA.03,15.0,2022-07-20 21:55:00,2022-07-21 01:50:00,46.2,2022-07-20 22:45:00,240.0,48,2022
FL.BNA.03,15.0,2022-09-13 14:45:00,2022-09-13 16:10:00,36.1,2022-09-13 15:30:00,90.0,18,2022
FL.BNA.03,15.0,2022-10-03 13:40:00,2022-10-03 18:25:00,50.9,2022-10-03 14:45:00,290.0,58,2022
FL.BNA.04,15.0,2022-05-17 23:25:00,2022-05-17 23:55:00,21.2,2022-05-17 23:40:00,35.0,7,2022
FL.BNA.04,15.0,2022-07-20 22:00:00,2022-07-20 22:40:00,20.5,2022-07-20 22:30:00,45.0,9,2022
FL.BNA.04,15.0,2022-08-15 20:20:00,2022-08-15 20:45:00,19.1,2022-08-15 20:30:00,30.0,6,2022
FL.BNA.04,15.0,2022-09-13 15:10:00,2022-09-13 16:00:00,18.1,2022-09-13 15:35:00,55.0,11,2022
FL.BNA.04,15.0,2022-10-23 00:35:00,2022-10-23 01:20:00,20.4,2022-10-23 00:55:00,50.0,10,2022
FL.BRK.01,15.0,2022-07-20 22:45:00,2022-07-20 23:20:00,19.9,2022-07-20 22:55:00,40.0,8,2022
FL.BRK.01,15.0,2022-08-15 19:55:00,2022-08-15 20:20:00,20.6,2022-08-15 20:00:00,30.0,6,2022
FL.BRK.01,15.0,2022-10-09 18:55:00,2022-10-09 19:50:00,26.9,2022-10-09 19:10:00,60.0,12,2022
FL.BRK.02,15.0,2022-06-13 00:25:00,2022-06-13 00:50:00,40.7,2022-06-13 00:50:00,30.0,6,2022
FL.BRK.02,15.0,2022-07-20 22:50:00,2022-07-20 23:25:00,19.9,2022-07-20 23:10:00,40.0,8,2022
FL.CTC.01,15.0,2022-05-17 23:55:00,2022-05-18 05:45:00,38.4,2022-05-18 00:50:00,355.0,71,2022
FL.CTC.01,15.0,2022-09-12 16:50:00,2022-09-12 18:00:00,24.7,2022-09-12 17:20:00,75.0,15,2022
FL.CTC.01,15.0,2022-10-03 15:30:00,2022-10-03 19:55:00,31.6,2022-10-03 18:00:00,270.0,54,2022
FL.CTC.03,15.0,2022-05-17 23:30:00,2022-05-18 02:15:00,46.5,2022-05-17 23:55:00,170.0,34,2022
FL.CTC.03,15.0,2022-09-10 01:05:00,2022-09-10 02:50:00,33.2,2022-09-10 01:55:00,110.0,22,2022
FL.CTC.03,15.0,2022-09-10 18:55:00,2022-09-10 19:20:00,31.2,2022-09-10 19:15:00,30.0,6,2022
FL.CTC.03,15.0,2022-10-03 15:40:00,2022-10-03 16:05:00,28.7,2022-10-03 15:40:00,30.0,6,2022
FL.CTC.04,15.0,2022-05-17 23:40:00,2022-05-17 23:50:00,16.1,2022-05-17 23:45:00,15.0,3,2022
FL.CTC.04,15.0,2022-05-18 02:50:00,2022-05-18 04:25:00,20.5,2022-05-18 03:20:00,100.0,20,2022
FL.CTC.04,15.0,2022-09-12 16:45:00,2022-09-12 17:15:00,20.9,2022-09-12 17:00:00,35.0,7,2022
FL.CTC.04,15.0,2022-10-03 14:50:00,2022-10-03 17:50:00,31.1,2022-10-03 16:05:00,185.0,37,2022
FL.CTC.07,15.0,2022-05-09 16:20:00,2022-05-09 16:30:00,18.2,2022-05-09 16:20:00,15.0,3,2022
FL.CTC.07,15.0,2022-05-17 19:15:00,2022-05-17 19:30:00,18.1,2022-05-17 19:25:00,20.0,4,2022
FL.CTC.07,15.0,2022-05-17 23:15:00,2022-05-18 04:10:00,41.7,2022-05-18 00:25:00,300.0,60,2022
FL.CTC.07,15.0,2022-09-06 20:55:00,2022-09-06 21:05:00,17.7,2022-09-06 20:55:00,15.0,3,2022
FL.CTC.07,15.0,2022-09-10 18:50:00,2022-09-10 19:30:00,22.6,2022-09-10 19:00:00,45.0,9,2022
FL.CTC.07,15.0,2022-09-12 16:25:00,2022-09-12 17:10:00,29.2,2022-09-12 16:35:00,50.0,10,2022
FL.CTC.07,15.0,2022-10-03 14:40:00,2022-10-03 18:25:00,51.4,2022-10-03 16:00:00,230.0,46,2022
FL.DDG.01,15.0,2022-02-04 18:40:00,2022-02-04 18:55:00,20.3,2022-02-04 18:55:00,20.0,4,2022
FL.DDG.01,15.0,2022-03-03 11:35:00,2022-03-03 12:05:00,28.3,2022-03-03 11:45:00,35.0,7,2022
FL.DDG.01,15.0,2022-03-20 14:35:00,2022-03-20 15:15:00,27.8,2022-03-20 14:55:00,45.0,9,2022
FL.DDG.01,15.0,2022-05-17 16:20:00,2022-05-17 16:45:00,24.0,2022-05-17 16:30:00,30.0,6,2022
FL.DDG.01,15.0,2022-07-01 19:05:00,2022-07-01 19:30:00,25.2,2022-07-01 19:20:00,30.0,6,2022
FL.DDG.01,15.0,2022-07-20 19:20:00,2022-07-20 19:55:00,28.4,2022-07-20 19:40:00,40.0,8,2022
FL.DDG.01,15.0,2022-07-20 21:10:00,2022-07-20 21:25:00,17.8,2022-07-20 21:20:00,20.0,4,2022
FL.DDG.01,15.0,2022-07-20 22:50:00,2022-07-21 01:30:00,27.5,2022-07-21 01:10:00,165.0,33,2022
FL.DDG.01,15.0,2022-07-21 03:30:00,2022-07-21 04:50:00,20.8,2022-07-21 04:25:00,85.0,17,2022
FL.DDG.02,15.0,2022-03-20 14:50:00,2022-03-20 15:50:00,26.3,2022-03-20 15:05:00,65.0,13,2022
FL.DDG.02,15.0,2022-06-28 18:00:00,2022-06-28 18:40:00,18.6,2022-06-28 18:15:00,45.0,9,2022
FL.DDG.02,15.0,2022-07-01 19:05:00,2022-07-01 20:25:00,30.8,2022-07-01 19:15:00,85.0,17,2022
FL.DDG.02,15.0,2022-07-20 19:35:00,2022-07-20 23:20:00,21.9,2022-07-20 20:15:00,230.0,46,2022
FL.DDG.02,15.0,2022-09-06 20:50:00,2022-09-06 20:55:00,18.4,2022-09-06 20:50:00,10.0,2,2022
FL.DDG.02,15.0,2022-09-12 16:30:00,2022-09-12 16:50:00,19.2,2022-09-12 16:35:00,25.0,5,2022
FL.DDG.03,15.0,2022-05-18 00:55:00,2022-05-18 01:05:00,16.4,2022-05-18 01:00:00,15.0,3,2022
FL.DDG.03,15.0,2022-09-12 16:45:00,2022-09-12 17:20:00,18.2,2022-09-12 17:10:00,40.0,8,2022
FL.DDG.05,15.0,2022-05-17 16:20:00,2022-05-17 16:30:00,16.5,2022-05-17 16:30:00,15.0,3,2022
FL.DDG.05,15.0,2022-07-20 22:35:00,2022-07-21 04:00:00,25.4,2022-07-21 01:25:00,330.0,66,2022
FL.DDG.05,15.0,2022-09-10 19:40:00,2022-09-10 19:45:00,16.2,2022-09-10 19:40:00,10.0,2,2022
FL.DDG.06,15.0,2022-07-01 19:00:00,2022-07-01 19:10:00,17.2,2022-07-01 19:05:00,15.0,3,2022
FL.DDG.06,15.0,2022-07-01 21:05:00,2022-07-01 21:40:00,26.9,2022-07-01 21:10:00,40.0,8,2022
FL.DDG.06,15.0,2022-07-20 19:30:00,2022-07-21 01:20:00,38.1,2022-07-20 21:35:00,355.0,71,2022
FL.DDG.06,15.0,2022-08-11 15:30:00,2022-08-11 15:40:00,16.8,2022-08-11 15:40:00,15.0,3,2022
FL.DDG.06,15.0,2022-09-06 20:30:00,2022-09-07 00:35:00,45.6,2022-09-06 21:25:00,250.0,50,2022
FL.DDG.06,15.0,2022-09-12 16:30:00,2022-09-12 17:30:00,21.1,2022-09-12 16:45:00,65.0,13,2022
FL.DDG.06,15.0,2022-09-22 03:00:00,2022-09-22 03:30:00,20.8,2022-09-22 03:10:00,35.0,7,2022
FL.DDG.06,15.0,2022-09-25 00:15:00,2022-09-25 00:20:00,16.2,2022-09-25 00:15:00,10.0,2,2022
FL.DDG.07,15.0,2022-05-17 23:40:00,2022-05-18 02:00:00,26.5,2022-05-18 00:50:00,145.0,29,2022
FL.DDG.07,15.0,2022-07-01 19:05:00,2022-07-01 22:05:00,32.5,2022-07-01 20:10:00,185.0,37,2022
FL.DDG.07,15.0,2022-09-24 23:45:00,2022-09-25 04:15:00,46.1,2022-09-25 00:30:00,275.0,55,2022
FL.DDG.08,15.0,2022-07-01 19:20:00,2022-07-01 19:30:00,19.6,2022-07-01 19:25:00,15.0,3,2022
FL.DDG.08,15.0,2022-09-12 16:40:00,2022-09-12 17:55:00,29.4,2022-09-12 17:05:00,80.0,16,2022
FL.DDG.08,15.0,2022-09-25 00:05:00,2022-09-25 00:30:00,19.3,2022-09-25 00:15:00,30.0,6,2022
FL.DST.02,15.0,2022-05-17 22:45:00,2022-05-18 00:35:00,28.6,2022-05-17 23:25:00,115.0,23,2022
FL.DST.06,15.0,2022-05-17 22:25:00,2022-05-18 00:55:00,24.4,2022-05-17 23:45:00,155.0,31,2022
FL.DST.08,15.0,2022-05-17 23:40:00,2022-05-17 23:55:00,19.0,2022-05-17 23:50:00,20.0,4,2022
FL.HKG.01,15.0,2022-07-20 21:50:00,2022-07-21 05:25:00,36.0,2022-07-21 00:00:00,460.0,92,2022
FL.HKG.01,15.0,2022-09-10 19:05:00,2022-09-10 22:00:00,24.1,2022-09-10 20:05:00,180.0,36,2022
FL.HKG.01,15.0,2022-09-10 23:45:00,2022-09-11 01:00:00,18.0,2022-09-11 00:55:00,80.0,16,2022
FL.HKG.01,15.0,2022-09-22 03:05:00,2022-09-22 03:40:00,20.5,2022-09-22 03:30:00,40.0,8,2022
FL.HKG.01,15.0,2022-10-11 01:15:00,2022-10-11 02:00:00,17.7,2022-10-11 01:45:00,50.0,10,2022
FL.KTY.01,15.0,2022-10-07 16:40:00,2022-10-07 17:10:00,21.5,2022-10-07 16:50:00,35.0,7,2022
FL.KTY.01,15.0,2022-10-09 19:05:00,2022-10-09 19:40:00,20.0,2022-10-09 19:25:00,40.0,8,2022
FL.KTY.02,15.0,2022-07-20 21:35:00,2022-07-20 23:10:00,22.3,2022-07-20 22:00:00,100.0,20,2022
FL.KTY.02,15.0,2022-10-07 16:50:00,2022-10-07 16:55:00,15.6,2022-10-07 16:50:00,10.0,2,2022
FL.KTY.03,15.0,2022-10-07 17:10:00,2022-10-07 17:45:00,16.9,2022-10-07 17:40:00,40.0,8,2022
FL.KTY.03,15.0,2022-10-09 19:25:00,2022-10-09 19:30:00,19.8,2022-10-09 19:25:00,10.0,2,2022
FL.KTY.04,15.0,2022-07-20 21:50:00,2022-07-21 06:15:00,26.6,2022-07-20 22:20:00,510.0,102,2022
FL.KTY.04,15.0,2022-08-15 21:35:00,2022-08-15 21:40:00,15.7,2022-08-15 21:40:00,10.0,2,2022
FL.KTY.04,15.0,2022-09-10 19:25:00,2022-09-10 20:40:00,19.9,2022-09-10 19:50:00,80.0,16,2022
FL.KTY.04,15.0,2022-10-07 17:05:00,2022-10-07 17:10:00,16.2,2022-10-07 17:05:00,10.0,2,2022
FL.KTY.04,15.0,2022-10-09 18:55:00,2022-10-09 21:10:00,23.5,2022-10-09 19:45:00,140.0,28,2022
FL.KTY.05,15.0,2022-10-07 16:30:00,2022-10-07 17:30:00,17.1,2022-10-07 16:55:00,65.0,13,2022
FL.KTY.05,15.0,2022-10-09 19:00:00,2022-10-09 20:00:00,19.8,2022-10-09 19:30:00,65.0,13,2022
FL.LSI.02,15.0,2022-10-03 15:55:00,2022-10-03 16:00:00,16.1,2022-10-03 15:55:00,10.0,2,2022
FL.LSI.03,15.0,2022-05-09 16:05:00,2022-05-09 17:40:00,24.8,2022-05-09 16:30:00,100.0,20,2022
FL.LSI.03,15.0,2022-05-17 21:50:00,2022-05-17 22:00:00,20.6,2022-05-17 21:55:00,15.0,3,2022
FL.LSI.03,15.0,2022-06-24 18:30:00,2022-06-24 19:00:00,25.6,2022-06-24 18:35:00,35.0,7,2022
FL.LSI.03,15.0,2022-09-04 20:10:00,2022-09-04 21:05:00,20.2,2022-09-04 20:25:00,60.0,12,2022
FL.LSI.03,15.0,2022-09-06 17:50:00,2022-09-06 22:25:00,26.4,2022-09-06 17:55:00,280.0,56,2022
FL.LSI.03,15.0,2022-09-08 12:35:00,2022-09-08 15:40:00,25.6,2022-09-08 12:45:00,190.0,38,2022
FL.LSI.03,15.0,2022-10-03 14:50:00,2022-10-03 23:40:00,28.1,2022-10-03 15:00:00,535.0,107,2022
FL.LSI.03,15.0,2022-10-04 05:20:00,2022-10-04 05:25:00,16.4,2022-10-04 05:25:00,10.0,2,2022
FL.LSI.04,15.0,2022-03-23 16:30:00,2022-03-23 16:50:00,17.7,2022-03-23 16:40:00,25.0,5,2022
FL.LSI.04,15.0,2022-05-09 15:45:00,2022-05-09 17:05:00,20.0,2022-05-09 16:40:00,85.0,17,2022
FL.LSI.04,15.0,2022-05-11 10:50:00,2022-05-11 10:55:00,16.5,2022-05-11 10:55:00,10.0,2,2022
FL.LSI.04,15.0,2022-05-17 21:55:00,2022-05-17 23:45:00,20.5,2022-05-17 22:50:00,115.0,23,2022
FL.LSI.04,15.0,2022-06-15 11:30:00,2022-06-15 11:35:00,17.4,2022-06-15 11:35:00,10.0,2,2022
FL.LSI.04,15.0,2022-06-24 18:20:00,2022-06-24 18:45:00,17.4,2022-06-24 18:25:00,30.0,6,2022
FL.LSI.04,15.0,2022-09-04 19:50:00,2022-09-04 20:25:00,22.1,2022-09-04 20:05:00,40.0,8,2022
FL.LSI.04,15.0,2022-09-06 17:50:00,2022-09-06 19:10:00,24.2,2022-09-06 18:00:00,85.0,17,2022
FL.LSI.04,15.0,2022-09-08 12:40:00,2022-09-08 14:25:00,25.8,2022-09-08 13:10:00,110.0,22,2022
FL.LSI.04,15.0,2022-10-03 14:55:00,2022-10-03 20:45:00,36.1,2022-10-03 16:30:00,355.0,71,2022
FL.LSI.05,15.0,2022-09-08 13:05:00,2022-09-08 14:05:00,18.0,2022-09-08 13:05:00,65.0,13,2022
FL.LSI.05,15.0,2022-10-03 15:30:00,2022-10-03 18:45:00,26.4,2022-10-03 16:20:00,200.0,40,2022
FL.PTW.05,15.0,2022-07-20 22:45:00,2022-07-20 22:55:00,16.3,2022-07-20 22:45:00,15.0,3,2022
FL.PTW.05,15.0,2022-09-22 03:15:00,2022-09-22 03:30:00,17.2,2022-09-22 03:25:00,20.0,4,2022
FL.PWT.02,15.0,2022-07-20 21:30:00,2022-07-20 21:45:00,26.8,2022-07-20 21:35:00,20.0,4,2022
FL.PWT.02,15.0,2022-07-20 23:10:00,2022-07-21 20:25:00,41.0,2022-07-21 00:50:00,1280.0,256,2022
FL.PWT.02,15.0,2022-07-28 09:50:00,2022-07-28 10:00:00,18.7,2022-07-28 10:00:00,15.0,3,2022
FL.PWT.02,15.0,2022-08-15 18:50:00,2022-08-16 08:55:00,35.7,2022-08-15 23:15:00,850.0,170,2022
FL.PWT.02,15.0,2022-09-11 23:55:00,2022-09-12 00:40:00,20.0,2022-09-11 23:55:00,50.0,10,2022
FL.PWT.02,15.0,2022-09-13 22:35:00,2022-09-13 22:45:00,17.6,2022-09-13 22:40:00,15.0,3,2022
FL.PWT.02,15.0,2022-09-21 17:40:00,2022-09-21 18:00:00,20.5,2022-09-21 17:45:00,25.0,5,2022
FL.PWT.02,15.0,2022-09-26 03:35:00,2022-09-26 03:50:00,21.9,2022-09-26 03:40:00,20.0,4,2022
FL.PWT.02,15.0,2022-10-02 00:45:00,2022-10-02 00:55:00,18.7,2022-10-02 00:55:00,15.0,3,2022
FL.PWT.02,15.0,2022-10-03 14:20:00,2022-10-04 00:20:00,32.7,2022-10-03 16:50:00,605.0,121,2022
FL.PWT.02,15.0,2022-10-09 18:45:00,2022-10-10 00:00:00,25.5,2022-10-09 20:25:00,320.0,64,2022
FL.PYT.02,15.0,2022-05-17 23:50:00,2022-05-18 01:00:00,20.2,2022-05-18 00:15:00,75.0,15,2022
FL.PYT.02,15.0,2022-07-01 19:10:00,2022-07-01 19:50:00,25.9,2022-07-01 19:30:00,45.0,9,2022
FL.PYT.05,15.0,2022-09-12 16:55:00,2022-09-12 17:05:00,18.7,2022-09-12 17:05:00,15.0,3,2022
FL.PYT.06,15.0,2022-05-17 23:55:00,2022-05-18 00:50:00,20.3,2022-05-18 00:10:00,60.0,12,2022
FL.PYT.06,15.0,2022-07-01 19:20:00,2022-07-01 19:25:00,16.2,2022-07-01 19:25:00,10.0,2,2022
FL.PYT.06,15.0,2022-09-06 21:00:00,2022-09-06 21:15:00,17.2,2022-09-06 21:05:00,20.0,4,2022
FL.RTW.05,15.0,2022-09-22 03:30:00,2022-09-22 03:35:00,15.1,2022-09-22 03:30:00,10.0,2,2022
FL.RTW.08,15.0,2022-09-22 03:00:00,2022-09-22 03:40:00,26.1,2022-09-22 03:15:00,45.0,9,2022
FL.RTW.08,15.0,2022-09-23 23:15:00,2022-09-23 23:25:00,19.5,2022-09-23 23:20:00,15.0,3,2022
FL.RTW.08,15.0,2022-09-24 23:50:00,2022-09-25 00:20:00,21.8,2022-09-25 00:00:00,35.0,7,2022
FL.RTW.08,15.0,2022-10-11 01:25:00,2022-10-11 01:50:00,18.9,2022-10-11 01:35:00,30.0,6,2022
FL.RTW.09,15.0,2022-04-30 14:45:00,2022-04-30 14:50:00,17.0,2022-04-30 14:50:00,10.0,2,2022
FL.RTW.09,15.0,2022-05-17 23:05:00,2022-05-17 23:45:00,16.3,2022-05-17 23:05:00,45.0,9,2022
FL.RTW.09,15.0,2022-07-01 18:55:00,2022-07-01 19:45:00,24.3,2022-07-01 19:15:00,55.0,11,2022
FL.RTW.09,15.0,2022-07-20 21:35:00,2022-07-20 23:15:00,21.2,2022-07-20 22:40:00,105.0,21,2022
FL.RTW.09,15.0,2022-08-01 11:30:00,2022-08-01 12:40:00,21.9,2022-08-01 11:45:00,75.0,15,2022
FL.RTW.09,15.0,2022-08-15 19:55:00,2022-08-15 20:25:00,22.2,2022-08-15 20:05:00,35.0,7,2022
FL.RTW.09,15.0,2022-09-06 21:05:00,2022-09-06 21:50:00,19.4,2022-09-06 21:15:00,50.0,10,2022
FL.RTW.09,15.0,2022-09-10 18:40:00,2022-09-10 19:45:00,23.3,2022-09-10 18:50:00,70.0,14,2022
FL.RTW.09,15.0,2022-09-12 16:30:00,2022-09-12 17:00:00,17.9,2022-09-12 16:35:00,35.0,7,2022
FL.RTW.09,15.0,2022-09-22 03:00:00,2022-09-22 04:15:00,28.5,2022-09-22 03:15:00,80.0,16,2022
FL.RTW.09,15.0,2022-09-22 20:30:00,2022-09-22 22:00:00,27.4,2022-09-22 20:55:00,95.0,19,2022
FL.RTW.09,15.0,2022-09-24 23:45:00,2022-09-25 00:30:00,25.6,2022-09-25 00:00:00,50.0,10,2022
FL.RTW.09,15.0,2022-10-07 16:15:00,2022-10-07 16:40:00,17.9,2022-10-07 16:20:00,30.0,6,2022
FL.RTW.09,15.0,2022-10-11 01:35:00,2022-10-11 01:40:00,16.1,2022-10-11 01:40:00,10.0,2,2022
FL.RTW.10,15.0,2022-05-17 23:15:00,2022-05-17 23:30:00,20.9,2022-05-17 23:20:00,20.0,4,2022
FL.RTW.10,15.0,2022-07-01 19:10:00,2022-07-01 19:35:00,30.2,2022-07-01 19:20:00,30.0,6,2022
FL.RTW.10,15.0,2022-08-01 11:40:00,2022-08-01 12:10:00,27.9,2022-08-01 11:50:00,35.0,7,2022
FL.RTW.10,15.0,2022-09-06 21:15:00,2022-09-06 21:25:00,20.3,2022-09-06 21:20:00,15.0,3,2022
FL.RTW.10,15.0,2022-09-10 18:50:00,2022-09-10 19:35:00,28.2,2022-09-10 18:55:00,50.0,10,2022
FL.RTW.10,15.0,2022-09-12 16:30:00,2022-09-12 17:15:00,28.3,2022-09-12 16:45:00,50.0,10,2022
FL.RTW.10,15.0,2022-09-22 03:10:00,2022-09-22 03:35:00,27.0,2022-09-22 03:15:00,30.0,6,2022
FL.RTW.10,15.0,2022-09-22 21:00:00,2022-09-22 21:20:00,22.2,2022-09-22 21:05:00,25.0,5,2022
FL.RTW.10,15.0,2022-09-24 23:45:00,2022-09-25 00:50:00,35.6,2022-09-25 00:05:00,70.0,14,2022
FL.SLG.01,15.0,2022-07-20 21:15:00,2022-07-21 05:20:00,27.4,2022-07-20 22:25:00,490.0,98,2022
FL.SLG.01,15.0,2022-08-01 22:20:00,2022-08-01 22:35:00,17.0,2022-08-01 22:35:00,20.0,4,2022
FL.SLG.01,15.0,2022-09-13 15:05:00,2022-09-13 15:35:00,18.2,2022-09-13 15:20:00,35.0,7,2022
FL.SLG.02,15.0,2022-07-20 21:25:00,2022-07-21 00:20:00,27.2,2022-07-20 22:10:00,180.0,36,2022
FL.SLG.02,15.0,2022-09-10 19:55:00,2022-09-10 20:05:00,16.3,2022-09-10 19:55:00,15.0,3,2022
FL.SLG.03,15.0,2022-07-20 21:15:00,2022-07-21 09:00:00,38.8,2022-07-21 00:00:00,710.0,142,2022
FL.SLG.03,15.0,2022-08-01 22:15:00,2022-08-02 00:20:00,29.4,2022-08-01 23:05:00,130.0,26,2022
FL.SLG.03,15.0,2022-09-10 19:15:00,2022-09-11 00:25:00,35.3,2022-09-10 19:50:00,315.0,63,2022
FL.SLG.03,15.0,2022-09-13 14:45:00,2022-09-13 16:05:00,28.4,2022-09-13 15:10:00,85.0,17,2022
FL.SLG.03,15.0,2022-10-09 19:00:00,2022-10-09 19:15:00,17.1,2022-10-09 19:05:00,20.0,4,2022
FL.SLG.03,15.0,2022-10-11 01:10:00,2022-10-11 01:50:00,20.0,2022-10-11 01:35:00,45.0,9,2022
FL.SMI.01,15.0,2022-04-21 10:25:00,2022-04-21 11:00:00,29.9,2022-04-21 10:40:00,40.0,8,2022
FL.SMI.01,15.0,2022-05-07 14:10:00,2022-05-07 16:15:00,48.4,2022-05-07 14:40:00,130.0,26,2022
FL.SMI.01,15.0,2022-05-17 22:20:00,2022-05-17 22:30:00,18.4,2022-05-17 22:25:00,15.0,3,2022
FL.SMI.01,15.0,2022-06-24 17:45:00,2022-06-24 19:25:00,41.0,2022-06-24 18:10:00,105.0,21,2022
FL.SMI.01,15.0,2022-07-21 12:55:00,2022-07-21 13:05:00,16.9,2022-07-21 13:00:00,15.0,3,2022
FL.SMI.01,15.0,2022-07-31 17:20:00,2022-07-31 20:15:00,50.8,2022-07-31 18:10:00,180.0,36,2022
FL.SMI.01,15.0,2022-09-08 14:30:00,2022-09-08 15:40:00,29.8,2022-09-08 14:55:00,75.0,15,2022
FL.SMI.01,15.0,2022-09-22 02:15:00,2022-09-22 02:45:00,23.0,2022-09-22 02:20:00,35.0,7,2022
FL.SMI.01,15.0,2022-10-22 21:45:00,2022-10-22 22:40:00,20.8,2022-10-22 22:25:00,60.0,12,2022
FL.SPW.01,15.0,2022-10-07 16:25:00,2022-10-07 16:35:00,15.8,2022-10-07 16:30:00,15.0,3,2022
FL.STN.01,15.0,2022-06-24 21:35:00,2022-06-24 22:05:00,21.5,2022-06-24 21:50:00,35.0,7,2022
FL.STN.01,15.0,2022-10-09 19:05:00,2022-10-09 19:30:00,17.9,2022-10-09 19:10:00,30.0,6,2022
FL.STN.02,15.0,2022-06-24 21:20:00,2022-06-24 22:30:00,31.9,2022-06-24 21:45:00,75.0,15,2022
FL.STN.02,15.0,2022-07-20 21:20:00,2022-07-20 23:55:00,27.1,2022-07-20 23:00:00,160.0,32,2022
FL.STN.02,15.0,2022-09-04 04:15:00,2022-09-04 04:55:00,22.9,2022-09-04 04:35:00,45.0,9,2022
FL.STN.02,15.0,2022-10-09 18:55:00,2022-10-09 20:20:00,25.6,2022-10-09 19:20:00,90.0,18,2022
FL.STN.03,15.0,2022-02-04 18:40:00,2022-02-04 19:10:00,19.3,2022-02-04 18:55:00,35.0,7,2022
FL.STN.03,15.0,2022-06-24 21:30:00,2022-06-24 22:40:00,27.6,2022-06-24 21:50:00,75.0,15,2022
FL.STN.03,15.0,2022-07-20 21:20:00,2022-07-21 01:15:00,34.2,2022-07-20 22:50:00,240.0,48,2022
FL.STN.03,15.0,2022-08-15 20:00:00,2022-08-15 20:35:00,20.5,2022-08-15 20:10:00,40.0,8,2022
FL.STN.03,15.0,2022-09-04 04:15:00,2022-09-04 05:20:00,24.6,2022-09-04 04:30:00,70.0,14,2022
FL.STN.03,15.0,2022-09-14 19:20:00,2022-09-14 19:45:00,17.9,2022-09-14 19:25:00,30.0,6,2022
FL.STN.03,15.0,2022-10-09 18:40:00,2022-10-09 21:30:00,40.4,2022-10-09 19:25:00,175.0,35,2022
FL.STN.04,15.0,2022-07-20 21:30:00,2022-07-20 23:35:00,23.2,2022-07-20 22:55:00,130.0,26,2022
FL.STN.04,15.0,2022-08-15 20:05:00,2022-08-15 20:35:00,18.7,2022-08-15 20:05:00,35.0,7,2022
FL.STN.04,15.0,2022-09-22 21:50:00,2022-09-22 21:55:00,15.4,2022-09-22 21:50:00,10.0,2,2022
FL.STN.04,15.0,2022-10-07 16:20:00,2022-10-07 17:35:00,21.4,2022-10-07 16:45:00,80.0,16,2022
FL.STN.04,15.0,2022-10-09 18:55:00,2022-10-09 20:05:00,28.1,2022-10-09 19:10:00,75.0,15,2022
FL.WTL.02,15.0,2022-05-18 00:05:00,2022-05-18 02:15:00,23.7,2022-05-18 00:40:00,135.0,27,2022
FL.WTL.02,15.0,2022-07-20 21:25:00,2022-07-21 05:10:00,20.7,2022-07-20 23:10:00,470.0,94,2022
FL.WTL.02,15.0,2022-08-01 23:00:00,2022-08-01 23:25:00,16.6,2022-08-01 23:00:00,30.0,6,2022
FL.WTN.01,15.0,2022-07-20 21:10:00,2022-07-21 01:45:00,23.3,2022-07-20 22:30:00,280.0,56,2022
FL.WTN.01,15.0,2022-08-01 23:00:00,2022-08-01 23:30:00,18.2,2022-08-01 23:25:00,35.0,7,2022
FL.WTN.01,15.0,2022-09-10 19:15:00,2022-09-10 19:30:00,18.0,2022-09-10 19:15:00,20.0,4,2022
FL.WTN.01,15.0,2022-10-11 01:20:00,2022-10-11 02:15:00,18.7,2022-10-11 01:35:00,60.0,12,2022
FL.BKE.01,15.0,2023-09-26 19:50:00,2023-09-26 20:30:00,19.9,2023-09-26 20:05:00,45.0,9,2023
FL.BKE.01,15.0,2023-10-03 17:35:00,2023-10-03 18:10:00,19.0,2023-10-03 17:55:00,40.0,8,2023
FL.BKE.02,15.0,2023-09-26 19:35:00,2023-09-26 20:30:00,17.3,2023-09-26 19:50:00,60.0,12,2023
FL.BKE.02,15.0,2023-10-21 05:05:00,2023-10-21 05:10:00,15.6,2023-10-21 05:05:00,10.0,2,2023
FL.BKM.01,15.0,2023-07-22 00:25:00,2023-07-22 04:10:00,39.4,2023-07-22 01:05:00,230.0,46,2023
FL.BKM.01,15.0,2023-09-21 00:40:00,2023-09-21 00:55:00,17.0,2023-09-21 00:45:00,20.0,4,2023
FL.BKM.02,15.0,2023-07-22 00:25:00,2023-07-22 02:55:00,30.0,2023-07-22 01:10:00,155.0,31,2023
FL.BKP.02,15.0,2023-07-22 00:20:00,2023-07-22 00:35:00,24.3,2023-07-22 00:25:00,20.0,4,2023
FL.BNA.01,15.0,2023-09-21 17:55:00,2023-09-21 18:30:00,19.7,2023-09-21 18:20:00,40.0,8,2023
FL.BNA.03,15.0,2023-09-21 17:55:00,2023-09-21 20:00:00,26.4,2023-09-21 18:25:00,130.0,26,2023
FL.BNA.03,15.0,2023-09-26 18:25:00,2023-09-26 20:30:00,18.1,2023-09-26 19:05:00,130.0,26,2023
FL.BNA.04,15.0,2023-09-21 17:25:00,2023-09-21 19:40:00,32.3,2023-09-21 18:15:00,140.0,28,2023
FL.BNA.05,15.0,2023-09-21 19:15:00,2023-09-21 20:20:00,21.8,2023-09-21 19:40:00,70.0,14,2023
FL.BNA.05,15.0,2023-09-26 18:15:00,2023-09-26 22:30:00,33.1,2023-09-26 20:00:00,260.0,52,2023
FL.BRK.01,15.0,2023-09-25 14:40:00,2023-09-25 16:25:00,33.2,2023-09-25 15:15:00,110.0,22,2023
FL.BRK.01,15.0,2023-10-03 17:15:00,2023-10-03 17:35:00,19.1,2023-10-03 17:25:00,25.0,5,2023
FL.CTC.01,15.0,2023-07-22 00:35:00,2023-07-22 07:25:00,47.1,2023-07-22 03:00:00,415.0,83,2023
FL.CTC.03,15.0,2023-07-22 00:45:00,2023-07-22 03:05:00,42.0,2023-07-22 01:20:00,145.0,29,2023
FL.CTC.05,15.0,2023-07-22 01:05:00,2023-07-22 02:30:00,24.3,2023-07-22 01:25:00,90.0,18,2023
FL.CTC.07,15.0,2023-07-22 00:30:00,2023-07-22 05:00:00,49.2,2023-07-22 01:15:00,275.0,55,2023
FL.DDG.01,15.0,2023-04-30 08:35:00,2023-04-30 08:40:00,27.0,2023-04-30 08:35:00,10.0,2,2023
FL.DDG.01,15.0,2023-09-28 18:20:00,2023-09-28 18:30:00,22.5,2023-09-28 18:20:00,15.0,3,2023
FL.DDG.02,15.0,2023-07-11 03:45:00,2023-07-11 04:05:00,19.8,2023-07-11 03:55:00,25.0,5,2023
FL.DDG.02,15.0,2023-07-22 00:40:00,2023-07-22 02:25:00,28.4,2023-07-22 01:00:00,110.0,22,2023
FL.DDG.02,15.0,2023-09-24 11:50:00,2023-09-24 12:25:00,24.1,2023-09-24 12:00:00,40.0,8,2023
FL.DDG.06,15.0,2023-05-30 19:20:00,2023-05-30 21:20:00,31.1,2023-05-30 19:40:00,125.0,25,2023
FL.DDG.07,15.0,2023-04-30 08:20:00,2023-04-30 09:20:00,23.4,2023-04-30 09:05:00,65.0,13,2023
FL.DDG.07,15.0,2023-07-22 00:40:00,2023-07-22 03:15:00,36.9,2023-07-22 01:15:00,160.0,32,2023
FL.DDG.08,15.0,2023-10-03 16:55:00,2023-10-03 17:20:00,19.3,2023-10-03 17:05:00,30.0,6,2023
FL.DST.06,15.0,2023-10-03 17:00:00,2023-10-03 17:10:00,18.1,2023-10-03 17:10:00,15.0,3,2023
FL.HKG.01,15.0,2023-10-03 16:45:00,2023-10-03 16:50:00,16.0,2023-10-03 16:50:00,10.0,2,2023
FL.KTY.01,15.0,2023-09-25 14:50:00,2023-09-25 15:25:00,18.7,2023-09-25 15:15:00,40.0,8,2023
FL.KTY.02,15.0,2023-07-22 00:50:00,2023-07-22 01:40:00,19.5,2023-07-22 00:55:00,55.0,11,2023
FL.KTY.03,15.0,2023-07-22 01:30:00,2023-07-22 01:35:00,16.3,2023-07-22 01:35:00,10.0,2,2023
FL.KTY.03,15.0,2023-09-25 14:50:00,2023-09-25 15:25:00,18.3,2023-09-25 15:15:00,40.0,8,2023
FL.KTY.04,15.0,2023-07-22 00:30:00,2023-07-22 03:30:00,34.1,2023-07-22 00:50:00,185.0,37,2023
FL.KTY.04,15.0,2023-09-26 18:15:00,2023-09-26 20:30:00,22.4,2023-09-26 18:55:00,140.0,28,2023
FL.KTY.05,15.0,2023-07-22 00:45:00,2023-07-22 02:00:00,20.4,2023-07-22 01:05:00,80.0,16,2023
FL.KTY.05,15.0,2023-09-25 14:35:00,2023-09-25 15:40:00,19.9,2023-09-25 14:55:00,70.0,14,2023
FL.LSI.02,15.0,2023-11-07 17:35:00,2023-11-07 17:40:00,17.8,2023-11-07 17:40:00,10.0,2,2023
FL.LSI.04,15.0,2023-06-28 19:30:00,2023-06-28 20:55:00,25.4,2023-06-28 20:05:00,90.0,18,2023
FL.LSI.04,15.0,2023-07-01 14:20:00,2023-07-01 15:00:00,20.5,2023-07-01 14:50:00,45.0,9,2023
FL.LSI.04,15.0,2023-07-09 12:20:00,2023-07-09 12:30:00,18.2,2023-07-09 12:25:00,15.0,3,2023
FL.LSI.04,15.0,2023-07-22 00:55:00,2023-07-22 01:50:00,24.2,2023-07-22 01:20:00,60.0,12,2023
FL.LSI.04,15.0,2023-10-05 18:25:00,2023-10-05 18:40:00,17.8,2023-10-05 18:30:00,20.0,4,2023
FL.LSI.04,15.0,2023-10-28 12:50:00,2023-10-28 13:15:00,17.3,2023-10-28 12:55:00,30.0,6,2023
FL.LSI.05,15.0,2023-06-28 19:45:00,2023-06-28 20:15:00,18.9,2023-06-28 20:10:00,35.0,7,2023
FL.PPS.01,15.0,2023-10-03 16:50:00,2023-10-03 17:45:00,27.8,2023-10-03 17:10:00,60.0,12,2023
FL.PTW.01,15.0,2023-09-25 14:50:00,2023-09-25 15:20:00,19.8,2023-09-25 15:00:00,35.0,7,2023
FL.PTW.02,15.0,2023-10-03 17:00:00,2023-10-03 17:40:00,20.8,2023-10-03 17:15:00,45.0,9,2023
FL.PTW.05,15.0,2023-09-25 14:50:00,2023-09-25 15:25:00,22.3,2023-09-25 15:05:00,40.0,8,2023
FL.PTW.05,15.0,2023-10-03 16:55:00,2023-10-03 18:05:00,30.5,2023-10-03 17:25:00,75.0,15,2023
FL.PWT.02,15.0,2023-02-15 08:25:00,2023-02-15 09:05:00,23.7,2023-02-15 08:30:00,45.0,9,2023
FL.PWT.02,15.0,2023-04-30 09:15:00,2023-04-30 09:55:00,20.4,2023-04-30 09:30:00,45.0,9,2023
FL.PYT.02,15.0,2023-07-22 00:35:00,2023-07-22 01:55:00,25.6,2023-07-22 01:15:00,85.0,17,2023
FL.PYT.05,15.0,2023-05-30 19:35:00,2023-05-30 19:50:00,17.5,2023-05-30 19:45:00,20.0,4,2023
FL.PYT.05,15.0,2023-07-22 01:00:00,2023-07-22 01:55:00,18.7,2023-07-22 01:15:00,60.0,12,2023
FL.PYT.06,15.0,2023-05-30 19:05:00,2023-05-30 20:25:00,25.2,2023-05-30 19:40:00,85.0,17,2023
FL.PYT.06,15.0,2023-07-22 00:40:00,2023-07-22 02:40:00,30.4,2023-07-22 01:35:00,125.0,25,2023
FL.RTW.05,15.0,2023-09-25 15:00:00,2023-09-25 15:15:00,16.8,2023-09-25 15:10:00,20.0,4,2023
FL.RTW.05,15.0,2023-10-03 16:55:00,2023-10-03 18:05:00,29.6,2023-10-03 17:15:00,75.0,15,2023
FL.RTW.07,15.0,2023-09-25 14:50:00,2023-09-25 15:50:00,20.9,2023-09-25 15:05:00,65.0,13,2023
FL.RTW.07,15.0,2023-10-03 16:50:00,2023-10-03 18:05:00,25.2,2023-10-03 17:05:00,80.0,16,2023
FL.RTW.08,15.0,2023-09-25 14:50:00,2023-09-25 15:15:00,21.1,2023-09-25 15:00:00,30.0,6,2023
FL.RTW.08,15.0,2023-10-03 16:45:00,2023-10-03 18:05:00,34.6,2023-10-03 16:55:00,85.0,17,2023
FL.RTW.09,15.0,2023-02-15 08:45:00,2023-02-15 08:55:00,17.2,2023-02-15 08:45:00,15.0,3,2023
FL.RTW.09,15.0,2023-08-23 17:35:00,2023-08-23 17:55:00,19.5,2023-08-23 17:35:00,25.0,5,2023
FL.RTW.09,15.0,2023-09-25 14:40:00,2023-09-25 15:35:00,26.0,2023-09-25 15:05:00,60.0,12,2023
FL.RTW.09,15.0,2023-10-03 16:50:00,2023-10-03 18:15:00,29.7,2023-10-03 17:10:00,90.0,18,2023
FL.RTW.10,15.0,2023-02-15 08:45:00,2023-02-15 09:00:00,19.0,2023-02-15 08:50:00,20.0,4,2023
FL.RTW.10,15.0,2023-05-11 12:00:00,2023-05-11 12:15:00,20.7,2023-05-11 12:10:00,20.0,4,2023
FL.RTW.10,15.0,2023-09-25 14:40:00,2023-09-25 15:40:00,39.5,2023-09-25 15:00:00,65.0,13,2023
FL.RTW.10,15.0,2023-10-03 16:45:00,2023-10-03 18:10:00,44.6,2023-10-03 17:00:00,90.0,18,2023
FL.RTW.10,15.0,2023-11-05 16:35:00,2023-11-05 16:45:00,17.5,2023-11-05 16:40:00,15.0,3,2023
FL.RTW.11,15.0,2023-09-25 15:00:00,2023-09-25 15:55:00,19.5,2023-09-25 15:25:00,60.0,12,2023
FL.RTW.11,15.0,2023-10-03 17:00:00,2023-10-03 18:40:00,27.8,2023-10-03 17:40:00,105.0,21,2023
FL.RTW.12,15.0,2023-10-03 17:15:00,2023-10-03 17:25:00,19.1,2023-10-03 17:20:00,15.0,3,2023
FL.SLG.01,15.0,2023-07-22 00:15:00,2023-07-22 04:50:00,30.6,2023-07-22 01:00:00,280.0,56,2023
FL.SLG.01,15.0,2023-10-16 00:55:00,2023-10-16 01:00:00,18.0,2023-10-16 00:55:00,10.0,2,2023
FL.SLG.01,15.0,2023-11-05 16:20:00,2023-11-05 16:40:00,17.3,2023-11-05 16:25:00,25.0,5,2023
FL.SLG.02,15.0,2023-07-22 00:35:00,2023-07-22 02:15:00,24.6,2023-07-22 01:00:00,105.0,21,2023
FL.SLG.03,15.0,2023-02-15 08:45:00,2023-02-15 08:55:00,15.5,2023-02-15 08:50:00,15.0,3,2023
FL.SLG.03,15.0,2023-07-22 00:25:00,2023-07-22 04:10:00,40.3,2023-07-22 00:55:00,230.0,46,2023
FL.SLG.03,15.0,2023-10-03 16:40:00,2023-10-03 17:45:00,26.4,2023-10-03 17:05:00,70.0,14,2023
FL.SMI.01,15.0,2023-06-28 19:00:00,2023-06-28 19:55:00,33.9,2023-06-28 19:20:00,60.0,12,2023
FL.SMI.01,15.0,2023-07-05 18:40:00,2023-07-05 20:20:00,41.7,2023-07-05 19:20:00,105.0,21,2023
FL.SMI.01,15.0,2023-08-31 18:50:00,2023-08-31 19:30:00,28.8,2023-08-31 19:05:00,45.0,9,2023
FL.SMI.01,15.0,2023-09-21 01:10:00,2023-09-21 02:05:00,35.8,2023-09-21 01:25:00,60.0,12,2023
FL.SMI.01,15.0,2023-10-09 21:55:00,2023-10-09 22:00:00,16.1,2023-10-09 21:55:00,10.0,2,2023
FL.SPW.01,15.0,2023-10-03 17:00:00,2023-10-03 17:15:00,17.0,2023-10-03 17:10:00,20.0,4,2023
FL.STN.03,15.0,2023-07-09 11:45:00,2023-07-09 12:05:00,18.0,2023-07-09 11:55:00,25.0,5,2023
FL.STN.03,15.0,2023-09-28 18:15:00,2023-09-28 18:25:00,16.1,2023-09-28 18:20:00,15.0,3,2023
FL.STN.04,15.0,2023-09-25 14:35:00,2023-09-25 15:50:00,27.4,2023-09-25 15:00:00,80.0,16,2023
FL.WTL.01,15.0,2023-07-22 01:40:00,2023-07-22 02:25:00,17.7,2023-07-22 01:50:00,50.0,10,2023
FL.WTL.02,15.0,2023-07-22 00:30:00,2023-07-22 07:00:00,37.5,2023-07-22 00:55:00,395.0,79,2023
FL.WTL.02,15.0,2023-09-21 19:20:00,2023-09-21 19:35:00,17.3,2023-09-21 19:25:00,20.0,4,2023
FL.WTL.04,15.0,2023-07-22 00:50:00,2023-07-22 02:05:00,20.3,2023-07-22 01:25:00,80.0,16,2023
FL.WTN.02,15.0,2023-10-03 17:05:00,2023-10-03 17:10:00,17.6,2023-10-03 17:05:00,10.0,2,2023
FL.WTN.03,15.0,2023-10-03 16:45:00,2023-10-03 17:25:00,24.4,2023-10-03 17:05:00,45.0,9,2023
FL.BKE.01,15.0,2024-03-20 08:15:00,2024-03-20 08:45:00,18.9,2024-03-20 08:20:00,35.0,7,2024
FL.BKM.01,15.0,2024-05-19 20:55:00,2024-05-19 21:20:00,19.7,2024-05-19 21:15:00,30.0,6,2024
FL.BKM.01,15.0,2024-08-06 22:25:00,2024-08-06 22:40:00,17.9,2024-08-06 22:35:00,20.0,4,2024
FL.BKM.01,15.0,2024-08-20 00:30:00,2024-08-20 03:10:00,32.5,2024-08-20 01:00:00,165.0,33,2024
FL.BKM.01,15.0,2024-10-18 17:00:00,2024-10-18 17:15:00,18.0,2024-10-18 17:10:00,20.0,4,2024
FL.BKM.02,15.0,2024-08-06 22:40:00,2024-08-06 22:45:00,16.5,2024-08-06 22:45:00,10.0,2,2024
FL.BKM.02,15.0,2024-08-20 00:35:00,2024-08-20 01:55:00,22.9,2024-08-20 01:05:00,85.0,17,2024
FL.BNA.04,15.0,2024-05-23 07:50:00,2024-05-23 08:05:00,18.3,2024-05-23 07:55:00,20.0,4,2024
FL.BNA.04,15.0,2024-10-29 23:55:00,2024-10-30 00:50:00,27.6,2024-10-30 00:25:00,60.0,12,2024
FL.BRK.01,15.0,2024-10-13 16:15:00,2024-10-13 16:35:00,17.8,2024-10-13 16:35:00,25.0,5,2024
FL.BRK.01,15.0,2024-10-29 22:40:00,2024-10-29 23:40:00,31.8,2024-10-29 23:00:00,65.0,13,2024
FL.CTC.01,15.0,2024-08-06 22:10:00,2024-08-07 00:40:00,27.7,2024-08-06 23:35:00,155.0,31,2024
FL.CTC.03,15.0,2024-07-29 17:35:00,2024-07-29 17:40:00,18.6,2024-07-29 17:40:00,10.0,2,2024
FL.CTC.03,15.0,2024-08-06 22:05:00,2024-08-06 22:55:00,35.3,2024-08-06 22:35:00,55.0,11,2024
FL.CTC.07,15.0,2024-08-06 21:40:00,2024-08-07 00:05:00,43.3,2024-08-06 22:45:00,150.0,30,2024
FL.CTC.07,15.0,2024-08-20 00:40:00,2024-08-20 00:45:00,16.6,2024-08-20 00:40:00,10.0,2,2024
FL.DDG.01,15.0,2024-10-02 00:45:00,2024-10-02 01:10:00,23.2,2024-10-02 00:50:00,30.0,6,2024
FL.DDG.01,15.0,2024-10-29 22:55:00,2024-10-29 23:30:00,24.1,2024-10-29 23:15:00,40.0,8,2024
FL.DDG.02,15.0,2024-06-30 20:05:00,2024-06-30 20:45:00,20.5,2024-06-30 20:20:00,45.0,9,2024
FL.DDG.02,15.0,2024-10-02 00:40:00,2024-10-02 02:50:00,34.7,2024-10-02 01:10:00,135.0,27,2024
FL.DDG.02,15.0,2024-10-29 23:00:00,2024-10-29 23:15:00,17.3,2024-10-29 23:10:00,20.0,4,2024
FL.DDG.05,15.0,2024-10-29 23:05:00,2024-10-29 23:30:00,21.4,2024-10-29 23:20:00,30.0,6,2024
FL.DDG.08,15.0,2024-10-29 23:10:00,2024-10-29 23:20:00,16.9,2024-10-29 23:10:00,15.0,3,2024
FL.KTY.05,15.0,2024-05-30 19:15:00,2024-05-30 19:45:00,17.9,2024-05-30 19:25:00,35.0,7,2024
FL.KTY.05,15.0,2024-10-24 16:50:00,2024-10-24 16:55:00,16.9,2024-10-24 16:50:00,10.0,2,2024
FL.LSI.03,15.0,2024-10-03 18:05:00,2024-10-03 18:15:00,16.8,2024-10-03 18:05:00,15.0,3,2024
FL.LSI.04,15.0,2024-09-21 17:25:00,2024-09-21 17:50:00,20.0,2024-09-21 17:30:00,30.0,6,2024
FL.RTW.08,15.0,2024-10-29 22:55:00,2024-10-29 23:50:00,28.1,2024-10-29 23:05:00,60.0,12,2024
FL.SLG.01,15.0,2024-08-20 00:25:00,2024-08-20 01:45:00,22.9,2024-08-20 00:45:00,85.0,17,2024
FL.SLG.01,15.0,2024-12-15 13:05:00,2024-12-15 13:20:00,17.6,2024-12-15 13:15:00,20.0,4,2024
FL.SLG.03,15.0,2024-10-24 16:20:00,2024-10-24 17:25:00,25.7,2024-10-24 16:45:00,70.0,14,2024
FL.SMI.01,15.0,2024-06-25 18:45:00,2024-06-25 19:15:00,25.5,2024-06-25 18:55:00,35.0,7,2024
FL.SMI.01,15.0,2024-07-04 11:55:00,2024-07-04 12:30:00,29.9,2024-07-04 12:05:00,40.0,8,2024
FL.SMI.01,15.0,2024-07-29 17:20:00,2024-07-29 18:10:00,29.0,2024-07-29 17:40:00,55.0,11,2024
FL.SMI.01,15.0,2024-09-12 18:40:00,2024-09-12 19:10:00,24.9,2024-09-12 18:55:00,35.0,7,2024
FL.SMI.01,15.0,2024-09-20 17:15:00,2024-09-20 18:45:00,44.1,2024-09-20 17:45:00,95.0,19,2024
FL.SMI.01,15.0,2024-09-21 17:50:00,2024-09-21 18:05:00,22.0,2024-09-21 18:00:00,20.0,4,2024
FL.SMI.01,15.0,2024-10-18 17:35:00,2024-10-18 17:45:00,21.7,2024-10-18 17:35:00,15.0,3,2024
FL.SMI.01,15.0,2024-10-23 04:15:00,2024-10-23 04:50:00,27.3,2024-10-23 04:30:00,40.0,8,2024
FL.SPW.01,15.0,2024-10-29 23:00:00,2024-10-29 23:10:00,16.7,2024-10-29 23:00:00,15.0,3,2024
FL.STN.02,15.0,2024-10-13 16:25:00,2024-10-13 16:30:00,16.6,2024-10-13 16:25:00,10.0,2,2024
FL.STN.03,15.0,2024-10-13 16:10:00,2024-10-13 17:25:00,23.5,2024-10-13 16:30:00,80.0,16,2024
FL.STN.04,15.0,2024-10-02 01:20:00,2024-10-02 01:50:00,21.4,2024-10-02 01:20:00,35.0,7,2024
FL.WTN.01,15.0,2024-07-27 17:40:00,2024-07-27 18:10:00,50.0,2024-07-27 18:10:00,35.0,7,2024
FL.WTN.03,15.0,2024-08-06 22:20:00,2024-08-06 22:45:00,20.4,2024-08-06 22:35:00,30.0,6,2024
FL.WTN.03,15.0,2024-08-20 00:25:00,2024-08-20 00:50:00,20.0,2024-08-20 00:25:00,30.0,6,2024
FL.BBN.01,15.0,2025-05-23 21:25:00,2025-05-23 22:35:00,18.4,2025-05-23 22:15:00,75.0,15,2025
FL.BBN.01,15.0,2025-10-06 00:40:00,2025-10-06 01:35:00,22.4,2025-10-06 00:50:00,60.0,12,2025
FL.BBN.02,15.0,2025-05-23 21:30:00,2025-05-23 23:05:00,20.0,2025-05-23 22:40:00,100.0,20,2025
FL.BBN.02,15.0,2025-10-06 00:50:00,2025-10-06 01:55:00,26.7,2025-10-06 01:05:00,70.0,14,2025
FL.BKE.02,15.0,2025-10-13 13:05:00,2025-10-13 13:40:00,23.5,2025-10-13 13:20:00,40.0,8,2025
FL.BKM.01,15.0,2025-05-10 18:00:00,2025-05-10 21:30:00,33.8,2025-05-10 19:05:00,215.0,43,2025
FL.BKM.01,15.0,2025-05-21 10:10:00,2025-05-21 11:10:00,21.9,2025-05-21 10:20:00,65.0,13,2025
FL.BKM.01,15.0,2025-09-06 16:05:00,2025-09-06 16:15:00,16.9,2025-09-06 16:15:00,15.0,3,2025
FL.BKM.01,15.0,2025-09-14 14:25:00,2025-09-14 14:45:00,19.7,2025-09-14 14:30:00,25.0,5,2025
FL.BKM.01,15.0,2025-11-13 01:45:00,2025-11-13 02:10:00,20.5,2025-11-13 01:55:00,30.0,6,2025
FL.BKM.02,15.0,2025-05-10 18:10:00,2025-05-10 19:05:00,21.8,2025-05-10 18:15:00,60.0,12,2025
FL.BKM.02,15.0,2025-05-21 10:20:00,2025-05-21 10:55:00,19.7,2025-05-21 10:25:00,40.0,8,2025
FL.BKN.01,15.0,2025-11-13 03:00:00,2025-11-13 03:15:00,16.2,2025-11-13 03:10:00,20.0,4,2025
FL.BNA.03,15.0,2025-09-27 18:50:00,2025-09-27 21:20:00,32.5,2025-09-27 20:00:00,155.0,31,2025
FL.BNA.04,15.0,2025-05-16 14:50:00,2025-05-16 15:00:00,18.0,2025-05-16 14:55:00,15.0,3,2025
FL.BNA.04,15.0,2025-08-08 02:55:00,2025-08-08 03:35:00,22.3,2025-08-08 03:15:00,45.0,9,2025
FL.BNA.04,15.0,2025-09-27 18:25:00,2025-09-27 19:40:00,24.3,2025-09-27 18:50:00,80.0,16,2025
FL.BNA.04,15.0,2025-10-06 01:10:00,2025-10-06 02:15:00,23.3,2025-10-06 01:30:00,70.0,14,2025
FL.BNA.04,15.0,2025-11-01 21:00:00,2025-11-01 23:20:00,25.7,2025-11-01 21:45:00,145.0,29,2025
FL.BNA.04,15.0,2025-11-02 22:25:00,2025-11-02 22:45:00,18.8,2025-11-02 22:40:00,25.0,5,2025
FL.BNA.04,15.0,2025-11-03 20:55:00,2025-11-03 21:05:00,17.0,2025-11-03 21:00:00,15.0,3,2025
FL.CTC.01,15.0,2025-05-10 18:20:00,2025-05-10 19:40:00,21.9,2025-05-10 19:15:00,85.0,17,2025
FL.CTC.01,15.0,2025-11-02 22:55:00,2025-11-03 00:15:00,20.5,2025-11-02 23:20:00,85.0,17,2025
FL.CTC.03,15.0,2025-05-10 18:05:00,2025-05-10 18:40:00,28.0,2025-05-10 18:20:00,40.0,8,2025
FL.CTC.03,15.0,2025-11-02 21:45:00,2025-11-03 01:30:00,31.6,2025-11-02 22:25:00,230.0,46,2025
FL.CTC.03,15.0,2025-11-13 02:10:00,2025-11-13 03:45:00,32.7,2025-11-13 02:30:00,100.0,20,2025
FL.CTC.04,15.0,2025-05-10 17:55:00,2025-05-10 19:20:00,27.5,2025-05-10 18:20:00,90.0,18,2025
FL.CTC.04,15.0,2025-05-24 14:15:00,2025-05-24 15:00:00,22.0,2025-05-24 14:30:00,50.0,10,2025
FL.CTC.04,15.0,2025-11-02 21:20:00,2025-11-03 00:45:00,27.5,2025-11-02 22:20:00,210.0,42,2025
FL.CTC.04,15.0,2025-11-03 18:00:00,2025-11-03 18:10:00,18.7,2025-11-03 18:05:00,15.0,3,2025
FL.CTC.04,15.0,2025-11-13 02:20:00,2025-11-13 03:20:00,22.0,2025-11-13 02:40:00,65.0,13,2025
FL.CTC.05,15.0,2025-05-10 18:15:00,2025-05-10 19:10:00,22.2,2025-05-10 18:25:00,60.0,12,2025
FL.CTC.05,15.0,2025-11-13 02:20:00,2025-11-13 03:50:00,25.1,2025-11-13 02:40:00,95.0,19,2025
FL.CTC.07,15.0,2025-05-10 17:55:00,2025-05-10 19:10:00,32.6,2025-05-10 18:10:00,80.0,16,2025
FL.CTC.07,15.0,2025-11-02 21:30:00,2025-11-03 01:10:00,41.3,2025-11-02 22:15:00,225.0,45,2025
FL.CTC.07,15.0,2025-11-13 01:55:00,2025-11-13 04:20:00,41.4,2025-11-13 02:15:00,150.0,30,2025
FL.DDG.01,15.0,2025-05-10 18:10:00,2025-05-10 18:50:00,29.9,2025-05-10 18:20:00,45.0,9,2025
FL.DDG.01,15.0,2025-09-05 15:00:00,2025-09-05 15:05:00,16.7,2025-09-05 15:00:00,10.0,2,2025
FL.DDG.01,15.0,2025-09-05 18:40:00,2025-09-05 19:45:00,26.6,2025-09-05 18:55:00,70.0,14,2025
FL.DDG.01,15.0,2025-11-13 02:00:00,2025-11-13 02:50:00,26.2,2025-11-13 02:25:00,55.0,11,2025
FL.DDG.02,15.0,2025-05-01 03:55:00,2025-05-01 04:35:00,19.0,2025-05-01 04:20:00,45.0,9,2025
FL.DDG.02,15.0,2025-05-10 18:05:00,2025-05-10 19:55:00,33.0,2025-05-10 18:30:00,115.0,23,2025
FL.DDG.02,15.0,2025-09-05 18:50:00,2025-09-05 20:05:00,29.1,2025-09-05 19:05:00,80.0,16,2025
FL.DDG.02,15.0,2025-11-02 21:50:00,2025-11-02 22:10:00,16.9,2025-11-02 22:05:00,25.0,5,2025
FL.DDG.02,15.0,2025-11-13 02:00:00,2025-11-13 04:00:00,32.0,2025-11-13 02:15:00,125.0,25,2025
FL.DDG.03,15.0,2025-11-13 02:15:00,2025-11-13 02:55:00,22.4,2025-11-13 02:25:00,45.0,9,2025
FL.DDG.05,15.0,2025-09-05 18:50:00,2025-09-05 19:55:00,26.9,2025-09-05 19:15:00,70.0,14,2025
FL.DDG.07,15.0,2025-11-13 02:35:00,2025-11-13 03:20:00,23.2,2025-11-13 02:55:00,50.0,10,2025
FL.HKG.01,15.0,2025-04-07 09:30:00,2025-04-07 09:50:00,21.5,2025-04-07 09:35:00,25.0,5,2025
FL.HKG.01,15.0,2025-11-13 02:40:00,2025-11-13 03:00:00,17.6,2025-11-13 02:45:00,25.0,5,2025
FL.JTG.01,15.0,2025-05-23 21:40:00,2025-05-23 22:40:00,21.8,2025-05-23 22:00:00,65.0,13,2025
FL.KTY.02,15.0,2025-11-13 03:00:00,2025-11-13 03:15:00,16.3,2025-11-13 03:00:00,20.0,4,2025
FL.KTY.03,15.0,2025-11-13 03:25:00,2025-11-13 03:40:00,16.3,2025-11-13 03:35:00,20.0,4,2025
FL.LSI.02,15.0,2025-05-10 17:50:00,2025-05-10 19:10:00,23.5,2025-05-10 18:15:00,85.0,17,2025
FL.LSI.02,15.0,2025-05-24 14:20:00,2025-05-24 14:40:00,17.5,2025-05-24 14:30:00,25.0,5,2025
FL.LSI.02,15.0,2025-11-02 21:20:00,2025-11-02 23:20:00,20.6,2025-11-02 21:40:00,125.0,25,2025
FL.LSI.02,15.0,2025-11-13 02:15:00,2025-11-13 02:45:00,18.4,2025-11-13 02:20:00,35.0,7,2025
FL.LSI.04,15.0,2025-05-10 17:50:00,2025-05-10 18:20:00,24.1,2025-05-10 18:05:00,35.0,7,2025
FL.PPS.01,15.0,2025-05-10 18:05:00,2025-05-10 18:20:00,18.5,2025-05-10 18:15:00,20.0,4,2025
FL.PPS.01,15.0,2025-09-06 17:00:00,2025-09-06 17:05:00,15.2,2025-09-06 17:00:00,10.0,2,2025
FL.PTW.01,15.0,2025-11-13 02:45:00,2025-11-13 04:25:00,31.4,2025-11-13 03:15:00,105.0,21,2025
FL.PTW.02,15.0,2025-11-13 02:45:00,2025-11-13 03:55:00,25.7,2025-11-13 03:10:00,75.0,15,2025
FL.PTW.05,15.0,2025-11-13 02:35:00,2025-11-13 05:20:00,34.4,2025-11-13 03:20:00,170.0,34,2025
FL.PWT.02,15.0,2025-05-16 15:25:00,2025-05-16 16:20:00,16.7,2025-05-16 16:05:00,60.0,12,2025
FL.PWT.02,15.0,2025-10-04 12:50:00,2025-10-04 15:10:00,21.8,2025-10-04 13:30:00,145.0,29,2025
FL.PYT.01,15.0,2025-05-10 18:25:00,2025-05-10 18:40:00,17.5,2025-05-10 18:40:00,20.0,4,2025
FL.PYT.01,15.0,2025-11-13 02:25:00,2025-11-13 04:20:00,25.8,2025-11-13 03:20:00,120.0,24,2025
FL.PYT.02,15.0,2025-05-10 18:00:00,2025-05-10 19:30:00,34.1,2025-05-10 18:45:00,95.0,19,2025
FL.PYT.02,15.0,2025-11-13 02:10:00,2025-11-13 04:25:00,33.4,2025-11-13 02:30:00,140.0,28,2025
FL.PYT.04,15.0,2025-11-13 02:10:00,2025-11-13 02:50:00,21.2,2025-11-13 02:30:00,45.0,9,2025
FL.PYT.05,15.0,2025-05-10 18:15:00,2025-05-10 18:40:00,16.3,2025-05-10 18:25:00,30.0,6,2025
FL.PYT.05,15.0,2025-11-13 02:15:00,2025-11-13 04:20:00,25.0,2025-11-13 02:50:00,130.0,26,2025
FL.PYT.06,15.0,2025-05-10 18:05:00,2025-05-10 19:15:00,25.9,2025-05-10 18:40:00,75.0,15,2025
FL.PYT.06,15.0,2025-11-13 02:15:00,2025-11-13 03:55:00,28.7,2025-11-13 03:05:00,105.0,21,2025
FL.PYT.07,15.0,2025-05-10 18:00:00,2025-05-10 18:05:00,15.7,2025-05-10 18:05:00,10.0,2,2025
FL.PYT.07,15.0,2025-11-13 02:10:00,2025-11-13 02:50:00,21.2,2025-11-13 02:30:00,45.0,9,2025
FL.RTW.04,15.0,2025-11-13 02:45:00,2025-11-13 03:45:00,21.8,2025-11-13 03:15:00,65.0,13,2025
FL.RTW.05,15.0,2025-05-10 18:15:00,2025-05-10 18:20:00,16.1,2025-05-10 18:15:00,10.0,2,2025
FL.RTW.05,15.0,2025-11-13 02:50:00,2025-11-13 03:25:00,17.1,2025-11-13 02:55:00,40.0,8,2025
FL.RTW.07,15.0,2025-05-10 18:15:00,2025-05-10 18:35:00,17.1,2025-05-10 18:15:00,25.0,5,2025
FL.RTW.07,15.0,2025-11-13 03:00:00,2025-11-13 03:15:00,18.5,2025-11-13 03:05:00,20.0,4,2025
FL.RTW.08,15.0,2025-05-10 18:10:00,2025-05-10 18:55:00,23.1,2025-05-10 18:15:00,50.0,10,2025
FL.RTW.08,15.0,2025-10-04 11:20:00,2025-10-04 12:25:00,19.8,2025-10-04 12:00:00,70.0,14,2025
FL.RTW.08,15.0,2025-11-13 02:10:00,2025-11-13 04:15:00,37.0,2025-11-13 03:00:00,130.0,26,2025
FL.RTW.09,15.0,2025-05-10 18:05:00,2025-05-10 18:55:00,22.7,2025-05-10 18:15:00,55.0,11,2025
FL.RTW.09,15.0,2025-11-03 20:20:00,2025-11-03 20:50:00,20.6,2025-11-03 20:30:00,35.0,7,2025
FL.RTW.09,15.0,2025-11-13 02:20:00,2025-11-13 04:00:00,25.9,2025-11-13 03:15:00,105.0,21,2025
FL.RTW.10,15.0,2025-11-13 02:25:00,2025-11-13 03:25:00,35.1,2025-11-13 03:00:00,65.0,13,2025
FL.RTW.11,15.0,2025-05-10 18:15:00,2025-05-10 18:35:00,16.8,2025-05-10 18:30:00,25.0,5,2025
FL.RTW.11,15.0,2025-11-13 03:00:00,2025-11-13 03:15:00,15.6,2025-11-13 03:15:00,20.0,4,2025
FL.RTW.12,15.0,2025-11-13 02:50:00,2025-11-13 03:35:00,16.9,2025-11-13 03:10:00,50.0,10,2025
FL.SLG.03,15.0,2025-05-10 17:55:00,2025-05-10 19:35:00,26.8,2025-05-10 18:30:00,105.0,21,2025
FL.SLG.03,15.0,2025-09-06 16:10:00,2025-09-06 18:25:00,35.3,2025-09-06 16:40:00,140.0,28,2025
FL.SLG.03,15.0,2025-11-02 22:10:00,2025-11-02 23:45:00,21.1,2025-11-02 22:35:00,100.0,20,2025
FL.SMI.01,15.0,2025-05-15 14:50:00,2025-05-15 15:05:00,19.4,2025-05-15 15:00:00,20.0,4,2025
FL.SMI.01,15.0,2025-06-05 21:50:00,2025-06-05 22:15:00,24.4,2025-06-05 22:05:00,30.0,6,2025
FL.SMI.01,15.0,2025-07-14 18:25:00,2025-07-14 18:30:00,17.2,2025-07-14 18:30:00,10.0,2,2025
FL.SMI.01,15.0,2025-07-16 02:30:00,2025-07-16 02:40:00,17.2,2025-07-16 02:35:00,15.0,3,2025
FL.SMI.01,15.0,2025-08-15 18:40:00,2025-08-15 18:50:00,21.5,2025-08-15 18:45:00,15.0,3,2025
FL.SMI.01,15.0,2025-09-03 00:15:00,2025-09-03 00:20:00,18.7,2025-09-03 00:20:00,10.0,2,2025
FL.SMI.01,15.0,2025-09-08 12:20:00,2025-09-08 13:35:00,41.6,2025-09-08 12:55:00,80.0,16,2025
FL.SMI.01,15.0,2025-10-11 15:35:00,2025-10-11 16:05:00,26.7,2025-10-11 15:50:00,35.0,7,2025
FL.SMI.01,15.0,2025-11-02 16:30:00,2025-11-02 16:50:00,20.6,2025-11-02 16:40:00,25.0,5,2025
FL.SMI.01,15.0,2025-11-02 21:10:00,2025-11-03 01:10:00,46.4,2025-11-02 22:25:00,245.0,49,2025
FL.STN.01,15.0,2025-05-01 04:30:00,2025-05-01 04:45:00,19.9,2025-05-01 04:40:00,20.0,4,2025
FL.STN.01,15.0,2025-09-04 20:10:00,2025-09-04 21:30:00,33.6,2025-09-04 20:45:00,85.0,17,2025
FL.STN.03,15.0,2025-09-04 20:10:00,2025-09-04 21:50:00,33.4,2025-09-04 20:30:00,105.0,21,2025
FL.STN.03,15.0,2025-09-14 06:25:00,2025-09-14 07:20:00,21.0,2025-09-14 06:45:00,60.0,12,2025
FL.STN.03,15.0,2025-09-17 02:20:00,2025-09-17 03:45:00,30.5,2025-09-17 02:45:00,90.0,18,2025
FL.STN.03,15.0,2025-11-13 02:45:00,2025-11-13 03:35:00,16.1,2025-11-13 02:45:00,55.0,11,2025
FL.WTL.04,15.0,2025-05-10 18:50:00,2025-05-10 20:25:00,17.3,2025-05-10 18:55:00,100.0,20,2025
FL.WTN.01,15.0,2025-02-08 13:50:00,2025-02-08 13:55:00,61.5,2025-02-08 13:50:00,10.0,2,2025
