fold,test_year,model,target,horizon_h,threshold,constraints_met,n_rows,positives,alarms,tp,fp,fn,tn,precision,recall,f1,f2,false_negative_rate,false_positive_rate,specificity,alarms_per_hit,csi,pr_auc,roc_auc,base_rate,brier,onset_recall,onset_positives,ongoing_recall
1,2022,lightgbm,ge5,1,0.86663,True,3469685,7181,5826,4100,1726,3081,3460778,0.7037,0.571,0.6304,0.5933,0.429,0.000498,0.9995,1.42,0.4603,0.5336,0.9364,0.00207,0.003164,0.0417,3215,1.0
1,2022,lightgbm,ge5,3,0.90093,False,3469685,13251,8930,4285,4645,8966,3451789,0.4798,0.3234,0.3864,0.3459,0.6766,0.001344,0.9987,2.08,0.2394,0.3174,0.8752,0.003819,0.01327,0.0323,9265,1.0
1,2022,lightgbm,ge5,6,0.80665,False,3469685,22143,24392,5002,19390,17141,3428152,0.2051,0.2259,0.215,0.2214,0.7741,0.005624,0.9944,4.88,0.1204,0.2102,0.833,0.006382,0.019482,0.0556,18150,1.0
1,2022,lightgbm,ge15,1,0.1643,True,3469685,2374,2223,1571,652,803,3466659,0.7067,0.6618,0.6835,0.6703,0.3382,0.000188,0.9998,1.42,0.5192,0.6246,0.9605,0.000684,0.000359,0.173,971,1.0
1,2022,lightgbm,ge15,3,0.80591,False,3469685,4217,2634,1626,1008,2591,3464460,0.6173,0.3856,0.4747,0.4169,0.6144,0.000291,0.9997,1.62,0.3112,0.3664,0.9058,0.001215,0.001491,0.0779,2810,1.0
1,2022,lightgbm,ge15,6,0.56615,False,3469685,6932,2552,1602,950,5330,3461803,0.6277,0.2311,0.3378,0.2645,0.7689,0.000274,0.9997,1.59,0.2032,0.2316,0.862,0.001998,0.001789,0.0349,5523,1.0
1,2022,lightgbm,ge30,1,1.0,False,3469685,362,281,239,42,123,3469281,0.8505,0.6602,0.7434,0.6912,0.3398,1.2e-05,1.0,1.18,0.5916,0.5804,0.9714,0.000104,0.00958,0.0,123,1.0
1,2022,lightgbm,ge30,3,0.99999,False,3469685,599,504,290,214,309,3468872,0.5754,0.4841,0.5258,0.5,0.5159,6.2e-05,0.9999,1.74,0.3567,0.4085,0.8965,0.000173,0.013011,0.132,356,1.0
1,2022,lightgbm,ge30,6,0.42871,False,3469685,935,634,297,337,638,3468413,0.4685,0.3176,0.3786,0.3395,0.6824,9.7e-05,0.9999,2.13,0.2335,0.2874,0.8542,0.000269,0.000251,0.078,692,1.0
2,2023,lightgbm,ge5,1,0.97754,True,3370379,2879,1904,1374,530,1505,3366970,0.7216,0.4772,0.5745,0.5119,0.5228,0.000157,0.9998,1.39,0.4031,0.4447,0.9529,0.000854,0.007861,0.0322,1555,1.0
2,2023,lightgbm,ge5,3,0.94919,False,3370379,5910,2412,1423,989,4487,3363480,0.59,0.2408,0.342,0.2731,0.7592,0.000294,0.9997,1.7,0.2063,0.2232,0.8856,0.001754,0.015601,0.0205,4581,1.0
2,2023,lightgbm,ge5,6,0.81078,False,3370379,10390,18713,2073,16640,8317,3343349,0.1108,0.1995,0.1425,0.172,0.8005,0.004952,0.995,9.03,0.0767,0.1447,0.8485,0.003083,0.02218,0.0821,9061,1.0
2,2023,lightgbm,ge15,1,0.07003,True,3370379,823,858,482,376,341,3369180,0.5618,0.5857,0.5735,0.5807,0.4143,0.000112,0.9999,1.78,0.402,0.5243,0.9356,0.000244,0.000157,0.1432,398,1.0
2,2023,lightgbm,ge15,3,0.82649,False,3370379,1615,1229,504,725,1111,3368039,0.4101,0.3121,0.3544,0.3277,0.6879,0.000215,0.9998,2.44,0.2154,0.2747,0.9036,0.000479,0.001483,0.0664,1190,1.0
2,2023,lightgbm,ge15,6,0.85785,False,3370379,2803,1247,526,721,2277,3366855,0.4218,0.1877,0.2598,0.2111,0.8123,0.000214,0.9998,2.37,0.1493,0.167,0.8835,0.000832,0.00228,0.0425,2378,1.0
2,2023,lightgbm,ge30,1,1.0,True,3370379,147,244,87,157,60,3370075,0.3566,0.5918,0.445,0.5228,0.4082,4.7e-05,1.0,2.8,0.2862,0.4814,0.8694,4.4e-05,0.005826,0.1781,73,1.0
2,2023,lightgbm,ge30,3,0.00202,True,3370379,283,758,95,663,188,3369433,0.1253,0.3357,0.1825,0.2513,0.6643,0.000197,0.9998,7.98,0.1004,0.2569,0.7776,8.4e-05,9.7e-05,0.1005,209,1.0
2,2023,lightgbm,ge30,6,0.01273,False,3370379,487,465,96,369,391,3369523,0.2065,0.1971,0.2017,0.1989,0.8029,0.000109,0.9999,4.84,0.1121,0.1533,0.6403,0.000144,0.000137,0.0533,413,1.0
3,2024,lightgbm,ge5,1,0.96719,True,3451352,1774,1502,792,710,982,3448868,0.5273,0.4464,0.4835,0.4606,0.5536,0.000206,0.9998,1.9,0.3188,0.384,0.9707,0.000514,0.01303,0.0762,1063,1.0
3,2024,lightgbm,ge5,3,0.97099,False,3451352,3748,1260,785,475,2963,3447129,0.623,0.2094,0.3135,0.2415,0.7906,0.000138,0.9999,1.61,0.1859,0.1944,0.9213,0.001086,0.024091,0.0215,3028,1.0
3,2024,lightgbm,ge5,6,0.91701,False,3451352,6664,3030,844,2186,5820,3442502,0.2785,0.1267,0.1741,0.1422,0.8733,0.000635,0.9994,3.59,0.0954,0.1177,0.8859,0.001931,0.028171,0.0209,5944,1.0
3,2024,lightgbm,ge15,1,0.96605,True,3451352,294,193,115,78,179,3450980,0.5959,0.3912,0.4723,0.42,0.6088,2.3e-05,1.0,1.68,0.3091,0.3376,0.9755,8.5e-05,0.000784,0.0324,185,1.0
3,2024,lightgbm,ge15,3,0.92704,False,3451352,662,464,140,324,522,3450366,0.3017,0.2115,0.2487,0.2249,0.7885,9.4e-05,0.9999,3.31,0.142,0.1599,0.9197,0.000192,0.001654,0.0543,552,1.0
3,2024,lightgbm,ge15,6,0.92787,False,3451352,1214,642,137,505,1077,3449633,0.2134,0.1129,0.1476,0.1246,0.8871,0.000146,0.9999,4.69,0.0797,0.0851,0.901,0.000352,0.005776,0.0245,1104,1.0
3,2024,lightgbm,ge30,1,1.0,True,3451352,43,26,17,9,26,3451300,0.6538,0.3953,0.4928,0.4293,0.6047,3e-06,1.0,1.53,0.3269,0.3385,0.9406,1.2e-05,0.006003,0.0714,28,1.0
3,2024,lightgbm,ge30,3,1.0,False,3451352,99,217,23,194,76,3451059,0.106,0.2323,0.1456,0.1876,0.7677,5.6e-05,0.9999,9.43,0.0785,0.1293,0.6791,2.9e-05,0.010438,0.0952,84,1.0
3,2024,lightgbm,ge30,6,0.16186,False,3451352,183,71,21,50,162,3451119,0.2958,0.1148,0.1654,0.1308,0.8852,1.4e-05,1.0,3.38,0.0901,0.0889,0.8105,5.3e-05,5.3e-05,0.0357,168,1.0
4,2025,lightgbm,ge5,1,0.92492,True,3348382,2798,2723,1570,1153,1228,3344431,0.5766,0.5611,0.5687,0.5641,0.4389,0.000345,0.9997,1.73,0.3974,0.5275,0.9673,0.000836,0.008831,0.099,1363,1.0
4,2025,lightgbm,ge5,3,0.92955,False,3348382,5445,2772,1569,1203,3876,3341734,0.566,0.2882,0.3819,0.3195,0.7118,0.00036,0.9996,1.77,0.236,0.2848,0.9226,0.001626,0.023427,0.0327,4007,1.0
4,2025,lightgbm,ge5,6,0.83301,False,3348382,9329,11834,1838,9996,7491,3329057,0.1553,0.197,0.1737,0.187,0.803,0.002994,0.997,6.44,0.0951,0.1752,0.8863,0.002786,0.034541,0.0502,7887,1.0
4,2025,lightgbm,ge15,1,0.04719,True,3348382,881,957,507,450,374,3347051,0.5298,0.5755,0.5517,0.5657,0.4245,0.000134,0.9999,1.89,0.3809,0.5006,0.95,0.000263,0.000164,0.1707,451,1.0
4,2025,lightgbm,ge15,3,0.85532,False,3348382,1770,1023,511,512,1259,3346100,0.4995,0.2887,0.3659,0.3153,0.7113,0.000153,0.9998,2.0,0.2239,0.2538,0.905,0.000529,0.001318,0.0604,1340,1.0
4,2025,lightgbm,ge15,6,0.90688,False,3348382,3087,1024,512,512,2575,3344783,0.5,0.1659,0.2491,0.1914,0.8341,0.000153,0.9998,2.0,0.1423,0.1561,0.8575,0.000922,0.004972,0.0301,2655,1.0
4,2025,lightgbm,ge30,1,1.0,False,3348382,130,144,63,81,67,3348171,0.4375,0.4846,0.4599,0.4744,0.5154,2.4e-05,1.0,2.29,0.2986,0.3946,0.8137,3.9e-05,0.006751,0.1067,75,1.0
4,2025,lightgbm,ge30,3,1.0,False,3348382,275,1310,87,1223,188,3346884,0.0664,0.3164,0.1098,0.1805,0.6836,0.000365,0.9996,15.06,0.0581,0.023,0.5993,8.2e-05,0.002041,0.1455,220,1.0
4,2025,lightgbm,ge30,6,0.80874,False,3348382,491,234,67,167,424,3347724,0.2863,0.1365,0.1848,0.1524,0.8635,5e-05,1.0,3.49,0.1018,0.1131,0.4131,0.000147,0.000331,0.0275,436,1.0
