station_code,positives,tp,fn,fp,recall,precision,f2,false_negative_rate,n_rows,alarms,tn,f1,false_positive_rate,specificity,alarms_per_hit,csi
FL.SMI.01,64,26,38,34,0.4062,0.4333,0.4114,0.5938,35040,60,34942,0.4194,0.000972,0.999,2.31,0.2653
FL.BNA.04,49,25,24,7,0.5102,0.7812,0.5482,0.4898,35040,32,34984,0.6173,0.0002,0.9998,1.28,0.4464
FL.CTC.04,45,27,18,11,0.6,0.7105,0.6193,0.4,35040,38,34984,0.6506,0.000314,0.9997,1.41,0.4821
FL.DDG.02,42,26,16,13,0.619,0.6667,0.628,0.381,35040,39,34985,0.642,0.000371,0.9996,1.5,0.4727
FL.BKM.01,41,25,16,16,0.6098,0.6098,0.6098,0.3902,35040,41,34983,0.6098,0.000457,0.9995,1.64,0.4386
FL.DDG.01,25,10,15,7,0.4,0.5882,0.4274,0.6,35040,17,35008,0.4762,0.0002,0.9998,1.7,0.3125
FL.STN.03,33,19,14,15,0.5758,0.5588,0.5723,0.4242,35040,34,34992,0.5672,0.000428,0.9996,1.79,0.3958
FL.CTC.07,41,29,12,16,0.7073,0.6444,0.6938,0.2927,35040,45,34983,0.6744,0.000457,0.9995,1.55,0.5088
FL.LSI.02,31,19,12,9,0.6129,0.6786,0.625,0.3871,35040,28,35000,0.6441,0.000257,0.9997,1.47,0.475
FL.RTW.08,27,16,11,2,0.5926,0.8889,0.6349,0.4074,35040,18,35011,0.7111,5.7e-05,0.9999,1.12,0.5517
FL.CTC.03,35,25,10,4,0.7143,0.8621,0.7396,0.2857,32783,29,32744,0.7813,0.000122,0.9999,1.16,0.641
FL.SLG.03,33,23,10,18,0.697,0.561,0.6647,0.303,35040,41,34989,0.6216,0.000514,0.9995,1.78,0.451
FL.PYT.02,23,15,8,8,0.6522,0.6522,0.6522,0.3478,27926,23,27895,0.6522,0.000287,0.9997,1.53,0.4839
FL.RTW.09,22,14,8,13,0.6364,0.5185,0.6087,0.3636,35040,27,35005,0.5714,0.000371,0.9996,1.93,0.4
FL.PYT.05,18,10,8,3,0.5556,0.7692,0.5882,0.4444,34807,13,34786,0.6452,8.6e-05,0.9999,1.3,0.4762
FL.BBN.01,15,7,8,2,0.4667,0.7778,0.5072,0.5333,35040,9,35023,0.5833,5.7e-05,0.9999,1.29,0.4118
FL.STN.01,14,6,8,3,0.4286,0.6667,0.4615,0.5714,35040,9,35023,0.5217,8.6e-05,0.9999,1.5,0.3529
FL.PYT.07,10,2,8,2,0.2,0.5,0.2273,0.8,35040,4,35028,0.2857,5.7e-05,0.9999,2.0,0.1667
FL.PPS.01,8,0,8,2,0.0,0.0,0.0,1.0,35040,2,35030,0.0,5.7e-05,0.9999,0.0,0.0
FL.PYT.06,19,12,7,3,0.6316,0.8,0.6593,0.3684,35040,15,35018,0.7059,8.6e-05,0.9999,1.25,0.5455
FL.BBN.02,18,11,7,2,0.6111,0.8462,0.6471,0.3889,35040,13,35020,0.7097,5.7e-05,0.9999,1.18,0.55
FL.CTC.05,17,10,7,1,0.5882,0.9091,0.6329,0.4118,35040,11,35022,0.7143,2.9e-05,1.0,1.1,0.5556
FL.PYT.01,16,9,7,1,0.5625,0.9,0.6081,0.4375,35040,10,35023,0.6923,2.9e-05,1.0,1.11,0.5294
FL.BKM.02,13,6,7,3,0.4615,0.6667,0.4918,0.5385,35040,9,35024,0.5455,8.6e-05,0.9999,1.5,0.375
FL.RTW.05,10,3,7,1,0.3,0.75,0.3409,0.7,35040,4,35029,0.4286,2.9e-05,1.0,1.33,0.2727
FL.HKG.01,10,4,6,7,0.4,0.3636,0.3922,0.6,31631,11,31614,0.381,0.000221,0.9998,2.75,0.2353
FL.RTW.07,10,4,6,5,0.4,0.4444,0.4082,0.6,35040,9,35025,0.4211,0.000143,0.9999,2.25,0.2667
FL.RTW.11,10,4,6,4,0.4,0.5,0.4167,0.6,35040,8,35026,0.4444,0.000114,0.9999,2.0,0.2857
FL.CTC.01,18,13,5,5,0.7222,0.7222,0.7222,0.2778,35040,18,35017,0.7222,0.000143,0.9999,1.38,0.5652
FL.PTW.01,11,7,4,3,0.6364,0.7,0.6481,0.3636,35040,10,35026,0.6667,8.6e-05,0.9999,1.43,0.5
FL.PTW.02,9,5,4,0,0.5556,1.0,0.6098,0.4444,35040,5,35031,0.7143,0.0,1.0,1.0,0.5556
FL.RTW.04,8,4,4,1,0.5,0.8,0.5405,0.5,35040,5,35031,0.6154,2.9e-05,1.0,1.25,0.4444
FL.DDG.03,7,3,4,0,0.4286,1.0,0.4839,0.5714,35040,3,35033,0.6,0.0,1.0,1.0,0.4286
FL.BKE.02,6,2,4,10,0.3333,0.1667,0.2778,0.6667,35040,12,35024,0.2222,0.000285,0.9997,6.0,0.125
FL.PYT.04,6,2,4,2,0.3333,0.5,0.3571,0.6667,35040,4,35032,0.4,5.7e-05,0.9999,2.0,0.25
FL.KTY.02,5,1,4,3,0.2,0.25,0.2083,0.8,35040,4,35032,0.2222,8.6e-05,0.9999,4.0,0.125
FL.WTN.01,4,0,4,0,0.0,0.0,0.0,1.0,29502,0,29498,0.0,0.0,1.0,0.0,0.0
FL.PTW.05,14,11,3,1,0.7857,0.9167,0.8088,0.2143,35040,12,35025,0.8462,2.9e-05,1.0,1.09,0.7333
FL.DDG.05,8,5,3,6,0.625,0.4545,0.5814,0.375,35040,11,35026,0.5263,0.000171,0.9998,2.2,0.3571
FL.JTG.01,8,5,3,0,0.625,1.0,0.6757,0.375,35035,5,35027,0.7692,0.0,1.0,1.0,0.625
FL.RTW.10,8,5,3,8,0.625,0.3846,0.5556,0.375,35040,13,35024,0.4762,0.000228,0.9998,2.6,0.3125
FL.DDG.07,6,3,3,1,0.5,0.75,0.5357,0.5,35040,4,35033,0.6,2.9e-05,1.0,1.33,0.4286
FL.BKN.01,5,2,3,9,0.4,0.1818,0.3226,0.6,34506,11,34492,0.25,0.000261,0.9997,5.5,0.1429
FL.BNA.03,13,11,2,2,0.8462,0.8462,0.8462,0.1538,35040,13,35025,0.8462,5.7e-05,0.9999,1.18,0.7333
FL.RTW.12,6,4,2,3,0.6667,0.5714,0.6452,0.3333,35040,7,35031,0.6154,8.6e-05,0.9999,1.75,0.4444
FL.KTY.03,5,3,2,1,0.6,0.75,0.625,0.4,35040,4,35034,0.6667,2.9e-05,1.0,1.33,0.5
FL.WTL.04,10,9,1,2,0.9,0.8182,0.8824,0.1,34902,11,34890,0.8571,5.7e-05,0.9999,1.22,0.75
FL.PWT.02,20,20,0,60,1.0,0.25,0.625,0.0,35040,80,34960,0.4,0.001713,0.9983,4.0,0.25
FL.LSI.04,5,5,0,39,1.0,0.1136,0.3906,0.0,35040,44,34996,0.2041,0.001113,0.9989,8.8,0.1136
FL.BKA.02,0,0,0,0,0.0,0.0,0.0,0.0,35040,0,35040,0.0,0.0,1.0,0.0,0.0
FL.BKE.01,0,0,0,6,0.0,0.0,0.0,0.0,35040,6,35034,0.0,0.000171,0.9998,0.0,0.0
FL.BKN.02,0,0,0,0,0.0,0.0,0.0,0.0,35040,0,35040,0.0,0.0,1.0,0.0,0.0
FL.BKP.01,0,0,0,0,0.0,0.0,0.0,0.0,35040,0,35040,0.0,0.0,1.0,0.0,0.0
FL.BKP.02,0,0,0,0,0.0,0.0,0.0,0.0,20563,0,20563,0.0,0.0,1.0,0.0,0.0
FL.BKT.01,0,0,0,0,0.0,0.0,0.0,0.0,35040,0,35040,0.0,0.0,1.0,0.0,0.0
FL.BNA.01,0,0,0,0,0.0,0.0,0.0,0.0,35040,0,35040,0.0,0.0,1.0,0.0,0.0
FL.BNA.02,0,0,0,2,0.0,0.0,0.0,0.0,35040,2,35038,0.0,5.7e-05,0.9999,0.0,0.0
FL.BNA.05,0,0,0,0,0.0,0.0,0.0,0.0,35040,0,35040,0.0,0.0,1.0,0.0,0.0
FL.BRK.01,0,0,0,7,0.0,0.0,0.0,0.0,35040,7,35033,0.0,0.0002,0.9998,0.0,0.0
FL.BRK.02,0,0,0,0,0.0,0.0,0.0,0.0,35040,0,35040,0.0,0.0,1.0,0.0,0.0
FL.BSU.01,0,0,0,0,0.0,0.0,0.0,0.0,13916,0,13916,0.0,0.0,1.0,0.0,0.0
FL.CTC.02,0,0,0,0,0.0,0.0,0.0,0.0,35040,0,35040,0.0,0.0,1.0,0.0,0.0
FL.CTC.06,0,0,0,0,0.0,0.0,0.0,0.0,35040,0,35040,0.0,0.0,1.0,0.0,0.0
FL.DDG.04,0,0,0,0,0.0,0.0,0.0,0.0,35040,0,35040,0.0,0.0,1.0,0.0,0.0
FL.DDG.06,0,0,0,1,0.0,0.0,0.0,0.0,35040,1,35039,0.0,2.9e-05,1.0,0.0,0.0
FL.DDG.08,0,0,0,4,0.0,0.0,0.0,0.0,35040,4,35036,0.0,0.000114,0.9999,0.0,0.0
FL.DST.03,0,0,0,0,0.0,0.0,0.0,0.0,35040,0,35040,0.0,0.0,1.0,0.0,0.0
FL.DST.04,0,0,0,0,0.0,0.0,0.0,0.0,35040,0,35040,0.0,0.0,1.0,0.0,0.0
FL.DST.06,0,0,0,2,0.0,0.0,0.0,0.0,35040,2,35038,0.0,5.7e-05,0.9999,0.0,0.0
FL.DST.07,0,0,0,0,0.0,0.0,0.0,0.0,35040,0,35040,0.0,0.0,1.0,0.0,0.0
FL.DST.08,0,0,0,0,0.0,0.0,0.0,0.0,35040,0,35040,0.0,0.0,1.0,0.0,0.0
FL.KSN.01,0,0,0,0,0.0,0.0,0.0,0.0,35040,0,35040,0.0,0.0,1.0,0.0,0.0
FL.KTY.01,0,0,0,0,0.0,0.0,0.0,0.0,16416,0,16416,0.0,0.0,1.0,0.0,0.0
FL.KTY.04,0,0,0,6,0.0,0.0,0.0,0.0,35040,6,35034,0.0,0.000171,0.9998,0.0,0.0
FL.KTY.05,0,0,0,0,0.0,0.0,0.0,0.0,35040,0,35040,0.0,0.0,1.0,0.0,0.0
FL.LSI.03,0,0,0,12,0.0,0.0,0.0,0.0,35040,12,35028,0.0,0.000342,0.9997,0.0,0.0
FL.LSI.05,0,0,0,4,0.0,0.0,0.0,0.0,35040,4,35036,0.0,0.000114,0.9999,0.0,0.0
FL.LSI.06,0,0,0,8,0.0,0.0,0.0,0.0,35040,8,35032,0.0,0.000228,0.9998,0.0,0.0
FL.MBR.01,0,0,0,0,0.0,0.0,0.0,0.0,20943,0,20943,0.0,0.0,1.0,0.0,0.0
FL.PKN.01,0,0,0,0,0.0,0.0,0.0,0.0,35040,0,35040,0.0,0.0,1.0,0.0,0.0
FL.PNK.02,0,0,0,0,0.0,0.0,0.0,0.0,35040,0,35040,0.0,0.0,1.0,0.0,0.0
FL.PPS.02,0,0,0,0,0.0,0.0,0.0,0.0,35040,0,35040,0.0,0.0,1.0,0.0,0.0
FL.PTW.03,0,0,0,0,0.0,0.0,0.0,0.0,35040,0,35040,0.0,0.0,1.0,0.0,0.0
FL.PWT.01,0,0,0,0,0.0,0.0,0.0,0.0,35040,0,35040,0.0,0.0,1.0,0.0,0.0
FL.PYT.03,0,0,0,2,0.0,0.0,0.0,0.0,35040,2,35038,0.0,5.7e-05,0.9999,0.0,0.0
FL.RTW.01,0,0,0,0,0.0,0.0,0.0,0.0,35040,0,35040,0.0,0.0,1.0,0.0,0.0
FL.RTW.02,0,0,0,0,0.0,0.0,0.0,0.0,35040,0,35040,0.0,0.0,1.0,0.0,0.0
FL.RTW.03,0,0,0,0,0.0,0.0,0.0,0.0,8553,0,8553,0.0,0.0,1.0,0.0,0.0
FL.RTW.06,0,0,0,0,0.0,0.0,0.0,0.0,35040,0,35040,0.0,0.0,1.0,0.0,0.0
FL.SLG.01,0,0,0,9,0.0,0.0,0.0,0.0,35040,9,35031,0.0,0.000257,0.9997,0.0,0.0
FL.SLG.02,0,0,0,1,0.0,0.0,0.0,0.0,22510,1,22509,0.0,4.4e-05,1.0,0.0,0.0
FL.SPW.01,0,0,0,8,0.0,0.0,0.0,0.0,35040,8,35032,0.0,0.000228,0.9998,0.0,0.0
FL.SPW.02,0,0,0,3,0.0,0.0,0.0,0.0,35040,3,35037,0.0,8.6e-05,0.9999,0.0,0.0
FL.STN.02,0,0,0,3,0.0,0.0,0.0,0.0,35040,3,35037,0.0,8.6e-05,0.9999,0.0,0.0
FL.STN.04,0,0,0,0,0.0,0.0,0.0,0.0,35040,0,35040,0.0,0.0,1.0,0.0,0.0
FL.WTL.01,0,0,0,2,0.0,0.0,0.0,0.0,33274,2,33272,0.0,6e-05,0.9999,0.0,0.0
FL.WTL.02,0,0,0,2,0.0,0.0,0.0,0.0,34895,2,34893,0.0,5.7e-05,0.9999,0.0,0.0
FL.WTL.03,0,0,0,0,0.0,0.0,0.0,0.0,35040,0,35040,0.0,0.0,1.0,0.0,0.0
FL.WTN.02,0,0,0,0,0.0,0.0,0.0,0.0,35040,0,35040,0.0,0.0,1.0,0.0,0.0
FL.WTN.03,0,0,0,0,0.0,0.0,0.0,0.0,7900,0,7900,0.0,0.0,1.0,0.0,0.0
