station_code,started_at,ended_at,n_readings,peak_depth_cm,tier_cm
FL.BBN.01,2019-04-26 10:30:00,2019-04-26 10:35:00,2,29.5,15.0
FL.BBN.01,2019-09-19 18:40:00,2019-09-19 18:40:00,1,16.2,15.0
FL.BBN.01,2020-05-26 03:35:00,2020-05-26 03:35:00,1,21.4,15.0
FL.BBN.01,2020-09-01 05:20:00,2020-09-01 06:05:00,10,21.1,15.0
FL.BBN.01,2020-09-27 21:10:00,2020-09-27 21:10:00,1,16.7,15.0
FL.BBN.01,2020-09-28 21:25:00,2020-09-28 22:05:00,9,19.7,15.0
FL.BBN.01,2020-09-28 22:25:00,2020-09-28 22:25:00,1,15.5,15.0
FL.BBN.01,2020-10-04 00:05:00,2020-10-04 00:10:00,2,15.7,15.0
FL.BBN.01,2020-10-06 15:50:00,2020-10-06 15:55:00,2,19.7,15.0
FL.BBN.01,2020-11-21 11:25:00,2020-11-21 11:25:00,1,15.9,15.0
FL.BBN.01,2021-06-13 17:45:00,2021-06-13 17:45:00,1,15.0,15.0
FL.BBN.01,2021-07-14 08:30:00,2021-07-14 09:35:00,14,21.0,15.0
FL.BBN.01,2021-07-28 14:00:00,2021-07-28 14:00:00,1,15.9,15.0
FL.BBN.01,2021-09-08 03:05:00,2021-09-08 03:25:00,5,17.2,15.0
FL.BBN.01,2021-09-19 15:55:00,2021-09-19 16:30:00,8,22.5,15.0
FL.BBN.01,2021-10-03 21:45:00,2021-10-03 22:00:00,4,17.8,15.0
FL.BBN.01,2021-10-07 14:30:00,2021-10-07 14:40:00,3,19.6,15.0
FL.BBN.01,2022-05-28 17:35:00,2022-05-28 17:45:00,3,17.5,15.0
FL.BBN.01,2022-05-28 17:55:00,2022-05-28 17:55:00,1,15.1,15.0
FL.BBN.01,2022-06-19 19:15:00,2022-06-19 19:35:00,5,18.8,15.0
FL.BBN.01,2022-06-24 21:00:00,2022-06-24 21:55:00,12,21.3,15.0
FL.BBN.01,2022-06-28 17:40:00,2022-06-28 18:05:00,6,20.3,15.0
FL.BBN.01,2022-07-20 22:40:00,2022-07-20 22:50:00,3,20.8,15.0
FL.BBN.01,2022-07-20 23:00:00,2022-07-20 23:00:00,1,16.7,15.0
FL.BBN.01,2022-10-03 15:00:00,2022-10-03 15:05:00,2,15.5,15.0
FL.BBN.01,2023-10-16 17:20:00,2023-10-16 17:20:00,1,17.0,15.0
FL.BBN.01,2024-10-16 12:05:00,2024-10-16 12:05:00,1,15.4,15.0
FL.BBN.01,2025-05-23 21:25:00,2025-05-23 21:45:00,5,17.2,15.0
FL.BBN.01,2025-05-23 22:15:00,2025-05-23 22:20:00,2,18.4,15.0
FL.BBN.01,2025-05-23 22:30:00,2025-05-23 22:35:00,2,17.7,15.0
FL.BBN.01,2025-10-06 00:40:00,2025-10-06 01:35:00,12,22.4,15.0
FL.BBN.02,2021-07-14 08:30:00,2021-07-14 09:50:00,17,24.2,15.0
FL.BBN.02,2022-06-24 21:15:00,2022-06-24 21:15:00,1,15.1,15.0
FL.BBN.02,2022-06-24 21:25:00,2022-06-24 22:00:00,8,19.3,15.0
FL.BBN.02,2022-07-20 22:45:00,2022-07-20 23:20:00,8,19.3,15.0
FL.BBN.02,2022-10-03 15:10:00,2022-10-03 15:10:00,1,15.1,15.0
FL.BBN.02,2025-05-23 21:30:00,2025-05-23 23:05:00,20,20.0,15.0
FL.BBN.02,2025-10-06 00:50:00,2025-10-06 01:55:00,14,26.7,15.0
FL.BKE.01,2020-10-16 13:45:00,2020-10-16 13:45:00,1,17.0,15.0
FL.BKE.01,2020-10-16 13:55:00,2020-10-16 14:15:00,5,17.6,15.0
FL.BKE.01,2021-07-01 22:20:00,2021-07-01 22:50:00,7,17.1,15.0
FL.BKE.01,2021-09-20 20:00:00,2021-09-20 20:30:00,7,18.6,15.0
FL.BKE.01,2022-02-04 18:55:00,2022-02-04 19:20:00,6,18.6,15.0
FL.BKE.01,2022-07-20 22:35:00,2022-07-20 23:05:00,7,19.6,15.0
FL.BKE.01,2022-09-22 05:00:00,2022-09-22 05:30:00,7,19.6,15.0
FL.BKE.01,2022-09-22 05:40:00,2022-09-22 05:40:00,1,16.0,15.0
FL.BKE.01,2023-09-26 19:50:00,2023-09-26 20:30:00,9,19.9,15.0
FL.BKE.01,2023-10-03 17:35:00,2023-10-03 18:10:00,8,19.0,15.0
FL.BKE.01,2024-03-20 08:15:00,2024-03-20 08:45:00,7,18.9,15.0
FL.BKE.01,2024-10-10 19:35:00,2024-10-10 19:35:00,1,16.2,15.0
FL.BKE.01,2024-10-10 19:45:00,2024-10-10 19:45:00,1,16.3,15.0
FL.BKE.02,2019-06-24 06:00:00,2019-06-24 08:10:00,27,35.8,15.0
FL.BKE.02,2019-06-24 21:55:00,2019-06-24 22:40:00,10,26.5,15.0
FL.BKE.02,2020-09-29 11:35:00,2020-09-29 11:35:00,1,22.9,15.0
FL.BKE.02,2023-09-26 19:35:00,2023-09-26 20:30:00,12,17.3,15.0
FL.BKE.02,2023-10-21 04:40:00,2023-10-21 04:40:00,1,15.0,15.0
FL.BKE.02,2023-10-21 05:05:00,2023-10-21 05:10:00,2,15.6,15.0
FL.BKE.02,2024-03-20 08:25:00,2024-03-20 08:25:00,1,16.4,15.0
FL.BKE.02,2025-10-13 13:05:00,2025-10-13 13:40:00,8,23.5,15.0
FL.BKL.01,2021-02-09 12:55:00,2021-02-09 12:55:00,1,16.0,15.0
FL.BKM.01,2019-06-30 19:00:00,2019-06-30 19:00:00,1,16.2,15.0
FL.BKM.01,2019-06-30 21:50:00,2019-06-30 21:55:00,2,16.8,15.0
FL.BKM.01,2019-06-30 22:05:00,2019-06-30 22:10:00,2,18.1,15.0
FL.BKM.01,2019-06-30 22:25:00,2019-07-01 00:20:00,24,28.7,15.0
FL.BKM.01,2019-07-01 00:35:00,2019-07-01 01:25:00,11,33.2,15.0
FL.BKM.01,2019-07-01 02:25:00,2019-07-01 02:55:00,7,16.4,15.0
FL.BKM.01,2019-07-01 03:10:00,2019-07-01 03:10:00,1,15.8,15.0
FL.BKM.01,2019-07-01 03:25:00,2019-07-01 03:30:00,2,15.4,15.0
FL.BKM.01,2019-07-01 03:40:00,2019-07-01 03:40:00,1,15.9,15.0
FL.BKM.01,2019-07-01 03:55:00,2019-07-01 03:55:00,1,15.1,15.0
FL.BKM.01,2019-07-01 04:10:00,2019-07-01 04:15:00,2,15.8,15.0
FL.BKM.01,2019-07-01 04:25:00,2019-07-01 04:45:00,5,15.6,15.0
FL.BKM.01,2019-07-01 05:10:00,2019-07-01 05:15:00,2,16.2,15.0
FL.BKM.01,2019-07-01 05:25:00,2019-07-01 05:35:00,3,16.6,15.0
FL.BKM.01,2019-07-01 06:00:00,2019-07-01 07:00:00,13,22.5,15.0
FL.BKM.01,2019-07-10 11:05:00,2019-07-10 11:05:00,1,77.5,15.0
FL.BKM.01,2020-07-28 02:15:00,2020-07-28 02:15:00,1,15.3,15.0
FL.BKM.01,2020-08-06 06:35:00,2020-08-06 06:35:00,1,15.0,15.0
FL.BKM.01,2020-08-06 06:50:00,2020-08-06 06:50:00,1,16.0,15.0
FL.BKM.01,2020-08-06 07:05:00,2020-08-06 07:05:00,1,17.2,15.0
FL.BKM.01,2020-08-06 07:15:00,2020-08-06 07:15:00,1,16.5,15.0
FL.BKM.01,2020-08-06 07:40:00,2020-08-06 07:40:00,1,16.4,15.0
FL.BKM.01,2020-08-06 08:05:00,2020-08-06 08:05:00,1,16.7,15.0
FL.BKM.01,2020-08-06 08:35:00,2020-08-06 08:40:00,2,17.6,15.0
FL.BKM.01,2020-08-06 09:10:00,2020-08-06 09:10:00,1,17.7,15.0
FL.BKM.01,2020-08-28 17:20:00,2020-08-28 17:25:00,2,18.1,15.0
FL.BKM.01,2020-08-28 17:35:00,2020-08-28 17:35:00,1,15.2,15.0
FL.BKM.01,2020-09-27 21:00:00,2020-09-27 21:05:00,2,15.4,15.0
FL.BKM.01,2021-02-25 13:25:00,2021-02-25 13:25:00,1,23.1,15.0
FL.BKM.01,2021-08-21 06:00:00,2021-08-21 08:55:00,36,37.9,15.0
FL.BKM.01,2021-09-30 14:20:00,2021-09-30 14:35:00,4,20.5,15.0
FL.BKM.01,2021-10-02 14:45:00,2021-10-02 15:30:00,10,22.3,15.0
FL.BKM.01,2021-10-14 17:30:00,2021-10-14 17:30:00,1,15.1,15.0
FL.BKM.01,2021-10-14 20:45:00,2021-10-14 20:55:00,3,18.2,15.0
FL.BKM.01,2021-10-14 21:05:00,2021-10-14 21:05:00,1,15.1,15.0
FL.BKM.01,2022-06-28 18:30:00,2022-06-28 18:35:00,2,17.0,15.0
FL.BKM.01,2022-07-01 19:35:00,2022-07-01 19:35:00,1,15.9,15.0
FL.BKM.01,2022-07-20 19:50:00,2022-07-21 03:25:00,92,31.0,15.0
FL.BKM.01,2022-07-21 03:35:00,2022-07-21 04:30:00,12,18.2,15.0
FL.BKM.01,2022-07-21 12:25:00,2022-07-21 12:25:00,1,15.9,15.0
FL.BKM.01,2022-07-28 11:05:00,2022-07-28 11:40:00,8,20.5,15.0
FL.BKM.01,2022-07-28 11:50:00,2022-07-28 11:50:00,1,16.6,15.0
FL.BKM.01,2022-08-01 12:25:00,2022-08-01 12:30:00,2,18.2,15.0
FL.BKM.01,2022-08-01 12:45:00,2022-08-01 14:00:00,16,20.3,15.0
FL.BKM.01,2022-08-01 14:15:00,2022-08-01 14:15:00,1,16.2,15.0
FL.BKM.01,2022-08-01 22:30:00,2022-08-02 01:30:00,37,28.0,15.0
FL.BKM.01,2022-08-02 01:40:00,2022-08-02 01:40:00,1,16.9,15.0
FL.BKM.01,2022-08-11 15:35:00,2022-08-11 15:45:00,3,17.3,15.0
FL.BKM.01,2022-09-10 01:05:00,2022-09-10 03:55:00,35,32.3,15.0
FL.BKM.01,2022-09-10 19:45:00,2022-09-10 19:45:00,1,15.0,15.0
FL.BKM.01,2022-09-26 04:05:00,2022-09-26 05:00:00,12,24.4,15.0
FL.BKM.01,2023-07-22 00:25:00,2023-07-22 04:10:00,46,39.4,15.0
FL.BKM.01,2023-07-22 04:20:00,2023-07-22 04:20:00,1,15.4,15.0
FL.BKM.01,2023-09-21 00:40:00,2023-09-21 00:55:00,4,17.0,15.0
FL.BKM.01,2024-05-19 20:55:00,2024-05-19 21:20:00,6,19.7,15.0
FL.BKM.01,2024-08-06 22:25:00,2024-08-06 22:40:00,4,17.9,15.0
FL.BKM.01,2024-08-20 00:30:00,2024-08-20 03:10:00,33,32.5,15.0
FL.BKM.01,2024-10-18 17:00:00,2024-10-18 17:15:00,4,18.0,15.0
FL.BKM.01,2025-04-15 18:05:00,2025-04-15 18:05:00,1,15.8,15.0
FL.BKM.01,2025-04-15 18:15:00,2025-04-15 18:15:00,1,15.5,15.0
FL.BKM.01,2025-05-10 18:00:00,2025-05-10 20:50:00,35,33.8,15.0
FL.BKM.01,2025-05-10 21:00:00,2025-05-10 21:10:00,3,16.5,15.0
FL.BKM.01,2025-05-10 21:20:00,2025-05-10 21:30:00,3,17.0,15.0
FL.BKM.01,2025-05-21 10:10:00,2025-05-21 11:10:00,13,21.9,15.0
FL.BKM.01,2025-05-21 11:20:00,2025-05-21 11:20:00,1,15.0,15.0
FL.BKM.01,2025-08-25 12:30:00,2025-08-25 12:30:00,1,15.1,15.0
FL.BKM.01,2025-09-06 15:55:00,2025-09-06 15:55:00,1,17.3,15.0
FL.BKM.01,2025-09-06 16:05:00,2025-09-06 16:15:00,3,16.9,15.0
FL.BKM.01,2025-09-06 16:25:00,2025-09-06 16:25:00,1,16.3,15.0
FL.BKM.01,2025-09-14 14:25:00,2025-09-14 14:45:00,5,19.7,15.0
FL.BKM.01,2025-11-13 01:45:00,2025-11-13 02:10:00,6,20.5,15.0
FL.BKM.02,2019-01-23 11:00:00,2019-01-23 11:00:00,1,63.0,15.0
FL.BKM.02,2020-06-24 10:20:00,2020-06-24 10:25:00,2,17.3,15.0
FL.BKM.02,2020-08-28 17:30:00,2020-08-28 17:30:00,1,16.0,15.0
FL.BKM.02,2021-02-24 15:45:00,2021-02-24 15:45:00,1,18.2,15.0
FL.BKM.02,2021-08-21 06:15:00,2021-08-21 08:20:00,26,26.9,15.0
FL.BKM.02,2021-08-21 08:30:00,2021-08-21 08:30:00,1,15.5,15.0
FL.BKM.02,2021-10-02 14:50:00,2021-10-02 15:40:00,11,23.9,15.0
FL.BKM.02,2022-05-18 00:40:00,2022-05-18 00:40:00,1,15.3,15.0
FL.BKM.02,2022-05-18 00:50:00,2022-05-18 00:55:00,2,15.3,15.0
FL.BKM.02,2022-05-18 01:10:00,2022-05-18 01:10:00,1,15.2,15.0
FL.BKM.02,2022-05-18 01:25:00,2022-05-18 01:25:00,1,15.3,15.0
FL.BKM.02,2022-07-20 20:15:00,2022-07-20 20:15:00,1,17.1,15.0
FL.BKM.02,2022-08-01 12:35:00,2022-08-01 13:55:00,17,20.0,15.0
FL.BKM.02,2022-09-27 12:45:00,2022-09-27 13:00:00,4,24.8,15.0
FL.BKM.02,2022-09-27 13:25:00,2022-09-27 13:25:00,1,16.6,15.0
FL.BKM.02,2023-07-22 00:25:00,2023-07-22 02:55:00,31,30.0,15.0
FL.BKM.02,2024-08-06 22:40:00,2024-08-06 22:45:00,2,16.5,15.0
FL.BKM.02,2024-08-20 00:35:00,2024-08-20 01:55:00,17,22.9,15.0
FL.BKM.02,2025-05-10 18:10:00,2025-05-10 19:05:00,12,21.8,15.0
FL.BKM.02,2025-05-21 10:20:00,2025-05-21 10:55:00,8,19.7,15.0
FL.BKN.01,2019-05-27 09:50:00,2019-05-27 09:50:00,1,27.3,15.0
FL.BKN.01,2019-06-07 14:40:00,2019-06-07 16:30:00,23,27.1,15.0
FL.BKN.01,2019-07-15 17:45:00,2019-07-15 18:50:00,14,25.7,15.0
FL.BKN.01,2019-09-14 18:20:00,2019-09-14 18:35:00,4,17.2,15.0
FL.BKN.01,2019-09-18 21:10:00,2019-09-18 21:10:00,1,15.0,15.0
FL.BKN.01,2020-09-01 05:30:00,2020-09-01 06:10:00,9,22.6,15.0
FL.BKN.01,2020-10-02 18:15:00,2020-10-02 18:35:00,5,19.9,15.0
FL.BKN.01,2021-07-01 22:15:00,2021-07-01 23:20:00,14,21.6,15.0
FL.BKN.01,2021-11-21 06:55:00,2021-11-21 07:30:00,8,18.0,15.0
FL.BKN.01,2022-02-14 11:45:00,2022-02-14 11:55:00,3,16.2,15.0
FL.BKN.01,2022-04-26 11:50:00,2022-04-26 12:35:00,10,19.7,15.0
FL.BKN.01,2022-04-30 15:10:00,2022-04-30 15:40:00,7,19.6,15.0
FL.BKN.01,2022-05-17 22:20:00,2022-05-18 00:00:00,21,21.5,15.0
FL.BKN.01,2022-05-18 00:20:00,2022-05-18 00:45:00,6,16.1,15.0
FL.BKN.01,2022-06-08 15:35:00,2022-06-08 16:00:00,6,17.9,15.0
FL.BKN.01,2022-06-28 17:35:00,2022-06-28 18:15:00,9,17.1,15.0
FL.BKN.01,2022-07-01 19:05:00,2022-07-01 19:25:00,5,16.9,15.0
FL.BKN.01,2022-08-01 11:40:00,2022-08-01 12:30:00,11,17.8,15.0
FL.BKN.01,2023-10-03 17:30:00,2023-10-03 17:30:00,1,15.0,15.0
FL.BKN.01,2025-11-13 03:00:00,2025-11-13 03:15:00,4,16.2,15.0
FL.BKN.02,2019-06-07 14:50:00,2019-06-07 16:50:00,25,21.2,15.0
FL.BKN.02,2020-09-01 05:35:00,2020-09-01 06:40:00,14,24.3,15.0
FL.BKN.02,2022-07-01 19:15:00,2022-07-01 19:15:00,1,15.3,15.0
FL.BKP.01,2019-02-14 13:05:00,2019-02-14 13:05:00,1,21.6,15.0
FL.BKP.02,2019-01-22 10:45:00,2019-01-22 10:45:00,1,22.9,15.0
FL.BKP.02,2019-05-30 01:05:00,2019-05-30 01:05:00,1,15.3,15.0
FL.BKP.02,2021-04-15 15:45:00,2021-04-15 15:45:00,1,15.1,15.0
FL.BKP.02,2021-04-25 05:55:00,2021-04-25 06:35:00,9,18.1,15.0
FL.BKP.02,2021-05-19 19:05:00,2021-05-19 21:15:00,27,32.6,15.0
FL.BKP.02,2021-07-02 18:10:00,2021-07-02 19:10:00,13,21.0,15.0
FL.BKP.02,2021-07-02 19:20:00,2021-07-02 19:20:00,1,15.3,15.0
FL.BKP.02,2021-07-13 17:50:00,2021-07-13 18:35:00,10,19.5,15.0
FL.BKP.02,2021-08-11 23:50:00,2021-08-12 00:00:00,3,16.0,15.0
FL.BKP.02,2021-08-21 06:30:00,2021-08-21 06:40:00,3,16.9,15.0
FL.BKP.02,2021-08-21 06:50:00,2021-08-21 06:50:00,1,16.5,15.0
FL.BKP.02,2021-08-21 07:05:00,2021-08-21 07:05:00,1,16.4,15.0
FL.BKP.02,2021-08-27 14:40:00,2021-08-27 14:45:00,2,16.4,15.0
FL.BKP.02,2021-08-27 15:00:00,2021-08-27 15:05:00,2,18.0,15.0
FL.BKP.02,2021-08-27 23:35:00,2021-08-27 23:35:00,1,15.6,15.0
FL.BKP.02,2021-08-27 23:45:00,2021-08-27 23:45:00,1,20.8,15.0
FL.BKP.02,2021-08-31 22:30:00,2021-08-31 23:10:00,9,17.8,15.0
FL.BKP.02,2021-10-02 15:30:00,2021-10-02 16:25:00,12,25.6,15.0
FL.BKP.02,2022-09-07 22:00:00,2022-09-07 22:00:00,1,17.5,15.0
FL.BKP.02,2022-09-13 14:40:00,2022-09-13 17:10:00,31,32.7,15.0
FL.BKP.02,2023-07-22 00:20:00,2023-07-22 00:35:00,4,24.3,15.0
FL.BNA.01,2020-06-09 12:25:00,2020-06-09 12:25:00,1,16.4,15.0
FL.BNA.01,2021-02-27 11:20:00,2021-02-27 11:25:00,2,15.1,15.0
FL.BNA.01,2023-09-21 17:55:00,2023-09-21 18:00:00,2,17.1,15.0
FL.BNA.01,2023-09-21 18:10:00,2023-09-21 18:30:00,5,19.7,15.0
FL.BNA.02,2019-07-09 12:55:00,2019-07-09 12:55:00,1,27.5,15.0
FL.BNA.02,2019-09-19 20:40:00,2019-09-19 20:40:00,1,16.3,15.0
FL.BNA.02,2019-09-19 20:50:00,2019-09-19 21:00:00,3,17.1,15.0
FL.BNA.02,2019-09-19 21:10:00,2019-09-19 23:50:00,33,29.0,15.0
FL.BNA.02,2019-09-20 00:00:00,2019-09-20 00:15:00,4,17.9,15.0
FL.BNA.02,2019-09-20 00:35:00,2019-09-20 00:35:00,1,15.0,15.0
FL.BNA.02,2019-09-20 00:50:00,2019-09-20 00:50:00,1,16.0,15.0
FL.BNA.02,2019-09-20 01:00:00,2019-09-20 01:00:00,1,17.3,15.0
FL.BNA.02,2019-09-20 01:10:00,2019-09-20 01:10:00,1,15.9,15.0
FL.BNA.02,2019-09-20 02:00:00,2019-09-20 02:45:00,10,29.0,15.0
FL.BNA.02,2019-09-20 02:55:00,2019-09-20 02:55:00,1,32.0,15.0
FL.BNA.02,2019-09-20 03:05:00,2019-09-20 03:25:00,5,33.2,15.0
FL.BNA.02,2019-09-20 03:35:00,2019-09-20 03:35:00,1,31.2,15.0
FL.BNA.02,2019-09-20 03:45:00,2019-09-20 03:55:00,3,30.6,15.0
FL.BNA.02,2021-05-19 20:05:00,2021-05-19 20:05:00,1,16.7,15.0
FL.BNA.02,2021-05-19 20:15:00,2021-05-19 20:50:00,8,19.1,15.0
FL.BNA.02,2021-05-19 21:05:00,2021-05-19 21:05:00,1,15.0,15.0
FL.BNA.02,2022-07-20 22:15:00,2022-07-21 07:50:00,116,23.6,15.0
FL.BNA.02,2022-07-21 08:10:00,2022-07-21 08:10:00,1,15.3,15.0
FL.BNA.02,2022-07-21 09:05:00,2022-07-21 09:05:00,1,15.3,15.0
FL.BNA.02,2022-07-21 09:15:00,2022-07-21 09:15:00,1,15.3,15.0
FL.BNA.02,2022-07-21 09:25:00,2022-07-21 19:30:00,122,25.1,15.0
FL.BNA.02,2022-07-21 19:50:00,2022-07-21 19:50:00,1,15.0,15.0
FL.BNA.02,2022-07-21 20:00:00,2022-07-21 20:00:00,1,15.4,15.0
FL.BNA.02,2025-09-27 20:00:00,2025-09-27 20:00:00,1,15.2,15.0
FL.BNA.03,2019-01-09 19:30:00,2019-01-09 19:45:00,4,35.3,15.0
FL.BNA.03,2019-01-10 11:05:00,2019-01-10 11:05:00,1,17.8,15.0
FL.BNA.03,2019-01-10 12:35:00,2019-01-10 12:35:00,1,23.8,15.0
FL.BNA.03,2019-06-24 22:50:00,2019-06-24 23:15:00,6,21.5,15.0
FL.BNA.03,2019-10-05 12:10:00,2019-10-05 14:00:00,23,50.3,15.0
FL.BNA.03,2020-08-15 00:00:00,2020-08-15 06:35:00,80,24.7,15.0
FL.BNA.03,2020-09-01 05:00:00,2020-09-01 05:45:00,10,27.0,15.0
FL.BNA.03,2020-09-15 01:55:00,2020-09-15 02:10:00,4,20.6,15.0
FL.BNA.03,2021-05-19 19:05:00,2021-05-19 21:35:00,31,47.1,15.0
FL.BNA.03,2021-10-15 06:10:00,2021-10-15 06:35:00,6,36.2,15.0
FL.BNA.03,2021-10-17 00:10:00,2021-10-17 00:40:00,7,30.8,15.0
FL.BNA.03,2022-05-17 22:35:00,2022-05-18 00:40:00,26,32.7,15.0
FL.BNA.03,2022-06-19 19:35:00,2022-06-19 20:40:00,14,30.0,15.0
FL.BNA.03,2022-07-20 21:55:00,2022-07-21 01:50:00,48,46.2,15.0
FL.BNA.03,2022-09-13 14:45:00,2022-09-13 16:10:00,18,36.1,15.0
FL.BNA.03,2022-10-03 13:40:00,2022-10-03 18:25:00,58,50.9,15.0
FL.BNA.03,2023-09-21 17:55:00,2023-09-21 18:55:00,13,26.4,15.0
FL.BNA.03,2023-09-21 19:10:00,2023-09-21 20:00:00,11,21.5,15.0
FL.BNA.03,2023-09-26 18:25:00,2023-09-26 19:25:00,13,18.1,15.0
FL.BNA.03,2023-09-26 19:35:00,2023-09-26 19:35:00,1,15.2,15.0
FL.BNA.03,2023-09-26 20:00:00,2023-09-26 20:05:00,2,15.5,15.0
FL.BNA.03,2023-09-26 20:15:00,2023-09-26 20:30:00,4,16.4,15.0
FL.BNA.03,2025-09-27 18:50:00,2025-09-27 21:20:00,31,32.5,15.0
FL.BNA.04,2019-10-05 12:10:00,2019-10-05 13:00:00,11,24.1,15.0
FL.BNA.04,2020-05-31 01:40:00,2020-05-31 02:10:00,7,19.8,15.0
FL.BNA.04,2020-10-05 02:20:00,2020-10-05 03:35:00,16,32.5,15.0
FL.BNA.04,2021-08-21 07:05:00,2021-08-21 07:10:00,2,18.1,15.0
FL.BNA.04,2021-08-21 07:20:00,2021-08-21 07:20:00,1,15.7,15.0
FL.BNA.04,2021-09-08 02:40:00,2021-09-08 03:05:00,6,20.1,15.0
FL.BNA.04,2021-10-15 06:10:00,2021-10-15 06:25:00,4,20.4,15.0
FL.BNA.04,2022-01-27 13:50:00,2022-01-27 13:50:00,1,15.1,15.0
FL.BNA.04,2022-05-17 23:25:00,2022-05-17 23:55:00,7,21.2,15.0
FL.BNA.04,2022-07-20 22:00:00,2022-07-20 22:40:00,9,20.5,15.0
FL.BNA.04,2022-08-15 20:20:00,2022-08-15 20:45:00,6,19.1,15.0
FL.BNA.04,2022-09-13 14:50:00,2022-09-13 14:50:00,1,15.5,15.0
FL.BNA.04,2022-09-13 15:00:00,2022-09-13 15:00:00,1,16.3,15.0
FL.BNA.04,2022-09-13 15:10:00,2022-09-13 16:00:00,11,18.1,15.0
FL.BNA.04,2022-10-23 00:35:00,2022-10-23 01:20:00,10,20.4,15.0
FL.BNA.04,2023-09-21 17:25:00,2023-09-21 18:55:00,19,32.3,15.0
FL.BNA.04,2023-09-21 19:15:00,2023-09-21 19:40:00,6,20.3,15.0
FL.BNA.04,2023-09-21 23:45:00,2023-09-21 23:45:00,1,16.2,15.0
FL.BNA.04,2024-05-23 07:50:00,2024-05-23 08:05:00,4,18.3,15.0
FL.BNA.04,2024-08-06 22:25:00,2024-08-06 22:25:00,1,15.1,15.0
FL.BNA.04,2024-10-29 23:55:00,2024-10-30 00:50:00,12,27.6,15.0
FL.BNA.04,2025-04-15 18:20:00,2025-04-15 18:20:00,1,15.2,15.0
FL.BNA.04,2025-05-16 14:50:00,2025-05-16 15:00:00,3,18.0,15.0
FL.BNA.04,2025-08-08 02:55:00,2025-08-08 03:35:00,9,22.3,15.0
FL.BNA.04,2025-09-27 18:25:00,2025-09-27 19:40:00,16,24.3,15.0
FL.BNA.04,2025-10-06 01:10:00,2025-10-06 02:15:00,14,23.3,15.0
FL.BNA.04,2025-11-01 21:00:00,2025-11-01 23:20:00,29,25.7,15.0
FL.BNA.04,2025-11-02 22:25:00,2025-11-02 22:45:00,5,18.8,15.0
FL.BNA.04,2025-11-03 20:55:00,2025-11-03 21:05:00,3,17.0,15.0
FL.BNA.05,2023-09-21 18:20:00,2023-09-21 18:20:00,1,16.4,15.0
FL.BNA.05,2023-09-21 18:30:00,2023-09-21 18:30:00,1,15.3,15.0
FL.BNA.05,2023-09-21 19:15:00,2023-09-21 20:20:00,14,21.8,15.0
FL.BNA.05,2023-09-21 22:15:00,2023-09-21 22:15:00,1,15.6,15.0
FL.BNA.05,2023-09-26 18:15:00,2023-09-26 22:30:00,52,33.1,15.0
FL.BRK.01,2019-06-07 15:10:00,2019-06-07 15:35:00,6,21.9,15.0
FL.BRK.01,2019-09-14 18:25:00,2019-09-14 18:55:00,7,21.6,15.0
FL.BRK.01,2020-07-24 15:05:00,2020-07-24 15:20:00,4,19.7,15.0
FL.BRK.01,2020-10-02 18:45:00,2020-10-02 18:50:00,2,16.2,15.0
FL.BRK.01,2020-10-02 19:00:00,2020-10-02 19:15:00,4,16.1,15.0
FL.BRK.01,2020-11-21 12:10:00,2020-11-21 13:20:00,15,24.8,15.0
FL.BRK.01,2021-09-19 16:10:00,2021-09-19 16:30:00,5,19.7,15.0
FL.BRK.01,2021-11-01 17:20:00,2021-11-01 18:00:00,9,23.9,15.0
FL.BRK.01,2022-07-20 22:45:00,2022-07-20 23:20:00,8,19.9,15.0
FL.BRK.01,2022-08-15 19:55:00,2022-08-15 20:20:00,6,20.6,15.0
FL.BRK.01,2022-10-09 18:55:00,2022-10-09 19:50:00,12,26.9,15.0
FL.BRK.01,2023-09-25 14:40:00,2023-09-25 16:25:00,22,33.2,15.0
FL.BRK.01,2023-10-03 17:15:00,2023-10-03 17:35:00,5,19.1,15.0
FL.BRK.01,2024-10-13 16:15:00,2024-10-13 16:35:00,5,17.8,15.0
FL.BRK.01,2024-10-13 16:45:00,2024-10-13 16:45:00,1,15.1,15.0
FL.BRK.01,2024-10-29 22:40:00,2024-10-29 23:40:00,13,31.8,15.0
FL.BRK.02,2022-06-13 00:25:00,2022-06-13 00:50:00,6,40.7,15.0
FL.BRK.02,2022-07-20 22:50:00,2022-07-20 23:25:00,8,19.9,15.0
FL.BRK.02,2022-07-20 23:35:00,2022-07-20 23:35:00,1,15.0,15.0
FL.BSU.01,2020-07-24 17:45:00,2020-07-24 17:45:00,1,20.0,15.0
FL.BSU.01,2022-05-17 23:10:00,2022-05-17 23:10:00,1,15.5,15.0
FL.BSU.01,2022-05-17 23:35:00,2022-05-17 23:35:00,1,15.7,15.0
FL.CTC.01,2019-06-07 14:45:00,2019-06-07 15:15:00,7,19.1,15.0
FL.CTC.01,2019-09-16 00:30:00,2019-09-16 01:05:00,8,18.3,15.0
FL.CTC.01,2019-09-16 01:15:00,2019-09-16 01:15:00,1,16.1,15.0
FL.CTC.01,2019-11-03 21:05:00,2019-11-03 22:15:00,15,25.7,15.0
FL.CTC.01,2019-11-03 22:25:00,2019-11-03 22:40:00,4,16.7,15.0
FL.CTC.01,2019-11-03 22:55:00,2019-11-03 22:55:00,1,15.9,15.0
FL.CTC.01,2020-04-29 12:30:00,2020-04-29 12:45:00,4,16.0,15.0
FL.CTC.01,2020-08-20 10:10:00,2020-08-20 10:10:00,1,18.9,15.0
FL.CTC.01,2020-10-02 18:40:00,2020-10-02 18:40:00,1,15.7,15.0
FL.CTC.01,2021-07-01 22:50:00,2021-07-02 00:10:00,17,26.2,15.0
FL.CTC.01,2021-08-31 22:05:00,2021-09-01 00:25:00,29,21.8,15.0
FL.CTC.01,2021-10-14 16:35:00,2021-10-14 19:40:00,38,31.0,15.0
FL.CTC.01,2022-05-17 23:55:00,2022-05-18 05:45:00,71,38.4,15.0
FL.CTC.01,2022-05-18 06:00:00,2022-05-18 06:00:00,1,15.4,15.0
FL.CTC.01,2022-09-06 21:00:00,2022-09-06 21:00:00,1,15.2,15.0
FL.CTC.01,2022-09-12 16:50:00,2022-09-12 17:05:00,4,20.5,15.0
FL.CTC.01,2022-09-12 17:15:00,2022-09-12 18:00:00,10,24.7,15.0
FL.CTC.01,2022-10-03 15:30:00,2022-10-03 19:55:00,54,31.6,15.0
FL.CTC.01,2023-07-22 00:35:00,2023-07-22 07:25:00,83,47.1,15.0
FL.CTC.01,2024-08-06 22:10:00,2024-08-07 00:40:00,31,27.7,15.0
FL.CTC.01,2024-08-07 00:50:00,2024-08-07 00:50:00,1,16.3,15.0
FL.CTC.01,2025-05-10 18:20:00,2025-05-10 19:40:00,17,21.9,15.0
FL.CTC.01,2025-05-10 19:50:00,2025-05-10 19:50:00,1,16.0,15.0
FL.CTC.01,2025-11-02 22:30:00,2025-11-02 22:30:00,1,15.8,15.0
FL.CTC.01,2025-11-02 22:40:00,2025-11-02 22:40:00,1,17.2,15.0
FL.CTC.01,2025-11-02 22:55:00,2025-11-03 00:15:00,17,20.5,15.0
FL.CTC.01,2025-11-03 00:25:00,2025-11-03 00:25:00,1,16.5,15.0
FL.CTC.02,2019-06-07 14:35:00,2019-06-07 17:30:00,36,44.0,15.0
FL.CTC.02,2019-09-16 00:10:00,2019-09-16 01:30:00,17,33.1,15.0
FL.CTC.02,2020-04-29 12:15:00,2020-04-29 13:10:00,12,28.5,15.0
FL.CTC.02,2020-09-23 16:15:00,2020-09-23 17:10:00,12,28.5,15.0
FL.CTC.02,2021-02-10 10:55:00,2021-02-10 11:05:00,3,18.2,15.0
FL.CTC.02,2021-07-01 22:40:00,2021-07-01 23:20:00,9,20.9,15.0
FL.CTC.03,2019-06-10 13:50:00,2019-06-10 13:50:00,1,30.3,15.0
FL.CTC.03,2019-10-12 14:10:00,2019-10-12 14:10:00,1,15.4,15.0
FL.CTC.03,2019-10-12 14:20:00,2019-10-12 14:30:00,3,23.5,15.0
FL.CTC.03,2019-10-12 14:40:00,2019-10-12 14:40:00,1,15.0,15.0
FL.CTC.03,2019-11-03 20:55:00,2019-11-03 22:45:00,23,35.4,15.0
FL.CTC.03,2020-04-25 13:20:00,2020-04-25 14:15:00,12,21.8,15.0
FL.CTC.03,2020-04-25 14:25:00,2020-04-25 14:30:00,2,16.8,15.0
FL.CTC.03,2020-06-11 14:15:00,2020-06-11 14:20:00,2,16.3,15.0
FL.CTC.03,2020-06-12 13:25:00,2020-06-12 14:50:00,18,25.0,15.0
FL.CTC.03,2020-06-13 12:55:00,2020-06-13 15:20:00,30,30.4,15.0
FL.CTC.03,2020-06-20 12:35:00,2020-06-20 16:40:00,50,34.7,15.0
FL.CTC.03,2020-10-02 17:40:00,2020-10-02 17:40:00,1,19.3,15.0
FL.CTC.03,2022-05-17 23:30:00,2022-05-18 01:05:00,20,46.5,15.0
FL.CTC.03,2022-05-18 01:40:00,2022-05-18 02:15:00,8,29.1,15.0
FL.CTC.03,2022-09-10 01:05:00,2022-09-10 02:50:00,22,33.2,15.0
FL.CTC.03,2022-09-10 18:55:00,2022-09-10 19:00:00,2,19.1,15.0
FL.CTC.03,2022-09-10 19:10:00,2022-09-10 19:20:00,3,31.2,15.0
FL.CTC.03,2022-10-03 15:40:00,2022-10-03 16:05:00,6,28.7,15.0
FL.CTC.03,2023-07-22 00:45:00,2023-07-22 03:05:00,29,42.0,15.0
FL.CTC.03,2024-07-29 17:35:00,2024-07-29 17:40:00,2,18.6,15.0
FL.CTC.03,2024-08-06 22:05:00,2024-08-06 22:55:00,11,35.3,15.0
FL.CTC.03,2025-05-10 18:05:00,2025-05-10 18:40:00,8,28.0,15.0
FL.CTC.03,2025-05-10 18:50:00,2025-05-10 18:50:00,1,16.2,15.0
FL.CTC.03,2025-11-02 21:45:00,2025-11-03 01:30:00,46,31.6,15.0
FL.CTC.03,2025-11-13 02:10:00,2025-11-13 03:45:00,20,32.7,15.0
FL.CTC.04,2019-06-12 08:00:00,2019-06-12 08:55:00,12,21.9,15.0
FL.CTC.04,2019-06-13 08:10:00,2019-06-13 08:30:00,5,21.9,15.0
FL.CTC.04,2019-06-14 08:00:00,2019-06-14 08:00:00,1,15.2,15.0
FL.CTC.04,2019-06-16 08:15:00,2019-06-16 08:15:00,1,15.3,15.0
FL.CTC.04,2019-09-16 00:00:00,2019-09-16 00:00:00,1,52.5,15.0
FL.CTC.04,2019-09-16 00:15:00,2019-09-16 01:25:00,15,21.3,15.0
FL.CTC.04,2019-11-03 21:00:00,2019-11-03 21:45:00,10,25.6,15.0
FL.CTC.04,2020-04-29 11:55:00,2020-04-29 11:55:00,1,16.7,15.0
FL.CTC.04,2020-04-29 12:05:00,2020-04-29 12:15:00,3,24.4,15.0
FL.CTC.04,2020-04-29 12:25:00,2020-04-29 12:35:00,3,23.9,15.0
FL.CTC.04,2020-04-29 12:45:00,2020-04-29 12:55:00,3,23.0,15.0
FL.CTC.04,2020-04-29 13:05:00,2020-04-29 13:05:00,1,15.3,15.0
FL.CTC.04,2020-05-26 09:45:00,2020-05-26 09:45:00,1,19.5,15.0
FL.CTC.04,2021-08-28 11:30:00,2021-08-28 12:50:00,17,30.2,15.0
FL.CTC.04,2021-10-14 16:10:00,2021-10-14 18:30:00,29,36.9,15.0
FL.CTC.04,2021-10-14 20:20:00,2021-10-14 20:20:00,1,16.1,15.0
FL.CTC.04,2021-10-14 21:00:00,2021-10-14 21:00:00,1,15.0,15.0
FL.CTC.04,2021-10-30 17:25:00,2021-10-30 18:20:00,12,31.0,15.0
FL.CTC.04,2022-05-17 23:30:00,2022-05-17 23:30:00,1,15.0,15.0
FL.CTC.04,2022-05-17 23:40:00,2022-05-17 23:50:00,3,16.1,15.0
FL.CTC.04,2022-05-18 02:50:00,2022-05-18 04:25:00,20,20.5,15.0
FL.CTC.04,2022-09-12 16:45:00,2022-09-12 17:15:00,7,20.9,15.0
FL.CTC.04,2022-10-03 14:50:00,2022-10-03 17:50:00,37,31.1,15.0
FL.CTC.04,2025-05-10 17:55:00,2025-05-10 19:20:00,18,27.5,15.0
FL.CTC.04,2025-05-24 14:15:00,2025-05-24 15:00:00,10,22.0,15.0
FL.CTC.04,2025-11-02 21:20:00,2025-11-02 21:45:00,6,24.5,15.0
FL.CTC.04,2025-11-02 21:55:00,2025-11-02 23:10:00,16,27.5,15.0
FL.CTC.04,2025-11-02 23:20:00,2025-11-02 23:30:00,3,26.3,15.0
FL.CTC.04,2025-11-02 23:40:00,2025-11-03 00:45:00,14,26.7,15.0
FL.CTC.04,2025-11-03 18:00:00,2025-11-03 18:10:00,3,18.7,15.0
FL.CTC.04,2025-11-03 18:20:00,2025-11-03 18:20:00,1,16.3,15.0
FL.CTC.04,2025-11-13 02:20:00,2025-11-13 03:20:00,13,22.0,15.0
FL.CTC.05,2019-06-07 14:40:00,2019-06-07 17:45:00,38,33.6,15.0
FL.CTC.05,2019-06-07 17:55:00,2019-06-07 18:30:00,8,19.7,15.0
FL.CTC.05,2019-11-15 22:15:00,2019-11-15 22:30:00,4,36.6,15.0
FL.CTC.05,2019-11-15 22:45:00,2019-11-15 22:45:00,1,17.3,15.0
FL.CTC.05,2019-11-16 21:35:00,2019-11-17 01:25:00,47,63.6,15.0
FL.CTC.05,2019-11-17 01:35:00,2019-11-17 04:15:00,33,22.8,15.0
FL.CTC.05,2019-11-17 04:25:00,2019-11-17 04:25:00,1,15.8,15.0
FL.CTC.05,2019-11-17 04:35:00,2019-11-17 04:35:00,1,15.5,15.0
FL.CTC.05,2019-11-21 22:35:00,2019-11-21 22:40:00,2,16.3,15.0
FL.CTC.05,2019-11-21 22:50:00,2019-11-21 22:50:00,1,15.1,15.0
FL.CTC.05,2019-11-24 14:30:00,2019-11-24 21:30:00,85,51.3,15.0
FL.CTC.05,2019-12-27 15:55:00,2019-12-27 15:55:00,1,17.1,15.0
FL.CTC.05,2019-12-27 16:15:00,2019-12-27 16:20:00,2,18.1,15.0
FL.CTC.05,2019-12-27 16:35:00,2019-12-27 16:45:00,3,20.3,15.0
FL.CTC.05,2019-12-27 16:55:00,2019-12-29 09:40:00,490,125.2,15.0
FL.CTC.05,2019-12-29 09:50:00,2019-12-29 10:15:00,6,148.7,15.0
FL.CTC.05,2019-12-29 10:25:00,2019-12-29 10:55:00,7,148.8,15.0
FL.CTC.05,2019-12-29 11:05:00,2019-12-29 11:05:00,1,148.3,15.0
FL.CTC.05,2020-04-29 12:30:00,2020-04-29 12:30:00,1,15.0,15.0
FL.CTC.05,2023-07-22 01:05:00,2023-07-22 02:30:00,18,24.3,15.0
FL.CTC.05,2025-05-10 18:15:00,2025-05-10 19:10:00,12,22.2,15.0
FL.CTC.05,2025-11-13 02:20:00,2025-11-13 03:50:00,19,25.1,15.0
FL.CTC.06,2019-06-10 14:20:00,2019-06-10 14:30:00,3,27.2,15.0
FL.CTC.07,2019-05-09 06:50:00,2019-05-09 06:50:00,1,15.3,15.0
FL.CTC.07,2019-06-07 14:40:00,2019-06-07 14:55:00,4,19.7,15.0
FL.CTC.07,2019-09-14 17:30:00,2019-09-14 17:40:00,3,18.5,15.0
FL.CTC.07,2019-09-14 17:50:00,2019-09-14 17:50:00,1,15.0,15.0
FL.CTC.07,2019-11-03 21:05:00,2019-11-03 21:50:00,10,24.9,15.0
FL.CTC.07,2020-04-25 13:35:00,2020-04-25 13:45:00,3,18.8,15.0
FL.CTC.07,2020-04-25 13:55:00,2020-04-25 13:55:00,1,18.7,15.0
FL.CTC.07,2020-10-02 17:25:00,2020-10-02 18:20:00,12,23.6,15.0
FL.CTC.07,2021-07-01 22:50:00,2021-07-01 23:20:00,7,20.5,15.0
FL.CTC.07,2021-08-31 22:25:00,2021-08-31 22:25:00,1,15.3,15.0
FL.CTC.07,2021-10-14 16:20:00,2021-10-14 21:25:00,62,44.5,15.0
FL.CTC.07,2022-05-09 16:20:00,2022-05-09 16:30:00,3,18.2,15.0
FL.CTC.07,2022-05-17 19:15:00,2022-05-17 19:30:00,4,18.1,15.0
FL.CTC.07,2022-05-17 23:15:00,2022-05-18 04:10:00,60,41.7,15.0
FL.CTC.07,2022-09-06 20:55:00,2022-09-06 21:05:00,3,17.7,15.0
FL.CTC.07,2022-09-10 18:50:00,2022-09-10 19:10:00,5,22.6,15.0
FL.CTC.07,2022-09-10 19:20:00,2022-09-10 19:30:00,3,20.0,15.0
FL.CTC.07,2022-09-12 16:25:00,2022-09-12 17:10:00,10,29.2,15.0
FL.CTC.07,2022-10-03 14:40:00,2022-10-03 15:00:00,5,20.1,15.0
FL.CTC.07,2022-10-03 15:20:00,2022-10-03 18:25:00,38,51.4,15.0
FL.CTC.07,2023-07-22 00:30:00,2023-07-22 05:00:00,55,49.2,15.0
FL.CTC.07,2024-08-06 21:40:00,2024-08-06 23:20:00,21,43.3,15.0
FL.CTC.07,2024-08-06 23:30:00,2024-08-07 00:05:00,8,28.8,15.0
FL.CTC.07,2024-08-20 00:40:00,2024-08-20 00:45:00,2,16.6,15.0
FL.CTC.07,2025-05-10 17:55:00,2025-05-10 18:15:00,5,32.6,15.0
FL.CTC.07,2025-05-10 18:25:00,2025-05-10 19:10:00,10,31.0,15.0
FL.CTC.07,2025-11-02 21:30:00,2025-11-03 01:10:00,45,41.3,15.0
FL.CTC.07,2025-11-13 01:55:00,2025-11-13 04:20:00,30,41.4,15.0
FL.DDG.01,2020-09-01 03:45:00,2020-09-01 03:45:00,1,15.9,15.0
FL.DDG.01,2020-09-23 15:40:00,2020-09-23 15:55:00,4,15.9,15.0
FL.DDG.01,2020-09-23 16:05:00,2020-09-23 16:05:00,1,16.3,15.0
FL.DDG.01,2020-09-27 21:00:00,2020-09-27 21:10:00,3,17.7,15.0
FL.DDG.01,2021-04-27 13:40:00,2021-04-27 14:05:00,6,20.6,15.0
FL.DDG.01,2021-05-19 18:10:00,2021-05-19 18:45:00,8,20.9,15.0
FL.DDG.01,2021-07-01 22:20:00,2021-07-01 22:55:00,8,25.5,15.0
FL.DDG.01,2021-07-13 17:30:00,2021-07-13 18:35:00,14,27.5,15.0
FL.DDG.01,2021-08-11 23:40:00,2021-08-11 23:45:00,2,18.4,15.0
FL.DDG.01,2021-08-13 18:30:00,2021-08-13 18:35:00,2,15.7,15.0
FL.DDG.01,2021-08-27 12:35:00,2021-08-27 13:05:00,7,27.8,15.0
FL.DDG.01,2021-08-31 21:50:00,2021-08-31 22:10:00,5,21.1,15.0
FL.DDG.01,2021-10-02 14:05:00,2021-10-02 15:35:00,19,28.9,15.0
FL.DDG.01,2021-10-14 20:20:00,2021-10-14 20:30:00,3,19.2,15.0
FL.DDG.01,2022-02-04 18:40:00,2022-02-04 18:55:00,4,20.3,15.0
FL.DDG.01,2022-03-03 11:35:00,2022-03-03 12:05:00,7,28.3,15.0
FL.DDG.01,2022-03-20 14:35:00,2022-03-20 15:15:00,9,27.8,15.0
FL.DDG.01,2022-05-17 16:20:00,2022-05-17 16:45:00,6,24.0,15.0
FL.DDG.01,2022-05-18 02:10:00,2022-05-18 02:10:00,1,15.0,15.0
FL.DDG.01,2022-05-18 02:25:00,2022-05-18 02:25:00,1,15.3,15.0
FL.DDG.01,2022-07-01 19:05:00,2022-07-01 19:30:00,6,25.2,15.0
FL.DDG.01,2022-07-20 19:20:00,2022-07-20 19:55:00,8,28.4,15.0
FL.DDG.01,2022-07-20 20:05:00,2022-07-20 20:05:00,1,15.9,15.0
FL.DDG.01,2022-07-20 21:10:00,2022-07-20 21:25:00,4,17.8,15.0
FL.DDG.01,2022-07-20 22:50:00,2022-07-20 23:40:00,11,25.0,15.0
FL.DDG.01,2022-07-21 00:05:00,2022-07-21 00:05:00,1,15.3,15.0
FL.DDG.01,2022-07-21 00:15:00,2022-07-21 00:20:00,2,18.8,15.0
FL.DDG.01,2022-07-21 00:35:00,2022-07-21 01:30:00,12,27.5,15.0
FL.DDG.01,2022-07-21 03:30:00,2022-07-21 04:50:00,17,20.8,15.0
FL.DDG.01,2022-09-12 16:45:00,2022-09-12 16:45:00,1,16.3,15.0
FL.DDG.01,2022-09-22 02:55:00,2022-09-22 02:55:00,1,17.7,15.0
FL.DDG.01,2023-04-30 08:35:00,2023-04-30 08:40:00,2,27.0,15.0
FL.DDG.01,2023-07-11 03:45:00,2023-07-11 03:45:00,1,16.5,15.0
FL.DDG.01,2023-07-22 00:45:00,2023-07-22 00:45:00,1,16.4,15.0
FL.DDG.01,2023-09-28 18:20:00,2023-09-28 18:30:00,3,22.5,15.0
FL.DDG.01,2023-11-10 18:05:00,2023-11-10 18:05:00,1,15.2,15.0
FL.DDG.01,2024-06-30 20:05:00,2024-06-30 20:05:00,1,15.4,15.0
FL.DDG.01,2024-10-02 00:45:00,2024-10-02 01:10:00,6,23.2,15.0
FL.DDG.01,2024-10-02 01:20:00,2024-10-02 01:20:00,1,15.2,15.0
FL.DDG.01,2024-10-29 22:55:00,2024-10-29 23:30:00,8,24.1,15.0
FL.DDG.01,2025-05-10 18:10:00,2025-05-10 18:50:00,9,29.9,15.0
FL.DDG.01,2025-05-10 19:00:00,2025-05-10 19:00:00,1,15.2,15.0
FL.DDG.01,2025-09-05 15:00:00,2025-09-05 15:05:00,2,16.7,15.0
FL.DDG.01,2025-09-05 18:40:00,2025-09-05 19:45:00,14,26.6,15.0
FL.DDG.01,2025-11-13 02:00:00,2025-11-13 02:50:00,11,26.2,15.0
FL.DDG.02,2019-06-07 14:30:00,2019-06-07 17:40:00,39,34.5,15.0
FL.DDG.02,2019-09-14 18:05:00,2019-09-14 18:10:00,2,16.1,15.0
FL.DDG.02,2020-04-29 11:55:00,2020-04-29 13:45:00,23,32.8,15.0
FL.DDG.02,2020-06-22 05:20:00,2020-06-22 05:40:00,5,20.0,15.0
FL.DDG.02,2020-09-01 03:50:00,2020-09-01 04:25:00,8,20.3,15.0
FL.DDG.02,2020-09-23 15:40:00,2020-09-23 18:00:00,29,33.1,15.0
FL.DDG.02,2020-09-23 18:10:00,2020-09-23 18:10:00,1,15.3,15.0
FL.DDG.02,2020-09-27 20:55:00,2020-09-27 22:05:00,15,26.5,15.0
FL.DDG.02,2020-10-02 18:30:00,2020-10-02 19:20:00,11,19.4,15.0
FL.DDG.02,2021-04-27 14:00:00,2021-04-27 14:55:00,12,20.8,15.0
FL.DDG.02,2021-05-19 18:25:00,2021-05-19 20:35:00,27,26.3,15.0
FL.DDG.02,2021-07-01 22:15:00,2021-07-02 00:35:00,29,32.5,15.0
FL.DDG.02,2021-07-13 18:10:00,2021-07-13 18:45:00,8,19.4,15.0
FL.DDG.02,2021-08-27 12:40:00,2021-08-27 13:55:00,16,27.5,15.0
FL.DDG.02,2021-08-31 21:10:00,2021-08-31 23:25:00,28,29.4,15.0
FL.DDG.02,2021-10-02 14:30:00,2021-10-02 16:20:00,23,30.9,15.0
FL.DDG.02,2022-03-20 14:50:00,2022-03-20 15:50:00,13,26.3,15.0
FL.DDG.02,2022-05-16 16:30:00,2022-05-16 16:30:00,1,15.2,15.0
FL.DDG.02,2022-06-28 18:00:00,2022-06-28 18:40:00,9,18.6,15.0
FL.DDG.02,2022-07-01 19:05:00,2022-07-01 20:25:00,17,30.8,15.0
FL.DDG.02,2022-07-20 19:35:00,2022-07-20 19:50:00,4,20.4,15.0
FL.DDG.02,2022-07-20 20:00:00,2022-07-20 20:35:00,8,21.9,15.0
FL.DDG.02,2022-07-20 20:45:00,2022-07-20 20:55:00,3,15.3,15.0
FL.DDG.02,2022-07-20 21:05:00,2022-07-20 21:35:00,7,16.9,15.0
FL.DDG.02,2022-07-20 21:45:00,2022-07-20 21:45:00,1,15.1,15.0
FL.DDG.02,2022-07-20 22:05:00,2022-07-20 22:15:00,3,16.0,15.0
FL.DDG.02,2022-07-20 22:45:00,2022-07-20 23:20:00,8,16.6,15.0
FL.DDG.02,2022-09-06 20:35:00,2022-09-06 20:35:00,1,15.6,15.0
FL.DDG.02,2022-09-06 20:50:00,2022-09-06 20:55:00,2,18.4,15.0
FL.DDG.02,2022-09-12 16:30:00,2022-09-12 16:35:00,2,19.2,15.0
FL.DDG.02,2022-09-12 16:45:00,2022-09-12 16:50:00,2,18.0,15.0
FL.DDG.02,2023-07-11 03:45:00,2023-07-11 04:05:00,5,19.8,15.0
FL.DDG.02,2023-07-22 00:40:00,2023-07-22 01:55:00,16,28.4,15.0
FL.DDG.02,2023-07-22 02:05:00,2023-07-22 02:25:00,5,19.6,15.0
FL.DDG.02,2023-09-24 11:50:00,2023-09-24 12:05:00,4,24.1,15.0
FL.DDG.02,2023-09-24 12:15:00,2023-09-24 12:25:00,3,22.4,15.0
FL.DDG.02,2024-06-30 20:05:00,2024-06-30 20:45:00,9,20.5,15.0
FL.DDG.02,2024-10-02 00:40:00,2024-10-02 02:50:00,27,34.7,15.0
FL.DDG.02,2024-10-29 23:00:00,2024-10-29 23:15:00,4,17.3,15.0
FL.DDG.02,2025-05-01 03:55:00,2025-05-01 04:35:00,9,19.0,15.0
FL.DDG.02,2025-05-10 18:05:00,2025-05-10 19:55:00,23,33.0,15.0
FL.DDG.02,2025-09-05 18:50:00,2025-09-05 20:05:00,16,29.1,15.0
FL.DDG.02,2025-11-02 21:50:00,2025-11-02 22:10:00,5,16.9,15.0
FL.DDG.02,2025-11-02 22:20:00,2025-11-02 22:20:00,1,16.0,15.0
FL.DDG.02,2025-11-13 02:00:00,2025-11-13 04:00:00,25,32.0,15.0
FL.DDG.03,2019-06-07 15:00:00,2019-06-07 15:00:00,1,16.8,15.0
FL.DDG.03,2022-05-18 00:45:00,2022-05-18 00:45:00,1,15.0,15.0
FL.DDG.03,2022-05-18 00:55:00,2022-05-18 01:05:00,3,16.4,15.0
FL.DDG.03,2022-09-12 16:45:00,2022-09-12 17:20:00,8,18.2,15.0
FL.DDG.03,2025-11-13 02:15:00,2025-11-13 02:55:00,9,22.4,15.0
FL.DDG.05,2019-06-07 15:00:00,2019-06-07 15:50:00,11,21.9,15.0
FL.DDG.05,2020-04-29 12:10:00,2020-04-29 12:25:00,4,17.9,15.0
FL.DDG.05,2020-09-23 16:05:00,2020-09-23 16:10:00,2,18.1,15.0
FL.DDG.05,2020-09-23 16:20:00,2020-09-23 16:20:00,1,15.2,15.0
FL.DDG.05,2020-11-21 13:00:00,2020-11-21 13:00:00,1,15.4,15.0
FL.DDG.05,2021-10-02 15:05:00,2021-10-02 15:15:00,3,16.1,15.0
FL.DDG.05,2022-02-04 18:45:00,2022-02-04 18:45:00,1,15.2,15.0
FL.DDG.05,2022-05-17 16:20:00,2022-05-17 16:30:00,3,16.5,15.0
FL.DDG.05,2022-07-20 22:35:00,2022-07-21 04:00:00,66,25.4,15.0
FL.DDG.05,2022-09-10 19:40:00,2022-09-10 19:45:00,2,16.2,15.0
FL.DDG.05,2024-10-29 23:05:00,2024-10-29 23:30:00,6,21.4,15.0
FL.DDG.05,2025-09-05 18:50:00,2025-09-05 19:55:00,14,26.9,15.0
FL.DDG.06,2019-05-22 11:35:00,2019-05-22 11:40:00,2,30.5,15.0
FL.DDG.06,2019-06-07 14:20:00,2019-06-07 19:15:00,60,48.9,15.0
FL.DDG.06,2019-09-14 17:50:00,2019-09-14 17:50:00,1,15.6,15.0
FL.DDG.06,2020-04-29 12:05:00,2020-04-29 14:20:00,28,36.5,15.0
FL.DDG.06,2021-04-27 14:35:00,2021-04-27 14:35:00,1,15.3,15.0
FL.DDG.06,2021-05-19 18:25:00,2021-05-19 20:55:00,31,28.3,15.0
FL.DDG.06,2021-07-01 22:15:00,2021-07-02 02:00:00,46,47.6,15.0
FL.DDG.06,2021-07-13 18:15:00,2021-07-13 18:15:00,1,17.1,15.0
FL.DDG.06,2021-08-27 12:40:00,2021-08-27 13:00:00,5,19.8,15.0
FL.DDG.06,2021-08-31 21:10:00,2021-09-01 00:40:00,43,41.7,15.0
FL.DDG.06,2021-10-02 14:35:00,2021-10-02 16:40:00,26,35.5,15.0
FL.DDG.06,2022-07-01 19:00:00,2022-07-01 19:10:00,3,17.2,15.0
FL.DDG.06,2022-07-01 21:05:00,2022-07-01 21:40:00,8,26.9,15.0
FL.DDG.06,2022-07-20 19:30:00,2022-07-21 01:20:00,71,38.1,15.0
FL.DDG.06,2022-08-11 15:30:00,2022-08-11 15:40:00,3,16.8,15.0
FL.DDG.06,2022-09-06 20:30:00,2022-09-07 00:35:00,50,45.6,15.0
FL.DDG.06,2022-09-07 23:05:00,2022-09-07 23:05:00,1,15.6,15.0
FL.DDG.06,2022-09-08 13:40:00,2022-09-08 13:40:00,1,16.9,15.0
FL.DDG.06,2022-09-08 13:50:00,2022-09-08 13:50:00,1,15.4,15.0
FL.DDG.06,2022-09-08 16:20:00,2022-09-08 16:20:00,1,15.1,15.0
FL.DDG.06,2022-09-08 16:30:00,2022-09-08 16:30:00,1,15.3,15.0
FL.DDG.06,2022-09-08 16:45:00,2022-09-08 16:45:00,1,16.0,15.0
FL.DDG.06,2022-09-12 16:30:00,2022-09-12 17:30:00,13,21.1,15.0
FL.DDG.06,2022-09-22 03:00:00,2022-09-22 03:30:00,7,20.8,15.0
FL.DDG.06,2022-09-25 00:15:00,2022-09-25 00:20:00,2,16.2,15.0
FL.DDG.06,2023-05-30 19:20:00,2023-05-30 21:20:00,25,31.1,15.0
FL.DDG.07,2019-06-07 15:05:00,2019-06-07 16:20:00,16,26.8,15.0
FL.DDG.07,2020-09-23 16:15:00,2020-09-23 17:00:00,10,19.9,15.0
FL.DDG.07,2021-05-19 20:50:00,2021-05-19 22:00:00,15,27.4,15.0
FL.DDG.07,2021-07-13 18:25:00,2021-07-13 18:25:00,1,15.9,15.0
FL.DDG.07,2021-08-31 21:35:00,2021-09-01 00:15:00,33,43.5,15.0
FL.DDG.07,2022-05-17 23:30:00,2022-05-17 23:30:00,1,15.8,15.0
FL.DDG.07,2022-05-17 23:40:00,2022-05-18 02:00:00,29,26.5,15.0
FL.DDG.07,2022-07-01 19:05:00,2022-07-01 22:05:00,37,32.5,15.0
FL.DDG.07,2022-09-24 00:55:00,2022-09-24 00:55:00,1,17.3,15.0
FL.DDG.07,2022-09-24 23:45:00,2022-09-25 04:15:00,55,46.1,15.0
FL.DDG.07,2023-04-30 08:20:00,2023-04-30 09:20:00,13,23.4,15.0
FL.DDG.07,2023-07-22 00:40:00,2023-07-22 03:15:00,32,36.9,15.0
FL.DDG.07,2025-11-13 02:35:00,2025-11-13 03:20:00,10,23.2,15.0
FL.DDG.08,2019-06-07 15:15:00,2019-06-07 15:35:00,5,18.0,15.0
FL.DDG.08,2021-02-17 13:30:00,2021-02-17 13:35:00,2,15.5,15.0
FL.DDG.08,2022-07-01 19:20:00,2022-07-01 19:30:00,3,19.6,15.0
FL.DDG.08,2022-09-12 16:30:00,2022-09-12 16:30:00,1,16.7,15.0
FL.DDG.08,2022-09-12 16:40:00,2022-09-12 17:55:00,16,29.4,15.0
FL.DDG.08,2022-09-12 18:05:00,2022-09-12 18:05:00,1,15.8,15.0
FL.DDG.08,2022-09-24 23:55:00,2022-09-24 23:55:00,1,18.0,15.0
FL.DDG.08,2022-09-25 00:05:00,2022-09-25 00:30:00,6,19.3,15.0
FL.DDG.08,2023-10-03 16:55:00,2023-10-03 17:20:00,6,19.3,15.0
FL.DDG.08,2024-10-29 23:10:00,2024-10-29 23:20:00,3,16.9,15.0
FL.DST.02,2022-05-17 22:45:00,2022-05-18 00:35:00,23,28.6,15.0
FL.DST.03,2025-08-15 10:05:00,2025-08-15 10:05:00,1,16.8,15.0
FL.DST.04,2019-05-15 10:25:00,2019-05-15 10:25:00,1,29.6,15.0
FL.DST.04,2019-06-14 10:30:00,2019-06-14 10:30:00,1,28.1,15.0
FL.DST.06,2021-08-28 11:15:00,2021-08-28 11:50:00,8,19.8,15.0
FL.DST.06,2021-08-31 21:30:00,2021-08-31 22:20:00,11,20.4,15.0
FL.DST.06,2022-05-17 22:25:00,2022-05-18 00:55:00,31,24.4,15.0
FL.DST.06,2023-10-03 17:00:00,2023-10-03 17:10:00,3,18.1,15.0
FL.DST.06,2023-10-03 17:20:00,2023-10-03 17:20:00,1,17.7,15.0
FL.DST.07,2021-08-31 21:00:00,2021-08-31 21:15:00,4,18.6,15.0
FL.DST.07,2021-08-31 21:35:00,2021-08-31 21:55:00,5,18.9,15.0
FL.DST.08,2022-05-17 23:40:00,2022-05-17 23:55:00,4,19.0,15.0
FL.HKG.01,2019-05-03 10:45:00,2019-05-03 10:45:00,1,27.4,15.0
FL.HKG.01,2019-06-06 10:15:00,2019-06-06 10:20:00,2,30.1,15.0
FL.HKG.01,2019-06-07 15:10:00,2019-06-07 15:10:00,1,16.0,15.0
FL.HKG.01,2020-09-01 03:40:00,2020-09-01 03:55:00,4,18.9,15.0
FL.HKG.01,2020-11-21 12:50:00,2020-11-21 13:40:00,11,22.5,15.0
FL.HKG.01,2020-11-21 13:55:00,2020-11-21 14:00:00,2,16.1,15.0
FL.HKG.01,2021-04-27 13:45:00,2021-04-27 14:40:00,12,19.6,15.0
FL.HKG.01,2022-07-20 21:50:00,2022-07-21 05:25:00,92,36.0,15.0
FL.HKG.01,2022-07-21 05:35:00,2022-07-21 05:35:00,1,16.1,15.0
FL.HKG.01,2022-09-10 19:05:00,2022-09-10 19:25:00,5,20.6,15.0
FL.HKG.01,2022-09-10 19:35:00,2022-09-10 21:35:00,25,24.1,15.0
FL.HKG.01,2022-09-10 21:45:00,2022-09-10 21:45:00,1,15.7,15.0
FL.HKG.01,2022-09-10 21:55:00,2022-09-10 22:00:00,2,17.5,15.0
FL.HKG.01,2022-09-10 22:10:00,2022-09-10 22:10:00,1,17.1,15.0
FL.HKG.01,2022-09-10 22:20:00,2022-09-10 22:20:00,1,15.3,15.0
FL.HKG.01,2022-09-10 22:40:00,2022-09-10 22:40:00,1,16.1,15.0
FL.HKG.01,2022-09-10 22:50:00,2022-09-10 22:50:00,1,18.1,15.0
FL.HKG.01,2022-09-10 23:00:00,2022-09-10 23:00:00,1,15.7,15.0
FL.HKG.01,2022-09-10 23:25:00,2022-09-10 23:25:00,1,15.3,15.0
FL.HKG.01,2022-09-10 23:45:00,2022-09-10 23:50:00,2,16.2,15.0
FL.HKG.01,2022-09-11 00:15:00,2022-09-11 00:15:00,1,15.3,15.0
FL.HKG.01,2022-09-11 00:40:00,2022-09-11 01:00:00,5,18.0,15.0
FL.HKG.01,2022-09-22 03:05:00,2022-09-22 03:40:00,8,20.5,15.0
FL.HKG.01,2022-09-22 03:55:00,2022-09-22 03:55:00,1,17.1,15.0
FL.HKG.01,2022-10-11 01:15:00,2022-10-11 01:35:00,5,17.4,15.0
FL.HKG.01,2022-10-11 01:45:00,2022-10-11 02:00:00,4,17.7,15.0
FL.HKG.01,2023-10-03 16:45:00,2023-10-03 16:50:00,2,16.0,15.0
FL.HKG.01,2024-10-29 23:25:00,2024-10-29 23:25:00,1,15.0,15.0
FL.HKG.01,2025-04-07 09:30:00,2025-04-07 09:50:00,5,21.5,15.0
FL.HKG.01,2025-11-13 02:40:00,2025-11-13 03:00:00,5,17.6,15.0
FL.JTG.01,2021-07-14 08:45:00,2021-07-14 09:00:00,4,18.6,15.0
FL.JTG.01,2021-07-14 09:10:00,2021-07-14 09:20:00,3,17.7,15.0
FL.JTG.01,2022-07-20 22:45:00,2022-07-20 22:45:00,1,18.4,15.0
FL.JTG.01,2024-10-18 16:00:00,2024-10-18 16:00:00,1,19.3,15.0
FL.JTG.01,2024-10-18 16:10:00,2024-10-18 16:10:00,1,17.2,15.0
FL.JTG.01,2025-05-23 21:40:00,2025-05-23 22:40:00,13,21.8,15.0
FL.KTY.01,2020-06-08 11:10:00,2020-06-08 11:10:00,1,26.9,15.0
FL.KTY.01,2020-08-15 11:10:00,2020-08-15 11:10:00,1,15.1,15.0
FL.KTY.01,2020-08-15 17:55:00,2020-08-15 19:10:00,16,15.5,15.0
FL.KTY.01,2020-08-15 19:20:00,2020-08-15 19:20:00,1,15.0,15.0
FL.KTY.01,2020-08-15 19:30:00,2020-08-15 19:30:00,1,15.2,15.0
FL.KTY.01,2020-08-15 19:40:00,2020-08-15 19:40:00,1,15.1,15.0
FL.KTY.01,2020-08-15 19:50:00,2020-08-15 19:50:00,1,15.0,15.0
FL.KTY.01,2020-08-15 20:05:00,2020-08-15 20:20:00,4,15.2,15.0
FL.KTY.01,2020-08-15 20:35:00,2020-08-15 20:35:00,1,15.0,15.0
FL.KTY.01,2020-10-02 18:50:00,2020-10-02 20:00:00,15,23.2,15.0
FL.KTY.01,2021-02-23 13:25:00,2021-02-23 13:30:00,2,16.1,15.0
FL.KTY.01,2022-10-07 16:30:00,2022-10-07 16:30:00,1,15.4,15.0
FL.KTY.01,2022-10-07 16:40:00,2022-10-07 17:10:00,7,21.5,15.0
FL.KTY.01,2022-10-07 17:20:00,2022-10-07 17:20:00,1,17.4,15.0
FL.KTY.01,2022-10-09 19:05:00,2022-10-09 19:40:00,8,20.0,15.0
FL.KTY.01,2023-09-25 14:50:00,2023-09-25 15:25:00,8,18.7,15.0
FL.KTY.02,2020-07-24 07:10:00,2020-07-24 07:10:00,1,15.3,15.0
FL.KTY.02,2020-10-02 18:50:00,2020-10-02 18:50:00,1,16.8,15.0
FL.KTY.02,2020-10-02 19:00:00,2020-10-02 19:45:00,10,21.3,15.0
FL.KTY.02,2020-10-02 19:55:00,2020-10-02 20:00:00,2,15.6,15.0
FL.KTY.02,2021-03-08 12:00:00,2021-03-08 12:00:00,1,18.0,15.0
FL.KTY.02,2022-07-20 21:35:00,2022-07-20 21:40:00,2,15.6,15.0
FL.KTY.02,2022-07-20 21:50:00,2022-07-20 22:30:00,9,22.3,15.0
FL.KTY.02,2022-07-20 22:40:00,2022-07-20 23:10:00,7,18.2,15.0
FL.KTY.02,2022-10-03 17:00:00,2022-10-03 17:00:00,1,15.2,15.0
FL.KTY.02,2022-10-07 16:50:00,2022-10-07 16:55:00,2,15.6,15.0
FL.KTY.02,2022-10-07 17:05:00,2022-10-07 17:05:00,1,15.4,15.0
FL.KTY.02,2023-07-22 00:50:00,2023-07-22 01:40:00,11,19.5,15.0
FL.KTY.02,2023-09-25 14:50:00,2023-09-25 14:50:00,1,16.4,15.0
FL.KTY.02,2025-11-13 02:50:00,2025-11-13 02:50:00,1,15.7,15.0
FL.KTY.02,2025-11-13 03:00:00,2025-11-13 03:15:00,4,16.3,15.0
FL.KTY.02,2025-11-13 03:35:00,2025-11-13 03:35:00,1,15.7,15.0
FL.KTY.03,2019-01-08 12:00:00,2019-01-08 12:05:00,2,31.0,15.0
FL.KTY.03,2019-05-08 11:25:00,2019-05-08 11:25:00,1,30.6,15.0
FL.KTY.03,2021-02-04 14:10:00,2021-02-04 14:10:00,1,101.3,15.0
FL.KTY.03,2022-10-07 16:35:00,2022-10-07 16:35:00,1,18.8,15.0
FL.KTY.03,2022-10-07 16:45:00,2022-10-07 16:45:00,1,17.2,15.0
FL.KTY.03,2022-10-07 16:55:00,2022-10-07 16:55:00,1,18.3,15.0
FL.KTY.03,2022-10-07 17:10:00,2022-10-07 17:15:00,2,15.6,15.0
FL.KTY.03,2022-10-07 17:40:00,2022-10-07 17:45:00,2,16.9,15.0
FL.KTY.03,2022-10-09 19:25:00,2022-10-09 19:30:00,2,19.8,15.0
FL.KTY.03,2023-07-22 01:00:00,2023-07-22 01:00:00,1,21.9,15.0
FL.KTY.03,2023-07-22 01:10:00,2023-07-22 01:10:00,1,16.3,15.0
FL.KTY.03,2023-07-22 01:30:00,2023-07-22 01:35:00,2,16.3,15.0
FL.KTY.03,2023-09-25 14:50:00,2023-09-25 15:25:00,8,18.3,15.0
FL.KTY.03,2025-11-13 03:15:00,2025-11-13 03:15:00,1,19.6,15.0
FL.KTY.03,2025-11-13 03:25:00,2025-11-13 03:40:00,4,16.3,15.0
FL.KTY.04,2019-01-04 11:40:00,2019-01-04 11:50:00,3,28.9,15.0
FL.KTY.04,2019-04-02 11:45:00,2019-04-02 11:45:00,1,29.4,15.0
FL.KTY.04,2020-10-02 19:20:00,2020-10-02 20:30:00,15,18.4,15.0
FL.KTY.04,2020-10-02 20:40:00,2020-10-02 20:40:00,1,15.2,15.0
FL.KTY.04,2020-10-02 20:50:00,2020-10-02 20:55:00,2,16.9,15.0
FL.KTY.04,2021-03-08 13:20:00,2021-03-08 13:20:00,1,17.8,15.0
FL.KTY.04,2021-05-06 02:40:00,2021-05-06 02:40:00,1,15.5,15.0
FL.KTY.04,2022-07-20 21:50:00,2022-07-21 05:55:00,98,26.6,15.0
FL.KTY.04,2022-07-21 06:05:00,2022-07-21 06:15:00,3,16.0,15.0
FL.KTY.04,2022-08-15 20:40:00,2022-08-15 20:40:00,1,16.5,15.0
FL.KTY.04,2022-08-15 21:35:00,2022-08-15 21:40:00,2,15.7,15.0
FL.KTY.04,2022-09-10 19:25:00,2022-09-10 20:25:00,13,19.9,15.0
FL.KTY.04,2022-09-10 20:35:00,2022-09-10 20:40:00,2,15.7,15.0
FL.KTY.04,2022-10-07 16:30:00,2022-10-07 16:30:00,1,15.9,15.0
FL.KTY.04,2022-10-07 16:40:00,2022-10-07 16:40:00,1,15.6,15.0
FL.KTY.04,2022-10-07 16:50:00,2022-10-07 16:50:00,1,17.7,15.0
FL.KTY.04,2022-10-07 17:05:00,2022-10-07 17:10:00,2,16.2,15.0
FL.KTY.04,2022-10-09 18:55:00,2022-10-09 21:10:00,28,23.5,15.0
FL.KTY.04,2022-10-09 21:20:00,2022-10-09 21:20:00,1,15.1,15.0
FL.KTY.04,2023-07-22 00:30:00,2023-07-22 03:05:00,32,34.1,15.0
FL.KTY.04,2023-07-22 03:15:00,2023-07-22 03:15:00,1,15.4,15.0
FL.KTY.04,2023-07-22 03:25:00,2023-07-22 03:30:00,2,16.3,15.0
FL.KTY.04,2023-09-26 17:55:00,2023-09-26 17:55:00,1,15.6,15.0
FL.KTY.04,2023-09-26 18:05:00,2023-09-26 18:05:00,1,15.9,15.0
FL.KTY.04,2023-09-26 18:15:00,2023-09-26 18:20:00,2,18.4,15.0
FL.KTY.04,2023-09-26 18:30:00,2023-09-26 19:55:00,18,22.4,15.0
FL.KTY.04,2023-09-26 20:05:00,2023-09-26 20:15:00,3,19.6,15.0
FL.KTY.04,2023-09-26 20:25:00,2023-09-26 20:30:00,2,16.6,15.0
FL.KTY.05,2021-02-23 11:45:00,2021-02-23 11:45:00,1,139.4,15.0
FL.KTY.05,2022-08-15 20:20:00,2022-08-15 20:20:00,1,15.4,15.0
FL.KTY.05,2022-10-03 16:35:00,2022-10-03 16:35:00,1,16.5,15.0
FL.KTY.05,2022-10-07 16:30:00,2022-10-07 17:30:00,13,17.1,15.0
FL.KTY.05,2022-10-07 17:55:00,2022-10-07 17:55:00,1,15.4,15.0
FL.KTY.05,2022-10-07 18:10:00,2022-10-07 18:10:00,1,15.5,15.0
FL.KTY.05,2022-10-09 19:00:00,2022-10-09 19:35:00,8,19.8,15.0
FL.KTY.05,2022-10-09 19:45:00,2022-10-09 20:00:00,4,17.2,15.0
FL.KTY.05,2023-07-22 00:45:00,2023-07-22 02:00:00,16,20.4,15.0
FL.KTY.05,2023-09-25 14:35:00,2023-09-25 15:25:00,11,19.9,15.0
FL.KTY.05,2023-09-25 15:35:00,2023-09-25 15:40:00,2,15.2,15.0
FL.KTY.05,2023-10-03 17:05:00,2023-10-03 17:05:00,1,15.7,15.0
FL.KTY.05,2023-10-03 17:15:00,2023-10-03 17:15:00,1,15.5,15.0
FL.KTY.05,2024-05-21 19:15:00,2024-05-21 19:15:00,1,16.0,15.0
FL.KTY.05,2024-05-30 19:15:00,2024-05-30 19:25:00,3,17.9,15.0
FL.KTY.05,2024-05-30 19:40:00,2024-05-30 19:45:00,2,16.7,15.0
FL.KTY.05,2024-10-24 16:50:00,2024-10-24 16:55:00,2,16.9,15.0
FL.KTY.05,2024-10-24 17:05:00,2024-10-24 17:05:00,1,15.0,15.0
FL.LSI.01,2019-03-26 11:20:00,2019-03-26 11:20:00,1,31.2,15.0
FL.LSI.02,2021-10-14 16:10:00,2021-10-14 16:20:00,3,21.5,15.0
FL.LSI.02,2021-10-14 16:30:00,2021-10-14 17:25:00,12,18.5,15.0
FL.LSI.02,2022-10-03 15:55:00,2022-10-03 16:00:00,2,16.1,15.0
FL.LSI.02,2022-10-03 16:15:00,2022-10-03 16:15:00,1,15.2,15.0
FL.LSI.02,2023-11-07 17:20:00,2023-11-07 17:20:00,1,15.4,15.0
FL.LSI.02,2023-11-07 17:35:00,2023-11-07 17:40:00,2,17.8,15.0
FL.LSI.02,2025-05-10 17:50:00,2025-05-10 18:45:00,12,23.5,15.0
FL.LSI.02,2025-05-10 18:55:00,2025-05-10 19:10:00,4,16.2,15.0
FL.LSI.02,2025-05-24 14:20:00,2025-05-24 14:40:00,5,17.5,15.0
FL.LSI.02,2025-11-02 21:20:00,2025-11-02 23:20:00,25,20.6,15.0
FL.LSI.02,2025-11-03 00:45:00,2025-11-03 00:45:00,1,17.1,15.0
FL.LSI.02,2025-11-13 02:15:00,2025-11-13 02:45:00,7,18.4,15.0
FL.LSI.03,2019-08-16 23:50:00,2019-08-16 23:50:00,1,15.0,15.0
FL.LSI.03,2019-08-17 00:05:00,2019-08-17 00:05:00,1,15.4,15.0
FL.LSI.03,2019-09-17 18:35:00,2019-09-17 19:10:00,8,23.3,15.0
FL.LSI.03,2019-09-17 20:35:00,2019-09-17 21:40:00,14,32.8,15.0
FL.LSI.03,2020-02-07 13:30:00,2020-02-07 13:30:00,1,15.1,15.0
FL.LSI.03,2020-02-07 13:45:00,2020-02-08 10:00:00,244,73.3,15.0
FL.LSI.03,2020-02-26 11:20:00,2020-02-26 13:05:00,22,21.2,15.0
FL.LSI.03,2020-02-26 15:40:00,2020-02-26 15:45:00,2,15.0,15.0
FL.LSI.03,2020-02-26 16:05:00,2020-02-26 16:05:00,1,15.0,15.0
FL.LSI.03,2020-02-26 16:20:00,2020-02-26 16:25:00,2,15.0,15.0
FL.LSI.03,2020-02-26 16:50:00,2020-02-26 16:55:00,2,15.1,15.0
FL.LSI.03,2020-02-26 17:05:00,2020-02-27 09:55:00,203,28.0,15.0
FL.LSI.03,2020-02-27 10:10:00,2020-02-27 10:10:00,1,15.3,15.0
FL.LSI.03,2020-07-14 00:20:00,2020-07-14 00:45:00,6,20.8,15.0
FL.LSI.03,2020-10-03 12:35:00,2020-10-03 13:20:00,10,25.1,15.0
FL.LSI.03,2021-08-27 13:15:00,2021-08-27 13:30:00,4,16.9,15.0
FL.LSI.03,2021-08-27 13:50:00,2021-08-27 13:50:00,1,16.6,15.0
FL.LSI.03,2021-08-27 14:05:00,2021-08-27 14:05:00,1,17.4,15.0
FL.LSI.03,2021-09-19 15:30:00,2021-09-19 17:15:00,22,33.2,15.0
FL.LSI.03,2022-05-09 16:05:00,2022-05-09 17:40:00,20,24.8,15.0
FL.LSI.03,2022-05-17 21:50:00,2022-05-17 22:00:00,3,20.6,15.0
FL.LSI.03,2022-06-24 18:30:00,2022-06-24 19:00:00,7,25.6,15.0
FL.LSI.03,2022-09-04 20:10:00,2022-09-04 21:05:00,12,20.2,15.0
FL.LSI.03,2022-09-06 17:50:00,2022-09-06 22:25:00,56,26.4,15.0
FL.LSI.03,2022-09-08 12:35:00,2022-09-08 15:40:00,38,25.6,15.0
FL.LSI.03,2022-10-03 14:50:00,2022-10-03 23:05:00,100,28.1,15.0
FL.LSI.03,2022-10-03 23:15:00,2022-10-03 23:40:00,6,17.6,15.0
FL.LSI.03,2022-10-04 05:20:00,2022-10-04 05:25:00,2,16.4,15.0
FL.LSI.03,2022-10-04 05:35:00,2022-10-04 05:35:00,1,16.5,15.0
FL.LSI.03,2024-09-21 17:15:00,2024-09-21 17:15:00,1,16.6,15.0
FL.LSI.03,2024-09-21 17:35:00,2024-09-21 17:35:00,1,18.9,15.0
FL.LSI.03,2024-10-03 18:05:00,2024-10-03 18:15:00,3,16.8,15.0
FL.LSI.03,2025-09-18 20:40:00,2025-09-18 20:40:00,1,21.2,15.0
FL.LSI.04,2019-04-25 15:35:00,2019-04-25 15:35:00,1,16.2,15.0
FL.LSI.04,2019-04-26 14:25:00,2019-04-26 14:40:00,4,18.4,15.0
FL.LSI.04,2019-09-17 18:45:00,2019-09-17 18:45:00,1,15.1,15.0
FL.LSI.04,2019-09-17 20:45:00,2019-09-17 21:25:00,9,21.6,15.0
FL.LSI.04,2020-06-04 15:25:00,2020-06-04 16:20:00,12,23.2,15.0
FL.LSI.04,2021-08-26 15:50:00,2021-08-26 15:50:00,1,15.1,15.0
FL.LSI.04,2021-08-27 13:35:00,2021-08-27 13:35:00,1,15.8,15.0
FL.LSI.04,2021-09-19 15:30:00,2021-09-19 16:25:00,12,23.0,15.0
FL.LSI.04,2022-03-23 16:30:00,2022-03-23 16:50:00,5,17.7,15.0
FL.LSI.04,2022-05-09 15:45:00,2022-05-09 16:50:00,14,20.0,15.0
FL.LSI.04,2022-05-09 17:00:00,2022-05-09 17:05:00,2,15.8,15.0
FL.LSI.04,2022-05-11 10:50:00,2022-05-11 10:55:00,2,16.5,15.0
FL.LSI.04,2022-05-17 21:55:00,2022-05-17 22:00:00,2,16.0,15.0
FL.LSI.04,2022-05-17 22:25:00,2022-05-17 23:00:00,8,20.5,15.0
FL.LSI.04,2022-05-17 23:10:00,2022-05-17 23:15:00,2,16.1,15.0
FL.LSI.04,2022-05-17 23:25:00,2022-05-17 23:30:00,2,15.6,15.0
FL.LSI.04,2022-05-17 23:40:00,2022-05-17 23:45:00,2,16.1,15.0
FL.LSI.04,2022-06-15 11:20:00,2022-06-15 11:20:00,1,15.0,15.0
FL.LSI.04,2022-06-15 11:30:00,2022-06-15 11:35:00,2,17.4,15.0
FL.LSI.04,2022-06-24 18:20:00,2022-06-24 18:45:00,6,17.4,15.0
FL.LSI.04,2022-08-01 13:05:00,2022-08-01 13:05:00,1,16.6,15.0
FL.LSI.04,2022-09-04 19:50:00,2022-09-04 20:25:00,8,22.1,15.0
FL.LSI.04,2022-09-04 20:50:00,2022-09-04 20:50:00,1,15.4,15.0
FL.LSI.04,2022-09-06 17:50:00,2022-09-06 19:10:00,17,24.2,15.0
FL.LSI.04,2022-09-08 12:40:00,2022-09-08 13:30:00,11,25.8,15.0
FL.LSI.04,2022-09-08 13:45:00,2022-09-08 13:45:00,1,17.0,15.0
FL.LSI.04,2022-09-08 13:55:00,2022-09-08 14:00:00,2,15.4,15.0
FL.LSI.04,2022-09-08 14:20:00,2022-09-08 14:25:00,2,16.0,15.0
FL.LSI.04,2022-10-03 14:55:00,2022-10-03 19:40:00,58,36.1,15.0
FL.LSI.04,2022-10-03 19:55:00,2022-10-03 20:25:00,7,16.8,15.0
FL.LSI.04,2022-10-03 20:40:00,2022-10-03 20:45:00,2,15.6,15.0
FL.LSI.04,2023-04-30 09:20:00,2023-04-30 09:20:00,1,15.9,15.0
FL.LSI.04,2023-06-28 19:30:00,2023-06-28 20:55:00,18,25.4,15.0
FL.LSI.04,2023-07-01 14:20:00,2023-07-01 15:00:00,9,20.5,15.0
FL.LSI.04,2023-07-09 12:20:00,2023-07-09 12:30:00,3,18.2,15.0
FL.LSI.04,2023-07-22 00:55:00,2023-07-22 01:50:00,12,24.2,15.0
FL.LSI.04,2023-08-31 18:45:00,2023-08-31 18:45:00,1,16.8,15.0
FL.LSI.04,2023-10-05 18:25:00,2023-10-05 18:40:00,4,17.8,15.0
FL.LSI.04,2023-10-05 18:50:00,2023-10-05 18:50:00,1,15.6,15.0
FL.LSI.04,2023-10-28 12:50:00,2023-10-28 13:15:00,6,17.3,15.0
FL.LSI.04,2024-07-29 17:15:00,2024-07-29 17:15:00,1,16.2,15.0
FL.LSI.04,2024-07-29 17:25:00,2024-07-29 17:25:00,1,15.2,15.0
FL.LSI.04,2024-09-21 17:25:00,2024-09-21 17:50:00,6,20.0,15.0
FL.LSI.04,2025-05-10 17:50:00,2025-05-10 18:20:00,7,24.1,15.0
FL.LSI.04,2025-06-05 21:45:00,2025-06-05 21:45:00,1,15.1,15.0
FL.LSI.04,2025-09-13 16:10:00,2025-09-13 16:10:00,1,15.9,15.0
FL.LSI.05,2020-06-04 15:50:00,2020-06-04 15:55:00,2,15.6,15.0
FL.LSI.05,2021-09-19 15:55:00,2021-09-19 15:55:00,1,15.5,15.0
FL.LSI.05,2021-09-19 16:05:00,2021-09-19 16:05:00,1,15.4,15.0
FL.LSI.05,2022-05-17 22:40:00,2022-05-17 22:40:00,1,15.4,15.0
FL.LSI.05,2022-09-08 13:05:00,2022-09-08 13:10:00,2,18.0,15.0
FL.LSI.05,2022-09-08 13:30:00,2022-09-08 13:30:00,1,16.1,15.0
FL.LSI.05,2022-09-08 13:40:00,2022-09-08 13:45:00,2,16.1,15.0
FL.LSI.05,2022-09-08 13:55:00,2022-09-08 14:05:00,3,17.4,15.0
FL.LSI.05,2022-10-03 15:05:00,2022-10-03 15:05:00,1,15.4,15.0
FL.LSI.05,2022-10-03 15:30:00,2022-10-03 18:05:00,32,26.4,15.0
FL.LSI.05,2022-10-03 18:15:00,2022-10-03 18:15:00,1,15.4,15.0
FL.LSI.05,2022-10-03 18:25:00,2022-10-03 18:30:00,2,16.3,15.0
FL.LSI.05,2022-10-03 18:40:00,2022-10-03 18:45:00,2,15.2,15.0
FL.LSI.05,2023-06-28 19:45:00,2023-06-28 20:00:00,4,16.6,15.0
FL.LSI.05,2023-06-28 20:10:00,2023-06-28 20:15:00,2,18.9,15.0
FL.LSI.05,2023-06-28 20:25:00,2023-06-28 20:25:00,1,16.5,15.0
FL.LSI.05,2025-11-02 21:35:00,2025-11-02 21:35:00,1,16.6,15.0
FL.LSI.06,2019-04-08 09:50:00,2019-04-08 18:50:00,109,56.5,15.0
FL.LSI.06,2019-04-09 08:20:00,2019-04-09 08:50:00,7,18.4,15.0
FL.LSI.06,2019-04-09 09:30:00,2019-04-09 09:45:00,4,33.4,15.0
FL.LSI.06,2019-04-30 11:40:00,2019-04-30 11:40:00,1,67.8,15.0
FL.LSI.06,2019-04-30 12:05:00,2019-04-30 12:05:00,1,34.5,15.0
FL.LSI.06,2019-04-30 20:00:00,2019-04-30 20:00:00,1,67.8,15.0
FL.LSI.06,2025-11-02 21:35:00,2025-11-02 21:35:00,1,15.2,15.0
FL.MBR.01,2023-01-10 14:05:00,2023-01-10 14:05:00,1,40.7,15.0
FL.PNK.02,2019-03-13 11:35:00,2019-03-13 11:35:00,1,17.9,15.0
FL.PPS.01,2021-09-19 16:00:00,2021-09-19 16:00:00,1,15.6,15.0
FL.PPS.01,2021-09-19 16:10:00,2021-09-19 16:10:00,1,15.3,15.0
FL.PPS.01,2023-10-03 16:50:00,2023-10-03 17:45:00,12,27.8,15.0
FL.PPS.01,2025-05-10 18:05:00,2025-05-10 18:20:00,4,18.5,15.0
FL.PPS.01,2025-09-06 17:00:00,2025-09-06 17:05:00,2,15.2,15.0
FL.PPS.02,2020-06-11 11:50:00,2020-06-11 11:50:00,1,20.2,15.0
FL.PTW.01,2021-05-19 19:10:00,2021-05-19 19:55:00,10,21.9,15.0
FL.PTW.01,2023-09-25 14:50:00,2023-09-25 15:20:00,7,19.8,15.0
FL.PTW.01,2025-11-13 02:45:00,2025-11-13 04:25:00,21,31.4,15.0
FL.PTW.02,2019-06-07 15:05:00,2019-06-07 15:40:00,8,22.8,15.0
FL.PTW.02,2019-06-07 15:50:00,2019-06-07 15:50:00,1,16.3,15.0
FL.PTW.02,2023-10-03 17:00:00,2023-10-03 17:40:00,9,20.8,15.0
FL.PTW.02,2025-11-13 02:45:00,2025-11-13 03:55:00,15,25.7,15.0
FL.PTW.03,2019-06-11 10:40:00,2019-06-11 10:40:00,1,28.9,15.0
FL.PTW.03,2020-06-10 11:55:00,2020-06-10 11:55:00,1,15.9,15.0
FL.PTW.03,2025-11-13 03:05:00,2025-11-13 03:05:00,1,15.3,15.0
FL.PTW.05,2019-01-11 11:30:00,2019-01-11 11:30:00,1,31.3,15.0
FL.PTW.05,2019-06-07 15:20:00,2019-06-07 15:35:00,4,18.9,15.0
FL.PTW.05,2019-09-16 00:30:00,2019-09-16 01:25:00,12,24.4,15.0
FL.PTW.05,2020-06-10 11:25:00,2020-06-10 11:25:00,1,16.7,15.0
FL.PTW.05,2022-07-20 22:45:00,2022-07-20 22:55:00,3,16.3,15.0
FL.PTW.05,2022-09-22 03:15:00,2022-09-22 03:30:00,4,17.2,15.0
FL.PTW.05,2023-09-25 14:50:00,2023-09-25 15:25:00,8,22.3,15.0
FL.PTW.05,2023-10-03 16:55:00,2023-10-03 18:05:00,15,30.5,15.0
FL.PTW.05,2025-11-13 02:35:00,2025-11-13 05:20:00,34,34.4,15.0
FL.PWT.02,2019-05-29 07:15:00,2019-05-29 07:20:00,2,17.2,15.0
FL.PWT.02,2019-06-21 11:35:00,2019-06-21 11:35:00,1,28.4,15.0
FL.PWT.02,2019-07-13 00:50:00,2019-07-13 03:10:00,29,27.1,15.0
FL.PWT.02,2019-09-19 20:00:00,2019-09-20 09:05:00,158,43.2,15.0
FL.PWT.02,2019-09-20 09:15:00,2019-09-20 09:30:00,4,16.8,15.0
FL.PWT.02,2019-09-20 09:40:00,2019-09-20 09:45:00,2,15.9,15.0
FL.PWT.02,2019-09-20 09:55:00,2019-09-20 09:55:00,1,18.2,15.0
FL.PWT.02,2019-09-20 10:05:00,2019-09-20 10:20:00,4,17.2,15.0
FL.PWT.02,2019-09-20 10:35:00,2019-09-20 10:35:00,1,15.9,15.0
FL.PWT.02,2019-09-20 10:50:00,2019-09-20 10:50:00,1,17.1,15.0
FL.PWT.02,2019-09-20 11:05:00,2019-09-20 11:05:00,1,15.1,15.0
FL.PWT.02,2019-09-20 12:00:00,2019-09-20 12:05:00,2,15.1,15.0
FL.PWT.02,2019-10-13 21:10:00,2019-10-13 21:20:00,3,17.9,15.0
FL.PWT.02,2020-06-15 04:20:00,2020-06-15 04:45:00,6,22.5,15.0
FL.PWT.02,2020-08-12 19:10:00,2020-08-12 19:25:00,4,17.6,15.0
FL.PWT.02,2020-08-19 01:40:00,2020-08-19 02:25:00,10,26.1,15.0
FL.PWT.02,2020-08-28 17:15:00,2020-08-28 18:10:00,12,24.0,15.0
FL.PWT.02,2020-08-28 18:20:00,2020-08-28 18:30:00,3,17.1,15.0
FL.PWT.02,2020-08-28 19:00:00,2020-08-28 19:00:00,1,16.6,15.0
FL.PWT.02,2020-09-15 01:50:00,2020-09-15 02:20:00,7,22.0,15.0
FL.PWT.02,2020-10-02 19:05:00,2020-10-02 19:40:00,8,21.4,15.0
FL.PWT.02,2020-10-02 19:50:00,2020-10-02 20:10:00,5,16.9,15.0
FL.PWT.02,2020-10-02 20:20:00,2020-10-02 20:20:00,1,16.0,15.0
FL.PWT.02,2020-10-02 20:30:00,2020-10-02 20:30:00,1,15.6,15.0
FL.PWT.02,2020-10-02 20:50:00,2020-10-02 20:50:00,1,15.5,15.0
FL.PWT.02,2020-10-04 00:55:00,2020-10-04 07:00:00,74,32.2,15.0
FL.PWT.02,2020-10-04 07:15:00,2020-10-04 07:25:00,3,19.7,15.0
FL.PWT.02,2020-10-04 07:40:00,2020-10-04 07:50:00,3,16.2,15.0
FL.PWT.02,2020-10-05 02:35:00,2020-10-05 03:20:00,10,20.2,15.0
FL.PWT.02,2020-10-31 15:10:00,2020-10-31 15:10:00,1,15.3,15.0
FL.PWT.02,2020-10-31 15:20:00,2020-10-31 15:40:00,5,21.9,15.0
FL.PWT.02,2020-10-31 15:50:00,2020-10-31 16:00:00,3,20.6,15.0
FL.PWT.02,2020-10-31 16:10:00,2020-10-31 16:10:00,1,16.6,15.0
FL.PWT.02,2021-02-10 01:35:00,2021-02-10 03:30:00,24,26.6,15.0
FL.PWT.02,2021-04-08 12:20:00,2021-04-08 12:20:00,1,15.3,15.0
FL.PWT.02,2021-04-25 06:25:00,2021-04-25 06:30:00,2,19.3,15.0
FL.PWT.02,2021-05-19 19:10:00,2021-05-20 00:15:00,62,24.1,15.0
FL.PWT.02,2021-05-20 00:25:00,2021-05-20 00:25:00,1,18.1,15.0
FL.PWT.02,2021-05-20 00:35:00,2021-05-20 00:40:00,2,17.1,15.0
FL.PWT.02,2021-05-20 00:50:00,2021-05-20 00:50:00,1,16.5,15.0
FL.PWT.02,2021-05-20 01:00:00,2021-05-20 01:00:00,1,15.5,15.0
FL.PWT.02,2021-06-28 17:50:00,2021-06-28 17:50:00,1,18.8,15.0
FL.PWT.02,2021-06-28 18:00:00,2021-06-28 18:05:00,2,19.5,15.0
FL.PWT.02,2021-06-28 18:20:00,2021-06-28 18:20:00,1,17.3,15.0
FL.PWT.02,2021-06-28 18:30:00,2021-06-28 18:35:00,2,16.1,15.0
FL.PWT.02,2021-07-01 23:00:00,2021-07-01 23:35:00,8,20.7,15.0
FL.PWT.02,2021-07-10 23:35:00,2021-07-11 05:00:00,66,25.9,15.0
FL.PWT.02,2021-07-11 05:10:00,2021-07-11 05:10:00,1,15.4,15.0
FL.PWT.02,2021-08-21 05:40:00,2021-08-21 05:40:00,1,16.2,15.0
FL.PWT.02,2021-08-21 06:35:00,2021-08-21 07:55:00,17,26.4,15.0
FL.PWT.02,2021-08-22 08:30:00,2021-08-22 08:35:00,2,17.1,15.0
FL.PWT.02,2021-09-16 08:05:00,2021-09-16 08:10:00,2,17.2,15.0
FL.PWT.02,2021-09-16 08:25:00,2021-09-16 08:25:00,1,15.4,15.0
FL.PWT.02,2022-06-19 20:10:00,2022-06-19 20:10:00,1,15.6,15.0
FL.PWT.02,2022-07-20 21:30:00,2022-07-20 21:45:00,4,26.8,15.0
FL.PWT.02,2022-07-20 23:10:00,2022-07-21 20:10:00,253,41.0,15.0
FL.PWT.02,2022-07-21 20:20:00,2022-07-21 20:25:00,2,16.6,15.0
FL.PWT.02,2022-07-21 20:45:00,2022-07-21 20:45:00,1,15.0,15.0
FL.PWT.02,2022-07-28 09:50:00,2022-07-28 10:00:00,3,18.7,15.0
FL.PWT.02,2022-08-15 18:40:00,2022-08-15 18:40:00,1,18.1,15.0
FL.PWT.02,2022-08-15 18:50:00,2022-08-16 08:20:00,163,35.7,15.0
FL.PWT.02,2022-08-16 08:30:00,2022-08-16 08:30:00,1,18.2,15.0
FL.PWT.02,2022-08-16 08:40:00,2022-08-16 08:55:00,4,17.7,15.0
FL.PWT.02,2022-08-16 09:10:00,2022-08-16 09:10:00,1,15.5,15.0
FL.PWT.02,2022-08-16 09:25:00,2022-08-16 09:25:00,1,15.8,15.0
FL.PWT.02,2022-09-04 05:10:00,2022-09-04 05:10:00,1,15.4,15.0
FL.PWT.02,2022-09-11 23:55:00,2022-09-12 00:20:00,6,20.0,15.0
FL.PWT.02,2022-09-12 00:30:00,2022-09-12 00:40:00,3,15.9,15.0
FL.PWT.02,2022-09-13 22:35:00,2022-09-13 22:45:00,3,17.6,15.0
FL.PWT.02,2022-09-21 17:40:00,2022-09-21 18:00:00,5,20.5,15.0
FL.PWT.02,2022-09-26 03:35:00,2022-09-26 03:50:00,4,21.9,15.0
FL.PWT.02,2022-10-02 00:45:00,2022-10-02 00:55:00,3,18.7,15.0
FL.PWT.02,2022-10-03 14:20:00,2022-10-03 23:25:00,110,32.7,15.0
FL.PWT.02,2022-10-03 23:35:00,2022-10-04 00:05:00,7,17.1,15.0
FL.PWT.02,2022-10-04 00:15:00,2022-10-04 00:20:00,2,16.3,15.0
FL.PWT.02,2022-10-04 00:30:00,2022-10-04 00:30:00,1,15.2,15.0
FL.PWT.02,2022-10-04 00:40:00,2022-10-04 00:40:00,1,15.1,15.0
FL.PWT.02,2022-10-09 18:45:00,2022-10-09 23:45:00,61,25.5,15.0
FL.PWT.02,2022-10-09 23:55:00,2022-10-10 00:00:00,2,16.1,15.0
FL.PWT.02,2022-10-10 00:15:00,2022-10-10 00:15:00,1,15.0,15.0
FL.PWT.02,2022-10-23 00:10:00,2022-10-23 00:10:00,1,17.5,15.0
FL.PWT.02,2023-02-15 08:25:00,2023-02-15 09:05:00,9,23.7,15.0
FL.PWT.02,2023-04-30 09:15:00,2023-04-30 09:55:00,9,20.4,15.0
FL.PWT.02,2025-05-16 15:25:00,2025-05-16 15:30:00,2,16.2,15.0
FL.PWT.02,2025-05-16 15:40:00,2025-05-16 15:45:00,2,16.0,15.0
FL.PWT.02,2025-05-16 15:55:00,2025-05-16 16:20:00,6,16.7,15.0
FL.PWT.02,2025-10-04 12:50:00,2025-10-04 15:10:00,29,21.8,15.0
FL.PYT.01,2021-08-31 21:55:00,2021-08-31 22:05:00,3,17.0,15.0
FL.PYT.01,2025-05-10 18:15:00,2025-05-10 18:15:00,1,15.2,15.0
FL.PYT.01,2025-05-10 18:25:00,2025-05-10 18:40:00,4,17.5,15.0
FL.PYT.01,2025-11-13 02:25:00,2025-11-13 04:20:00,24,25.8,15.0
FL.PYT.02,2019-06-07 14:35:00,2019-06-07 16:50:00,28,34.0,15.0
FL.PYT.02,2019-06-07 17:00:00,2019-06-07 17:00:00,1,16.1,15.0
FL.PYT.02,2019-06-07 17:10:00,2019-06-07 17:10:00,1,15.3,15.0
FL.PYT.02,2019-09-16 00:35:00,2019-09-16 00:40:00,2,16.6,15.0
FL.PYT.02,2020-04-18 12:15:00,2020-04-18 12:25:00,3,16.8,15.0
FL.PYT.02,2020-04-19 11:00:00,2020-04-19 11:30:00,7,20.4,15.0
FL.PYT.02,2020-04-19 13:40:00,2020-04-19 14:10:00,7,15.8,15.0
FL.PYT.02,2020-04-20 10:30:00,2020-04-20 12:25:00,24,19.3,15.0
FL.PYT.02,2020-04-20 13:00:00,2020-04-20 13:20:00,5,15.6,15.0
FL.PYT.02,2020-04-20 13:30:00,2020-04-20 14:25:00,12,16.7,15.0
FL.PYT.02,2020-04-21 10:10:00,2020-04-21 14:30:00,53,21.4,15.0
FL.PYT.02,2020-04-22 10:30:00,2020-04-22 11:50:00,17,20.7,15.0
FL.PYT.02,2020-04-22 12:10:00,2020-04-22 12:15:00,2,15.3,15.0
FL.PYT.02,2020-04-22 12:45:00,2020-04-22 15:00:00,28,23.4,15.0
FL.PYT.02,2020-04-23 10:50:00,2020-04-23 14:55:00,50,22.1,15.0
FL.PYT.02,2020-04-24 13:15:00,2020-04-24 13:15:00,1,15.3,15.0
FL.PYT.02,2020-04-25 11:50:00,2020-04-25 11:55:00,2,15.6,15.0
FL.PYT.02,2020-04-26 10:10:00,2020-04-26 10:25:00,4,18.0,15.0
FL.PYT.02,2020-04-26 10:50:00,2020-04-26 16:15:00,66,28.6,15.0
FL.PYT.02,2020-04-28 10:15:00,2020-04-28 15:10:00,60,26.9,15.0
FL.PYT.02,2020-04-30 10:00:00,2020-04-30 12:45:00,34,27.7,15.0
FL.PYT.02,2020-05-01 10:00:00,2020-05-01 10:25:00,6,21.0,15.0
FL.PYT.02,2020-06-20 10:00:00,2020-06-20 17:00:00,85,46.6,15.0
FL.PYT.02,2020-06-22 10:10:00,2020-06-22 11:55:00,22,31.4,15.0
FL.PYT.02,2021-07-01 22:30:00,2021-07-01 22:40:00,3,24.1,15.0
FL.PYT.02,2021-07-01 23:05:00,2021-07-01 23:05:00,1,23.0,15.0
FL.PYT.02,2021-07-01 23:15:00,2021-07-01 23:35:00,5,23.1,15.0
FL.PYT.02,2022-05-17 23:15:00,2022-05-17 23:15:00,1,16.1,15.0
FL.PYT.02,2022-05-17 23:50:00,2022-05-18 00:40:00,11,20.2,15.0
FL.PYT.02,2022-05-18 00:55:00,2022-05-18 01:00:00,2,15.8,15.0
FL.PYT.02,2022-07-01 19:10:00,2022-07-01 19:50:00,9,25.9,15.0
FL.PYT.02,2023-07-22 00:35:00,2023-07-22 01:55:00,17,25.6,15.0
FL.PYT.02,2025-05-10 18:00:00,2025-05-10 19:15:00,16,34.1,15.0
FL.PYT.02,2025-05-10 19:25:00,2025-05-10 19:30:00,2,19.8,15.0
FL.PYT.02,2025-05-10 19:40:00,2025-05-10 19:40:00,1,15.2,15.0
FL.PYT.02,2025-11-13 02:10:00,2025-11-13 04:25:00,28,33.4,15.0
FL.PYT.02,2025-11-13 14:45:00,2025-11-13 14:45:00,1,15.7,15.0
FL.PYT.03,2020-09-23 16:25:00,2020-09-23 16:30:00,2,15.3,15.0
FL.PYT.03,2020-09-23 16:40:00,2020-09-23 16:40:00,1,16.2,15.0
FL.PYT.03,2022-08-01 11:45:00,2022-08-01 11:45:00,1,16.1,15.0
FL.PYT.04,2019-04-02 10:35:00,2019-04-02 10:35:00,1,20.0,15.0
FL.PYT.04,2019-06-07 14:35:00,2019-06-07 16:45:00,27,31.1,15.0
FL.PYT.04,2019-06-07 16:55:00,2019-06-07 16:55:00,1,16.3,15.0
FL.PYT.04,2021-07-01 22:50:00,2021-07-01 22:55:00,2,16.1,15.0
FL.PYT.04,2021-07-01 23:05:00,2021-07-01 23:05:00,1,15.1,15.0
FL.PYT.04,2021-08-31 22:00:00,2021-08-31 22:05:00,2,17.1,15.0
FL.PYT.04,2023-07-22 01:20:00,2023-07-22 01:20:00,1,17.3,15.0
FL.PYT.04,2023-07-22 01:35:00,2023-07-22 01:35:00,1,15.2,15.0
FL.PYT.04,2025-11-13 02:10:00,2025-11-13 02:50:00,9,21.2,15.0
FL.PYT.05,2021-07-01 22:45:00,2021-07-01 22:50:00,2,18.0,15.0
FL.PYT.05,2021-08-31 21:40:00,2021-08-31 23:25:00,22,23.3,15.0
FL.PYT.05,2021-08-31 23:35:00,2021-08-31 23:35:00,1,15.0,15.0
FL.PYT.05,2022-09-12 16:55:00,2022-09-12 17:05:00,3,18.7,15.0
FL.PYT.05,2023-05-30 19:25:00,2023-05-30 19:25:00,1,15.4,15.0
FL.PYT.05,2023-05-30 19:35:00,2023-05-30 19:50:00,4,17.5,15.0
FL.PYT.05,2023-07-22 01:00:00,2023-07-22 01:55:00,12,18.7,15.0
FL.PYT.05,2023-07-22 02:05:00,2023-07-22 02:05:00,1,16.9,15.0
FL.PYT.05,2025-05-10 18:15:00,2025-05-10 18:40:00,6,16.3,15.0
FL.PYT.05,2025-11-13 02:15:00,2025-11-13 04:20:00,26,25.0,15.0
FL.PYT.06,2019-02-11 13:10:00,2019-02-11 13:10:00,1,28.9,15.0
FL.PYT.06,2019-06-07 14:45:00,2019-06-07 16:40:00,24,28.3,15.0
FL.PYT.06,2019-06-07 16:55:00,2019-06-07 16:55:00,1,15.8,15.0
FL.PYT.06,2020-09-23 16:10:00,2020-09-23 18:00:00,23,28.8,15.0
FL.PYT.06,2021-07-01 22:50:00,2021-07-01 23:20:00,7,20.1,15.0
FL.PYT.06,2021-08-31 21:55:00,2021-08-31 22:45:00,11,21.1,15.0
FL.PYT.06,2022-05-17 23:55:00,2022-05-18 00:25:00,7,20.3,15.0
FL.PYT.06,2022-05-18 00:40:00,2022-05-18 00:50:00,3,16.6,15.0
FL.PYT.06,2022-07-01 19:20:00,2022-07-01 19:25:00,2,16.2,15.0
FL.PYT.06,2022-09-06 21:00:00,2022-09-06 21:15:00,4,17.2,15.0
FL.PYT.06,2022-09-12 16:55:00,2022-09-12 16:55:00,1,16.0,15.0
FL.PYT.06,2022-09-12 17:05:00,2022-09-12 17:05:00,1,18.5,15.0
FL.PYT.06,2023-05-30 18:55:00,2023-05-30 18:55:00,1,16.4,15.0
FL.PYT.06,2023-05-30 19:05:00,2023-05-30 20:25:00,17,25.2,15.0
FL.PYT.06,2023-07-22 00:40:00,2023-07-22 02:40:00,25,30.4,15.0
FL.PYT.06,2025-05-10 18:05:00,2025-05-10 19:15:00,15,25.9,15.0
FL.PYT.06,2025-11-13 02:15:00,2025-11-13 03:55:00,21,28.7,15.0
FL.PYT.07,2019-11-30 00:45:00,2019-11-30 00:50:00,2,49.6,15.0
FL.PYT.07,2019-11-30 01:05:00,2019-11-30 01:15:00,3,17.0,15.0
FL.PYT.07,2019-11-30 03:30:00,2019-11-30 03:30:00,1,17.9,15.0
FL.PYT.07,2019-11-30 12:05:00,2019-11-30 12:05:00,1,15.2,15.0
FL.PYT.07,2019-11-30 12:15:00,2019-11-30 16:45:00,55,18.4,15.0
FL.PYT.07,2019-11-30 16:55:00,2019-11-30 18:05:00,15,15.7,15.0
FL.PYT.07,2019-11-30 18:15:00,2019-11-30 18:15:00,1,15.0,15.0
FL.PYT.07,2019-12-03 04:50:00,2019-12-03 12:35:00,94,147.7,15.0
FL.PYT.07,2019-12-03 15:55:00,2019-12-04 09:30:00,212,142.4,15.0
FL.PYT.07,2025-05-10 18:00:00,2025-05-10 18:05:00,2,15.7,15.0
FL.PYT.07,2025-11-13 02:10:00,2025-11-13 02:50:00,9,21.2,15.0
FL.RTW.01,2019-04-05 10:45:00,2019-04-05 10:45:00,1,27.9,15.0
FL.RTW.01,2019-06-07 14:50:00,2019-06-07 17:00:00,27,36.0,15.0
FL.RTW.01,2019-06-07 17:10:00,2019-06-07 17:10:00,1,17.6,15.0
FL.RTW.01,2019-06-07 17:20:00,2019-06-07 17:20:00,1,15.0,15.0
FL.RTW.01,2021-04-12 13:00:00,2021-04-12 13:25:00,6,24.9,15.0
FL.RTW.01,2021-05-19 18:55:00,2021-05-19 20:05:00,15,29.0,15.0
FL.RTW.01,2021-05-29 00:20:00,2021-05-29 00:30:00,3,16.8,15.0
FL.RTW.01,2021-05-29 00:45:00,2021-05-29 00:45:00,1,19.2,15.0
FL.RTW.01,2021-07-10 23:25:00,2021-07-10 23:50:00,6,18.3,15.0
FL.RTW.03,2019-08-06 11:10:00,2019-08-06 11:10:00,1,27.7,15.0
FL.RTW.04,2020-07-24 14:25:00,2020-07-24 14:25:00,1,17.0,15.0
FL.RTW.04,2023-10-03 17:00:00,2023-10-03 17:00:00,1,16.9,15.0
FL.RTW.04,2023-10-03 17:10:00,2023-10-03 17:10:00,1,16.0,15.0
FL.RTW.04,2025-11-13 02:45:00,2025-11-13 03:45:00,13,21.8,15.0
FL.RTW.04,2025-11-13 03:55:00,2025-11-13 03:55:00,1,15.4,15.0
FL.RTW.05,2021-05-19 19:05:00,2021-05-19 19:25:00,5,17.1,15.0
FL.RTW.05,2021-09-19 16:00:00,2021-09-19 16:20:00,5,18.1,15.0
FL.RTW.05,2022-07-01 19:10:00,2022-07-01 19:10:00,1,15.1,15.0
FL.RTW.05,2022-09-22 03:30:00,2022-09-22 03:35:00,2,15.1,15.0
FL.RTW.05,2023-09-25 15:00:00,2023-09-25 15:15:00,4,16.8,15.0
FL.RTW.05,2023-10-03 16:55:00,2023-10-03 18:05:00,15,29.6,15.0
FL.RTW.05,2025-05-10 18:15:00,2025-05-10 18:20:00,2,16.1,15.0
FL.RTW.05,2025-11-13 02:50:00,2025-11-13 03:10:00,5,17.1,15.0
FL.RTW.05,2025-11-13 03:20:00,2025-11-13 03:25:00,2,16.4,15.0
FL.RTW.07,2019-03-08 12:25:00,2019-03-08 12:30:00,2,24.9,15.0
FL.RTW.07,2019-06-07 15:00:00,2019-06-07 15:10:00,3,16.7,15.0
FL.RTW.07,2019-06-10 10:40:00,2019-06-10 10:40:00,1,21.4,15.0
FL.RTW.07,2023-09-25 14:50:00,2023-09-25 15:50:00,13,20.9,15.0
FL.RTW.07,2023-10-03 16:50:00,2023-10-03 18:05:00,16,25.2,15.0
FL.RTW.07,2025-05-10 18:15:00,2025-05-10 18:20:00,2,17.1,15.0
FL.RTW.07,2025-05-10 18:30:00,2025-05-10 18:35:00,2,15.3,15.0
FL.RTW.07,2025-10-04 12:00:00,2025-10-04 12:00:00,1,17.3,15.0
FL.RTW.07,2025-11-13 02:50:00,2025-11-13 02:50:00,1,16.4,15.0
FL.RTW.07,2025-11-13 03:00:00,2025-11-13 03:15:00,4,18.5,15.0
FL.RTW.08,2020-07-24 06:40:00,2020-07-24 07:50:00,15,23.9,15.0
FL.RTW.08,2022-09-22 03:00:00,2022-09-22 03:40:00,9,26.1,15.0
FL.RTW.08,2022-09-23 23:15:00,2022-09-23 23:25:00,3,19.5,15.0
FL.RTW.08,2022-09-24 23:50:00,2022-09-25 00:20:00,7,21.8,15.0
FL.RTW.08,2022-10-11 01:25:00,2022-10-11 01:50:00,6,18.9,15.0
FL.RTW.08,2023-09-25 14:50:00,2023-09-25 15:15:00,6,21.1,15.0
FL.RTW.08,2023-10-03 16:45:00,2023-10-03 18:05:00,17,34.6,15.0
FL.RTW.08,2024-10-29 22:55:00,2024-10-29 23:50:00,12,28.1,15.0
FL.RTW.08,2024-11-17 14:00:00,2024-11-17 14:00:00,1,16.4,15.0
FL.RTW.08,2025-05-10 18:10:00,2025-05-10 18:55:00,10,23.1,15.0
FL.RTW.08,2025-10-04 11:20:00,2025-10-04 12:25:00,14,19.8,15.0
FL.RTW.08,2025-11-13 02:10:00,2025-11-13 04:15:00,26,37.0,15.0
FL.RTW.09,2021-08-12 00:40:00,2021-08-12 01:00:00,5,20.8,15.0
FL.RTW.09,2021-09-19 16:00:00,2021-09-19 16:00:00,1,16.0,15.0
FL.RTW.09,2021-09-19 16:10:00,2021-09-19 16:10:00,1,15.5,15.0
FL.RTW.09,2022-04-30 14:45:00,2022-04-30 14:50:00,2,17.0,15.0
FL.RTW.09,2022-05-17 23:05:00,2022-05-17 23:15:00,3,16.3,15.0
FL.RTW.09,2022-05-17 23:25:00,2022-05-17 23:45:00,5,15.7,15.0
FL.RTW.09,2022-05-17 23:55:00,2022-05-17 23:55:00,1,16.7,15.0
FL.RTW.09,2022-05-18 00:50:00,2022-05-18 00:50:00,1,16.8,15.0
FL.RTW.09,2022-07-01 18:55:00,2022-07-01 19:45:00,11,24.3,15.0
FL.RTW.09,2022-07-20 21:35:00,2022-07-20 21:40:00,2,15.1,15.0
FL.RTW.09,2022-07-20 22:25:00,2022-07-20 23:15:00,11,21.2,15.0
FL.RTW.09,2022-08-01 11:30:00,2022-08-01 12:40:00,15,21.9,15.0
FL.RTW.09,2022-08-15 19:55:00,2022-08-15 20:25:00,7,22.2,15.0
FL.RTW.09,2022-08-15 20:40:00,2022-08-15 20:40:00,1,15.5,15.0
FL.RTW.09,2022-09-06 20:55:00,2022-09-06 20:55:00,1,15.2,15.0
FL.RTW.09,2022-09-06 21:05:00,2022-09-06 21:50:00,10,19.4,15.0
FL.RTW.09,2022-09-10 18:40:00,2022-09-10 19:30:00,11,23.3,15.0
FL.RTW.09,2022-09-10 19:40:00,2022-09-10 19:45:00,2,16.7,15.0
FL.RTW.09,2022-09-12 16:30:00,2022-09-12 17:00:00,7,17.9,15.0
FL.RTW.09,2022-09-22 03:00:00,2022-09-22 04:15:00,16,28.5,15.0
FL.RTW.09,2022-09-22 04:25:00,2022-09-22 04:25:00,1,15.0,15.0
FL.RTW.09,2022-09-22 20:30:00,2022-09-22 22:00:00,19,27.4,15.0
FL.RTW.09,2022-09-24 23:45:00,2022-09-25 00:30:00,10,25.6,15.0
FL.RTW.09,2022-10-07 16:15:00,2022-10-07 16:40:00,6,17.9,15.0
FL.RTW.09,2022-10-11 01:35:00,2022-10-11 01:40:00,2,16.1,15.0
FL.RTW.09,2022-10-11 01:50:00,2022-10-11 01:50:00,1,16.5,15.0
FL.RTW.09,2023-02-15 08:45:00,2023-02-15 08:55:00,3,17.2,15.0
FL.RTW.09,2023-08-23 17:35:00,2023-08-23 17:55:00,5,19.5,15.0
FL.RTW.09,2023-09-03 23:45:00,2023-09-03 23:45:00,1,15.0,15.0
FL.RTW.09,2023-09-25 14:40:00,2023-09-25 15:35:00,12,26.0,15.0
FL.RTW.09,2023-10-03 16:50:00,2023-10-03 18:15:00,18,29.7,15.0
FL.RTW.09,2024-08-27 23:35:00,2024-08-27 23:35:00,1,16.3,15.0
FL.RTW.09,2025-05-10 18:05:00,2025-05-10 18:55:00,11,22.7,15.0
FL.RTW.09,2025-11-03 20:20:00,2025-11-03 20:50:00,7,20.6,15.0
FL.RTW.09,2025-11-13 02:20:00,2025-11-13 04:00:00,21,25.9,15.0
FL.RTW.10,2019-06-07 14:40:00,2019-06-07 16:50:00,27,34.2,15.0
FL.RTW.10,2019-06-10 11:00:00,2019-06-10 11:05:00,2,27.3,15.0
FL.RTW.10,2019-09-16 00:30:00,2019-09-16 00:45:00,4,22.5,15.0
FL.RTW.10,2019-10-04 12:35:00,2019-10-04 13:05:00,7,23.8,15.0
FL.RTW.10,2020-06-22 05:05:00,2020-06-22 05:25:00,5,24.8,15.0
FL.RTW.10,2020-07-24 06:50:00,2020-07-24 07:00:00,3,18.0,15.0
FL.RTW.10,2020-09-01 03:40:00,2020-09-01 04:00:00,5,25.1,15.0
FL.RTW.10,2021-03-04 15:10:00,2021-03-04 15:10:00,1,17.7,15.0
FL.RTW.10,2021-04-12 13:00:00,2021-04-12 13:20:00,5,24.0,15.0
FL.RTW.10,2021-05-19 19:00:00,2021-05-19 19:55:00,12,26.5,15.0
FL.RTW.10,2021-09-19 16:00:00,2021-09-19 16:25:00,6,25.7,15.0
FL.RTW.10,2022-05-17 23:15:00,2022-05-17 23:30:00,4,20.9,15.0
FL.RTW.10,2022-07-01 19:10:00,2022-07-01 19:35:00,6,30.2,15.0
FL.RTW.10,2022-08-01 11:40:00,2022-08-01 12:10:00,7,27.9,15.0
FL.RTW.10,2022-09-06 21:15:00,2022-09-06 21:25:00,3,20.3,15.0
FL.RTW.10,2022-09-10 18:50:00,2022-09-10 19:35:00,10,28.2,15.0
FL.RTW.10,2022-09-12 16:30:00,2022-09-12 17:15:00,10,28.3,15.0
FL.RTW.10,2022-09-22 03:10:00,2022-09-22 03:35:00,6,27.0,15.0
FL.RTW.10,2022-09-22 21:00:00,2022-09-22 21:20:00,5,22.2,15.0
FL.RTW.10,2022-09-23 23:20:00,2022-09-23 23:20:00,1,18.4,15.0
FL.RTW.10,2022-09-24 23:45:00,2022-09-25 00:50:00,14,35.6,15.0
FL.RTW.10,2023-02-15 08:45:00,2023-02-15 09:00:00,4,19.0,15.0
FL.RTW.10,2023-04-30 08:25:00,2023-04-30 08:25:00,1,16.3,15.0
FL.RTW.10,2023-05-11 12:00:00,2023-05-11 12:15:00,4,20.7,15.0
FL.RTW.10,2023-09-25 14:40:00,2023-09-25 15:40:00,13,39.5,15.0
FL.RTW.10,2023-10-03 16:45:00,2023-10-03 18:10:00,18,44.6,15.0
FL.RTW.10,2023-11-05 16:35:00,2023-11-05 16:45:00,3,17.5,15.0
FL.RTW.10,2025-05-10 18:05:00,2025-05-10 18:05:00,1,16.9,15.0
FL.RTW.10,2025-11-13 02:25:00,2025-11-13 03:25:00,13,35.1,15.0
FL.RTW.11,2023-09-25 15:00:00,2023-09-25 15:55:00,12,19.5,15.0
FL.RTW.11,2023-10-03 17:00:00,2023-10-03 18:40:00,21,27.8,15.0
FL.RTW.11,2025-05-10 18:15:00,2025-05-10 18:35:00,5,16.8,15.0
FL.RTW.11,2025-11-13 02:50:00,2025-11-13 02:50:00,1,15.9,15.0
FL.RTW.11,2025-11-13 03:00:00,2025-11-13 03:15:00,4,15.6,15.0
FL.RTW.12,2023-10-03 17:00:00,2023-10-03 17:00:00,1,15.4,15.0
FL.RTW.12,2023-10-03 17:15:00,2023-10-03 17:25:00,3,19.1,15.0
FL.RTW.12,2025-11-13 02:50:00,2025-11-13 03:35:00,10,16.9,15.0
FL.SLG.01,2019-04-01 20:50:00,2019-04-01 20:50:00,1,16.1,15.0
FL.SLG.01,2022-07-20 20:50:00,2022-07-20 20:50:00,1,16.3,15.0
FL.SLG.01,2022-07-20 21:15:00,2022-07-21 04:45:00,91,27.4,15.0
FL.SLG.01,2022-07-21 04:55:00,2022-07-21 05:20:00,6,18.4,15.0
FL.SLG.01,2022-08-01 22:20:00,2022-08-01 22:35:00,4,17.0,15.0
FL.SLG.01,2022-08-01 22:50:00,2022-08-01 22:50:00,1,16.1,15.0
FL.SLG.01,2022-08-01 23:00:00,2022-08-01 23:00:00,1,15.6,15.0
FL.SLG.01,2022-09-13 14:55:00,2022-09-13 14:55:00,1,16.9,15.0
FL.SLG.01,2022-09-13 15:05:00,2022-09-13 15:35:00,7,18.2,15.0
FL.SLG.01,2022-09-22 03:30:00,2022-09-22 03:30:00,1,15.2,15.0
FL.SLG.01,2023-07-22 00:15:00,2023-07-22 04:35:00,53,30.6,15.0
FL.SLG.01,2023-07-22 04:45:00,2023-07-22 04:50:00,2,18.0,15.0
FL.SLG.01,2023-10-03 16:45:00,2023-10-03 16:45:00,1,19.4,15.0
FL.SLG.01,2023-10-03 16:55:00,2023-10-03 16:55:00,1,16.4,15.0
FL.SLG.01,2023-10-16 00:55:00,2023-10-16 01:00:00,2,18.0,15.0
FL.SLG.01,2023-11-05 16:20:00,2023-11-05 16:40:00,5,17.3,15.0
FL.SLG.01,2024-08-19 22:45:00,2024-08-19 22:45:00,1,15.3,15.0
FL.SLG.01,2024-08-20 00:25:00,2024-08-20 01:45:00,17,22.9,15.0
FL.SLG.01,2024-08-20 01:55:00,2024-08-20 01:55:00,1,15.2,15.0
FL.SLG.01,2024-08-20 02:15:00,2024-08-20 02:15:00,1,16.9,15.0
FL.SLG.01,2024-12-15 13:05:00,2024-12-15 13:20:00,4,17.6,15.0
FL.SLG.01,2025-09-05 19:00:00,2025-09-05 19:00:00,1,15.8,15.0
FL.SLG.01,2025-09-05 19:20:00,2025-09-05 19:20:00,1,15.1,15.0
FL.SLG.01,2025-12-17 11:45:00,2025-12-17 11:45:00,1,23.6,15.0
FL.SLG.02,2019-04-23 11:10:00,2019-04-23 11:20:00,3,29.3,15.0
FL.SLG.02,2019-09-14 17:50:00,2019-09-14 19:40:00,23,26.2,15.0
FL.SLG.02,2019-09-14 19:50:00,2019-09-14 20:05:00,4,18.7,15.0
FL.SLG.02,2019-09-14 20:15:00,2019-09-14 20:25:00,3,17.4,15.0
FL.SLG.02,2020-08-28 17:35:00,2020-08-28 17:35:00,1,15.1,15.0
FL.SLG.02,2020-08-28 17:45:00,2020-08-28 17:45:00,1,16.5,15.0
FL.SLG.02,2020-08-28 18:15:00,2020-08-28 18:15:00,1,15.7,15.0
FL.SLG.02,2020-10-02 19:10:00,2020-10-02 19:10:00,1,15.1,15.0
FL.SLG.02,2021-05-19 19:25:00,2021-05-19 19:25:00,1,17.3,15.0
FL.SLG.02,2021-05-19 19:45:00,2021-05-19 20:00:00,4,17.5,15.0
FL.SLG.02,2021-05-19 20:15:00,2021-05-19 20:15:00,1,15.1,15.0
FL.SLG.02,2021-05-19 20:35:00,2021-05-19 20:35:00,1,15.9,15.0
FL.SLG.02,2021-10-02 15:05:00,2021-10-02 15:40:00,8,18.7,15.0
FL.SLG.02,2022-07-20 21:25:00,2022-07-21 00:20:00,36,27.2,15.0
FL.SLG.02,2022-07-21 00:35:00,2022-07-21 00:35:00,1,15.0,15.0
FL.SLG.02,2022-09-10 19:40:00,2022-09-10 19:40:00,1,15.6,15.0
FL.SLG.02,2022-09-10 19:55:00,2022-09-10 20:05:00,3,16.3,15.0
FL.SLG.02,2023-07-22 00:35:00,2023-07-22 02:00:00,18,24.6,15.0
FL.SLG.02,2023-07-22 02:10:00,2023-07-22 02:15:00,2,15.8,15.0
FL.SLG.03,2019-04-23 00:20:00,2019-04-23 00:35:00,4,16.6,15.0
FL.SLG.03,2019-05-30 00:40:00,2019-05-30 01:00:00,5,19.9,15.0
FL.SLG.03,2019-09-14 17:45:00,2019-09-14 20:30:00,34,39.5,15.0
FL.SLG.03,2019-09-16 13:55:00,2019-09-16 13:55:00,1,15.1,15.0
FL.SLG.03,2019-09-19 19:45:00,2019-09-19 23:15:00,43,34.6,15.0
FL.SLG.03,2019-09-21 12:40:00,2019-09-21 12:55:00,4,15.9,15.0
FL.SLG.03,2020-06-22 05:20:00,2020-06-22 05:30:00,3,15.5,15.0
FL.SLG.03,2020-08-19 01:20:00,2020-08-19 02:15:00,12,21.5,15.0
FL.SLG.03,2020-08-28 17:00:00,2020-08-28 18:40:00,21,30.5,15.0
FL.SLG.03,2020-09-01 03:35:00,2020-09-01 04:45:00,15,24.9,15.0
FL.SLG.03,2020-09-27 21:15:00,2020-09-27 21:15:00,1,15.0,15.0
FL.SLG.03,2020-10-02 18:25:00,2020-10-02 20:30:00,26,25.4,15.0
FL.SLG.03,2020-10-04 16:05:00,2020-10-04 17:15:00,15,27.1,15.0
FL.SLG.03,2020-10-31 15:25:00,2020-10-31 15:55:00,7,19.6,15.0
FL.SLG.03,2020-11-21 12:35:00,2020-11-21 13:35:00,13,26.4,15.0
FL.SLG.03,2021-02-09 13:20:00,2021-02-09 14:00:00,9,24.5,15.0
FL.SLG.03,2021-03-09 14:50:00,2021-03-09 14:55:00,2,16.0,15.0
FL.SLG.03,2021-04-18 07:45:00,2021-04-18 07:45:00,1,15.0,15.0
FL.SLG.03,2021-05-19 18:40:00,2021-05-19 22:15:00,44,30.7,15.0
FL.SLG.03,2021-08-11 23:25:00,2021-08-11 23:55:00,7,21.5,15.0
FL.SLG.03,2021-10-02 15:15:00,2021-10-02 15:45:00,7,21.4,15.0
FL.SLG.03,2022-07-20 21:15:00,2022-07-21 09:00:00,142,38.8,15.0
FL.SLG.03,2022-08-01 22:15:00,2022-08-02 00:20:00,26,29.4,15.0
FL.SLG.03,2022-09-10 19:15:00,2022-09-11 00:25:00,63,35.3,15.0
FL.SLG.03,2022-09-13 14:45:00,2022-09-13 16:05:00,17,28.4,15.0
FL.SLG.03,2022-10-09 19:00:00,2022-10-09 19:15:00,4,17.1,15.0
FL.SLG.03,2022-10-11 01:10:00,2022-10-11 01:50:00,9,20.0,15.0
FL.SLG.03,2023-02-15 08:45:00,2023-02-15 08:55:00,3,15.5,15.0
FL.SLG.03,2023-07-22 00:25:00,2023-07-22 04:10:00,46,40.3,15.0
FL.SLG.03,2023-10-03 16:40:00,2023-10-03 17:45:00,14,26.4,15.0
FL.SLG.03,2024-10-24 16:20:00,2024-10-24 17:25:00,14,25.7,15.0
FL.SLG.03,2025-05-10 17:55:00,2025-05-10 19:35:00,21,26.8,15.0
FL.SLG.03,2025-09-05 19:15:00,2025-09-05 19:15:00,1,15.9,15.0
FL.SLG.03,2025-09-06 16:10:00,2025-09-06 18:25:00,28,35.3,15.0
FL.SLG.03,2025-11-02 22:10:00,2025-11-02 23:45:00,20,21.1,15.0
FL.SMI.01,2019-07-25 12:50:00,2019-07-25 12:55:00,2,31.3,15.0
FL.SMI.01,2019-09-15 23:50:00,2019-09-16 00:10:00,5,25.0,15.0
FL.SMI.01,2019-10-01 14:20:00,2019-10-01 17:00:00,33,51.5,15.0
FL.SMI.01,2019-10-04 13:25:00,2019-10-04 13:50:00,6,29.1,15.0
FL.SMI.01,2019-10-14 08:00:00,2019-10-14 08:15:00,4,21.4,15.0
FL.SMI.01,2020-03-15 10:45:00,2020-03-15 11:10:00,6,24.4,15.0
FL.SMI.01,2020-07-14 00:20:00,2020-07-14 03:05:00,34,46.1,15.0
FL.SMI.01,2020-07-16 17:40:00,2020-07-16 18:50:00,15,34.3,15.0
FL.SMI.01,2020-07-20 14:10:00,2020-07-20 15:00:00,11,28.7,15.0
FL.SMI.01,2020-08-28 16:50:00,2020-08-28 17:30:00,9,32.0,15.0
FL.SMI.01,2021-08-26 16:10:00,2021-08-26 16:25:00,4,22.5,15.0
FL.SMI.01,2021-08-27 13:30:00,2021-08-27 13:50:00,5,25.1,15.0
FL.SMI.01,2021-09-20 20:35:00,2021-09-20 22:20:00,22,34.7,15.0
FL.SMI.01,2021-09-21 00:40:00,2021-09-21 00:55:00,4,18.5,15.0
FL.SMI.01,2021-10-02 15:25:00,2021-10-02 16:00:00,8,26.7,15.0
FL.SMI.01,2021-10-06 16:40:00,2021-10-06 16:50:00,3,22.2,15.0
FL.SMI.01,2022-04-21 10:25:00,2022-04-21 11:00:00,8,29.9,15.0
FL.SMI.01,2022-05-07 14:10:00,2022-05-07 16:15:00,26,48.4,15.0
FL.SMI.01,2022-05-17 22:20:00,2022-05-17 22:30:00,3,18.4,15.0
FL.SMI.01,2022-06-24 17:45:00,2022-06-24 19:25:00,21,41.0,15.0
FL.SMI.01,2022-07-21 12:55:00,2022-07-21 13:05:00,3,16.9,15.0
FL.SMI.01,2022-07-31 17:20:00,2022-07-31 20:15:00,36,50.8,15.0
FL.SMI.01,2022-09-08 14:30:00,2022-09-08 15:40:00,15,29.8,15.0
FL.SMI.01,2022-09-22 02:15:00,2022-09-22 02:45:00,7,23.0,15.0
FL.SMI.01,2022-10-22 21:45:00,2022-10-22 21:50:00,2,18.8,15.0
FL.SMI.01,2022-10-22 22:20:00,2022-10-22 22:40:00,5,20.8,15.0
FL.SMI.01,2023-06-28 19:00:00,2023-06-28 19:55:00,12,33.9,15.0
FL.SMI.01,2023-07-05 18:40:00,2023-07-05 20:20:00,21,41.7,15.0
FL.SMI.01,2023-08-31 18:50:00,2023-08-31 19:30:00,9,28.8,15.0
FL.SMI.01,2023-09-21 01:10:00,2023-09-21 02:05:00,12,35.8,15.0
FL.SMI.01,2023-10-09 21:55:00,2023-10-09 22:00:00,2,16.1,15.0
FL.SMI.01,2024-06-25 18:45:00,2024-06-25 19:15:00,7,25.5,15.0
FL.SMI.01,2024-07-04 11:55:00,2024-07-04 12:30:00,8,29.9,15.0
FL.SMI.01,2024-07-29 17:20:00,2024-07-29 18:10:00,11,29.0,15.0
FL.SMI.01,2024-09-12 18:40:00,2024-09-12 19:10:00,7,24.9,15.0
FL.SMI.01,2024-09-20 17:15:00,2024-09-20 18:45:00,19,44.1,15.0
FL.SMI.01,2024-09-21 17:50:00,2024-09-21 18:05:00,4,22.0,15.0
FL.SMI.01,2024-10-18 17:35:00,2024-10-18 17:45:00,3,21.7,15.0
FL.SMI.01,2024-10-23 04:15:00,2024-10-23 04:50:00,8,27.3,15.0
FL.SMI.01,2025-05-15 14:50:00,2025-05-15 15:05:00,4,19.4,15.0
FL.SMI.01,2025-05-21 09:50:00,2025-05-21 09:50:00,1,16.0,15.0
FL.SMI.01,2025-06-05 21:50:00,2025-06-05 22:15:00,6,24.4,15.0
FL.SMI.01,2025-07-14 18:25:00,2025-07-14 18:30:00,2,17.2,15.0
FL.SMI.01,2025-07-16 02:30:00,2025-07-16 02:40:00,3,17.2,15.0
FL.SMI.01,2025-08-15 18:40:00,2025-08-15 18:50:00,3,21.5,15.0
FL.SMI.01,2025-09-03 00:15:00,2025-09-03 00:20:00,2,18.7,15.0
FL.SMI.01,2025-09-08 12:20:00,2025-09-08 13:35:00,16,41.6,15.0
FL.SMI.01,2025-10-11 15:35:00,2025-10-11 16:05:00,7,26.7,15.0
FL.SMI.01,2025-11-02 16:30:00,2025-11-02 16:50:00,5,20.6,15.0
FL.SMI.01,2025-11-02 21:10:00,2025-11-03 01:10:00,49,46.4,15.0
FL.SPW.01,2019-06-07 14:55:00,2019-06-07 15:40:00,10,24.7,15.0
FL.SPW.01,2019-07-04 10:45:00,2019-07-04 10:55:00,3,29.1,15.0
FL.SPW.01,2021-11-01 17:30:00,2021-11-01 17:30:00,1,16.8,15.0
FL.SPW.01,2022-10-07 16:25:00,2022-10-07 16:35:00,3,15.8,15.0
FL.SPW.01,2023-10-03 17:00:00,2023-10-03 17:15:00,4,17.0,15.0
FL.SPW.01,2024-10-29 23:00:00,2024-10-29 23:10:00,3,16.7,15.0
FL.SPW.01,2025-09-04 19:25:00,2025-09-04 19:25:00,1,15.4,15.0
FL.SPW.01,2025-09-04 20:10:00,2025-09-04 20:10:00,1,15.9,15.0
FL.SPW.01,2025-10-12 14:35:00,2025-10-12 14:35:00,1,16.2,15.0
FL.SPW.02,2020-09-29 12:05:00,2020-09-29 12:10:00,2,17.2,15.0
FL.STN.01,2020-10-02 19:30:00,2020-10-02 19:30:00,1,17.8,15.0
FL.STN.01,2020-10-02 19:45:00,2020-10-02 19:45:00,1,17.1,15.0
FL.STN.01,2020-11-21 12:30:00,2020-11-21 12:30:00,1,15.1,15.0
FL.STN.01,2020-11-21 12:40:00,2020-11-21 12:45:00,2,23.9,15.0
FL.STN.01,2021-09-19 15:40:00,2021-09-19 19:10:00,43,45.4,15.0
FL.STN.01,2021-11-01 17:15:00,2021-11-01 17:45:00,7,21.6,15.0
FL.STN.01,2022-06-24 21:35:00,2022-06-24 22:05:00,7,21.5,15.0
FL.STN.01,2022-10-09 19:05:00,2022-10-09 19:30:00,6,17.9,15.0
FL.STN.01,2025-05-01 04:30:00,2025-05-01 04:45:00,4,19.9,15.0
FL.STN.01,2025-09-04 20:10:00,2025-09-04 21:30:00,17,33.6,15.0
FL.STN.02,2019-09-14 18:35:00,2019-09-14 19:35:00,13,27.4,15.0
FL.STN.02,2019-09-16 00:30:00,2019-09-16 01:25:00,12,25.9,15.0
FL.STN.02,2019-09-21 12:05:00,2019-09-21 13:15:00,15,28.1,15.0
FL.STN.02,2019-10-04 12:40:00,2019-10-04 12:50:00,3,15.8,15.0
FL.STN.02,2019-11-19 12:40:00,2019-11-19 12:40:00,1,26.9,15.0
FL.STN.02,2020-05-31 01:05:00,2020-05-31 02:35:00,19,26.0,15.0
FL.STN.02,2020-09-27 20:00:00,2020-09-27 21:15:00,16,28.2,15.0
FL.STN.02,2020-10-02 18:20:00,2020-10-02 21:05:00,34,37.3,15.0
FL.STN.02,2020-11-21 11:20:00,2020-11-21 14:45:00,42,38.2,15.0
FL.STN.02,2020-11-23 17:30:00,2020-11-23 17:45:00,4,19.8,15.0
FL.STN.02,2021-02-09 12:40:00,2021-02-09 16:00:00,41,44.9,15.0
FL.STN.02,2021-05-03 13:55:00,2021-05-03 14:30:00,8,23.6,15.0
FL.STN.02,2021-09-19 15:40:00,2021-09-19 19:05:00,42,42.8,15.0
FL.STN.02,2021-11-01 17:10:00,2021-11-01 18:00:00,11,26.4,15.0
FL.STN.02,2022-06-24 21:20:00,2022-06-24 22:30:00,15,31.9,15.0
FL.STN.02,2022-07-20 21:20:00,2022-07-20 22:20:00,13,25.9,15.0
FL.STN.02,2022-07-20 22:30:00,2022-07-20 23:55:00,18,27.1,15.0
FL.STN.02,2022-09-04 04:15:00,2022-09-04 04:55:00,9,22.9,15.0
FL.STN.02,2022-10-09 18:55:00,2022-10-09 20:20:00,18,25.6,15.0
FL.STN.02,2024-10-13 16:25:00,2024-10-13 16:30:00,2,16.6,15.0
FL.STN.03,2019-09-14 18:35:00,2019-09-14 19:45:00,15,25.0,15.0
FL.STN.03,2019-10-04 12:45:00,2019-10-04 12:45:00,1,15.1,15.0
FL.STN.03,2020-05-31 01:05:00,2020-05-31 02:45:00,21,27.3,15.0
FL.STN.03,2020-07-24 06:40:00,2020-07-24 08:00:00,17,22.8,15.0
FL.STN.03,2020-09-27 20:00:00,2020-09-27 21:00:00,13,20.8,15.0
FL.STN.03,2020-10-02 18:20:00,2020-10-02 21:05:00,34,34.2,15.0
FL.STN.03,2020-11-21 11:20:00,2020-11-21 11:35:00,4,18.0,15.0
FL.STN.03,2020-11-21 11:55:00,2020-11-21 14:30:00,32,36.8,15.0
FL.STN.03,2021-05-03 13:55:00,2021-05-03 14:20:00,6,18.9,15.0
FL.STN.03,2021-09-09 10:40:00,2021-09-09 11:25:00,10,19.8,15.0
FL.STN.03,2021-09-19 15:40:00,2021-09-19 19:15:00,44,44.2,15.0
FL.STN.03,2021-11-01 17:10:00,2021-11-01 18:20:00,15,27.1,15.0
FL.STN.03,2022-02-04 18:40:00,2022-02-04 19:10:00,7,19.3,15.0
FL.STN.03,2022-06-24 21:30:00,2022-06-24 22:40:00,15,27.6,15.0
FL.STN.03,2022-07-20 21:20:00,2022-07-21 01:15:00,48,34.2,15.0
FL.STN.03,2022-08-15 20:00:00,2022-08-15 20:35:00,8,20.5,15.0
FL.STN.03,2022-09-04 04:15:00,2022-09-04 05:20:00,14,24.6,15.0
FL.STN.03,2022-09-14 19:20:00,2022-09-14 19:45:00,6,17.9,15.0
FL.STN.03,2022-10-09 18:40:00,2022-10-09 21:30:00,35,40.4,15.0
FL.STN.03,2023-07-09 11:45:00,2023-07-09 12:05:00,5,18.0,15.0
FL.STN.03,2023-09-28 18:15:00,2023-09-28 18:25:00,3,16.1,15.0
FL.STN.03,2024-10-13 16:10:00,2024-10-13 17:25:00,16,23.5,15.0
FL.STN.03,2025-09-04 20:10:00,2025-09-04 21:50:00,21,33.4,15.0
FL.STN.03,2025-09-14 06:25:00,2025-09-14 07:20:00,12,21.0,15.0
FL.STN.03,2025-09-17 02:20:00,2025-09-17 03:45:00,18,30.5,15.0
FL.STN.03,2025-11-13 02:45:00,2025-11-13 03:10:00,6,16.1,15.0
FL.STN.03,2025-11-13 03:25:00,2025-11-13 03:35:00,3,16.0,15.0
FL.STN.04,2019-09-14 18:30:00,2019-09-14 19:15:00,10,22.8,15.0
FL.STN.04,2021-04-27 13:45:00,2021-04-27 14:45:00,13,28.5,15.0
FL.STN.04,2021-05-19 19:10:00,2021-05-19 20:00:00,11,24.2,15.0
FL.STN.04,2021-09-19 15:45:00,2021-09-19 17:20:00,20,30.0,15.0
FL.STN.04,2021-11-01 17:30:00,2021-11-01 17:50:00,5,19.4,15.0
FL.STN.04,2022-07-20 21:30:00,2022-07-20 22:05:00,8,21.8,15.0
FL.STN.04,2022-07-20 22:35:00,2022-07-20 23:35:00,13,23.2,15.0
FL.STN.04,2022-07-20 23:45:00,2022-07-20 23:45:00,1,16.6,15.0
FL.STN.04,2022-08-15 20:05:00,2022-08-15 20:35:00,7,18.7,15.0
FL.STN.04,2022-09-22 03:35:00,2022-09-22 03:35:00,1,15.3,15.0
FL.STN.04,2022-09-22 21:40:00,2022-09-22 21:40:00,1,15.8,15.0
FL.STN.04,2022-09-22 21:50:00,2022-09-22 21:55:00,2,15.4,15.0
FL.STN.04,2022-10-07 16:20:00,2022-10-07 17:35:00,16,21.4,15.0
FL.STN.04,2022-10-07 17:45:00,2022-10-07 17:45:00,1,15.6,15.0
FL.STN.04,2022-10-09 18:55:00,2022-10-09 20:05:00,15,28.1,15.0
FL.STN.04,2022-10-09 20:15:00,2022-10-09 20:15:00,1,16.7,15.0
FL.STN.04,2023-09-25 14:35:00,2023-09-25 15:50:00,16,27.4,15.0
FL.STN.04,2024-10-02 01:20:00,2024-10-02 01:50:00,7,21.4,15.0
FL.WTL.01,2023-07-22 01:00:00,2023-07-22 01:00:00,1,18.0,15.0
FL.WTL.01,2023-07-22 01:20:00,2023-07-22 01:20:00,1,17.9,15.0
FL.WTL.01,2023-07-22 01:30:00,2023-07-22 01:30:00,1,16.7,15.0
FL.WTL.01,2023-07-22 01:40:00,2023-07-22 01:50:00,3,17.7,15.0
FL.WTL.01,2023-07-22 02:00:00,2023-07-22 02:00:00,1,15.3,15.0
FL.WTL.01,2023-07-22 02:15:00,2023-07-22 02:25:00,3,17.7,15.0
FL.WTL.01,2025-05-10 18:15:00,2025-05-10 18:15:00,1,20.4,15.0
FL.WTL.02,2019-07-08 10:35:00,2019-07-08 10:35:00,1,15.6,15.0
FL.WTL.02,2021-05-18 14:25:00,2021-05-18 14:25:00,1,15.2,15.0
FL.WTL.02,2021-08-21 06:40:00,2021-08-21 06:40:00,1,15.3,15.0
FL.WTL.02,2021-08-21 07:00:00,2021-08-21 07:00:00,1,15.1,15.0
FL.WTL.02,2021-08-21 07:10:00,2021-08-21 07:15:00,2,15.1,15.0
FL.WTL.02,2021-08-21 07:25:00,2021-08-21 07:30:00,2,16.5,15.0
FL.WTL.02,2022-05-17 23:45:00,2022-05-17 23:45:00,1,15.8,15.0
FL.WTL.02,2022-05-17 23:55:00,2022-05-17 23:55:00,1,16.8,15.0
FL.WTL.02,2022-05-18 00:05:00,2022-05-18 02:15:00,27,23.7,15.0
FL.WTL.02,2022-05-18 02:30:00,2022-05-18 02:30:00,1,20.3,15.0
FL.WTL.02,2022-05-18 02:50:00,2022-05-18 02:50:00,1,15.7,15.0
FL.WTL.02,2022-05-18 03:00:00,2022-05-18 03:00:00,1,16.0,15.0
FL.WTL.02,2022-07-20 21:25:00,2022-07-20 22:10:00,10,18.4,15.0
FL.WTL.02,2022-07-20 22:20:00,2022-07-21 00:05:00,22,20.7,15.0
FL.WTL.02,2022-07-21 00:15:00,2022-07-21 00:35:00,5,19.1,15.0
FL.WTL.02,2022-07-21 00:45:00,2022-07-21 00:50:00,2,19.3,15.0
FL.WTL.02,2022-07-21 01:00:00,2022-07-21 01:10:00,3,18.4,15.0
FL.WTL.02,2022-07-21 01:20:00,2022-07-21 01:25:00,2,18.4,15.0
FL.WTL.02,2022-07-21 01:35:00,2022-07-21 02:25:00,11,18.4,15.0
FL.WTL.02,2022-07-21 02:40:00,2022-07-21 02:45:00,2,15.1,15.0
FL.WTL.02,2022-07-21 02:55:00,2022-07-21 03:30:00,8,18.5,15.0
FL.WTL.02,2022-07-21 03:40:00,2022-07-21 03:45:00,2,17.5,15.0
FL.WTL.02,2022-07-21 04:10:00,2022-07-21 04:10:00,1,16.8,15.0
FL.WTL.02,2022-07-21 04:20:00,2022-07-21 04:25:00,2,18.8,15.0
FL.WTL.02,2022-07-21 05:05:00,2022-07-21 05:10:00,2,16.8,15.0
FL.WTL.02,2022-08-01 23:00:00,2022-08-01 23:25:00,6,16.6,15.0
FL.WTL.02,2022-08-01 23:55:00,2022-08-01 23:55:00,1,15.0,15.0
FL.WTL.02,2023-07-22 00:30:00,2023-07-22 07:00:00,79,37.5,15.0
FL.WTL.02,2023-09-21 19:10:00,2023-09-21 19:10:00,1,16.1,15.0
FL.WTL.02,2023-09-21 19:20:00,2023-09-21 19:35:00,4,17.3,15.0
FL.WTL.03,2022-09-13 15:05:00,2022-09-13 15:05:00,1,15.3,15.0
FL.WTL.04,2019-04-19 11:45:00,2019-04-19 11:45:00,1,30.5,15.0
FL.WTL.04,2023-07-22 00:50:00,2023-07-22 02:05:00,16,20.3,15.0
FL.WTL.04,2023-07-22 02:15:00,2023-07-22 02:15:00,1,15.0,15.0
FL.WTL.04,2023-07-22 02:35:00,2023-07-22 02:35:00,1,16.7,15.0
FL.WTL.04,2025-05-10 18:50:00,2025-05-10 19:20:00,7,17.3,15.0
FL.WTL.04,2025-05-10 19:30:00,2025-05-10 19:55:00,6,17.2,15.0
FL.WTL.04,2025-05-10 20:05:00,2025-05-10 20:25:00,5,16.7,15.0
FL.WTL.04,2025-05-10 21:15:00,2025-05-10 21:15:00,1,15.5,15.0
FL.WTN.01,2019-02-04 11:10:00,2019-02-04 11:25:00,4,29.5,15.0
FL.WTN.01,2021-10-17 00:30:00,2021-10-17 00:30:00,1,15.1,15.0
FL.WTN.01,2022-07-20 21:10:00,2022-07-21 01:15:00,50,23.3,15.0
FL.WTN.01,2022-07-21 01:30:00,2022-07-21 01:30:00,1,16.9,15.0
FL.WTN.01,2022-07-21 01:40:00,2022-07-21 01:45:00,2,16.7,15.0
FL.WTN.01,2022-07-21 02:00:00,2022-07-21 02:00:00,1,15.7,15.0
FL.WTN.01,2022-08-01 23:00:00,2022-08-01 23:30:00,7,18.2,15.0
FL.WTN.01,2022-08-02 00:00:00,2022-08-02 00:00:00,1,15.0,15.0
FL.WTN.01,2022-09-10 19:15:00,2022-09-10 19:30:00,4,18.0,15.0
FL.WTN.01,2022-09-22 03:20:00,2022-09-22 03:20:00,1,15.0,15.0
FL.WTN.01,2022-09-22 03:35:00,2022-09-22 03:35:00,1,15.3,15.0
FL.WTN.01,2022-10-09 19:10:00,2022-10-09 19:10:00,1,15.3,15.0
FL.WTN.01,2022-10-11 01:20:00,2022-10-11 02:15:00,12,18.7,15.0
FL.WTN.01,2023-07-22 01:10:00,2023-07-22 01:10:00,1,15.0,15.0
FL.WTN.01,2023-10-03 17:05:00,2023-10-03 17:05:00,1,15.3,15.0
FL.WTN.01,2024-07-27 17:20:00,2024-07-27 17:20:00,1,24.6,15.0
FL.WTN.01,2024-07-27 17:40:00,2024-07-27 18:10:00,7,50.0,15.0
FL.WTN.01,2025-02-08 13:50:00,2025-02-08 13:55:00,2,61.5,15.0
FL.WTN.02,2021-04-27 14:00:00,2021-04-27 14:00:00,1,17.3,15.0
FL.WTN.02,2021-04-27 14:10:00,2021-04-27 14:15:00,2,16.5,15.0
FL.WTN.02,2021-04-27 14:25:00,2021-04-27 14:30:00,2,21.0,15.0
FL.WTN.02,2023-10-03 17:05:00,2023-10-03 17:10:00,2,17.6,15.0
FL.WTN.03,2023-10-03 16:45:00,2023-10-03 17:25:00,9,24.4,15.0
FL.WTN.03,2023-11-07 17:15:00,2023-11-07 17:15:00,1,15.5,15.0
FL.WTN.03,2024-08-06 22:20:00,2024-08-06 22:45:00,6,20.4,15.0
FL.WTN.03,2024-08-06 22:55:00,2024-08-06 22:55:00,1,15.5,15.0
FL.WTN.03,2024-08-20 00:25:00,2024-08-20 00:50:00,6,20.0,15.0
FL.WTN.03,2024-09-03 01:40:00,2024-09-03 01:40:00,1,15.3,15.0
FL.WTN.03,2024-10-24 16:25:00,2024-10-24 16:25:00,1,15.1,15.0
