dataset,year,rows,bytes,source_file,source_bytes,config_version,built_at,seconds,mb,src_gib,shrink_x,range_flagged_total,range_flagged
flood,2019,10406880,28181642,2019.csv,1176822721,3.0.0,2026-08-08T03:23:10+05:30,0.0,28.2,1.1,41.8,0,"{""flood"": 0}"
flood,2020,10435392,28330990,2020.csv,1180049964,3.0.0,2026-08-08T03:23:12+05:30,0.0,28.3,1.1,41.7,0,"{""flood"": 0}"
flood,2021,10593504,28629289,2021.csv,1203509530,3.0.0,2026-08-08T03:23:15+05:30,0.0,28.6,1.12,42.0,0,"{""flood"": 0}"
flood,2022,10722240,29011275,2022.csv,1221395168,3.0.0,2026-08-08T03:23:18+05:30,0.0,29.0,1.14,42.1,0,"{""flood"": 0}"
flood,2023,11247840,30396621,2023.csv,1291278131,3.0.0,2026-08-08T03:23:21+05:30,0.0,30.4,1.2,42.5,0,"{""flood"": 0}"
flood,2024,11278656,30521542,2024.csv,1294598161,3.0.0,2026-08-08T03:23:24+05:30,0.0,30.5,1.21,42.4,0,"{""flood"": 0}"
flood,2025,11247840,30416707,2025.csv,1291343729,3.0.0,2026-08-08T03:23:27+05:30,0.0,30.4,1.2,42.5,0,"{""flood"": 0}"
flow,2019,3153600,12668519,2019.csv,431848749,3.0.0,2026-08-08T03:23:28+05:30,0.0,12.7,0.4,34.1,1256,"{""mean_velocity"": 1256}"
flow,2020,3162240,13852983,2020.csv,433455569,3.0.0,2026-08-08T03:23:29+05:30,0.0,13.9,0.4,31.3,41,"{""mean_velocity"": 41}"
flow,2021,3153600,13468992,2021.csv,432135893,3.0.0,2026-08-08T03:23:31+05:30,0.0,13.5,0.4,32.1,18,"{""mean_velocity"": 18}"
flow,2022,3153600,14037143,2022.csv,431817522,3.0.0,2026-08-08T03:23:32+05:30,0.0,14.0,0.4,30.8,1596,"{""mean_velocity"": 1596}"
flow,2023,3153600,13985683,2023.csv,431846009,3.0.0,2026-08-08T03:23:34+05:30,0.0,14.0,0.4,30.9,96,"{""mean_velocity"": 96}"
flow,2024,3162240,13900596,2024.csv,432827481,3.0.0,2026-08-08T03:23:35+05:30,0.0,13.9,0.4,31.1,0,"{""mean_velocity"": 0}"
flow,2025,3153600,13245425,2025.csv,430912969,3.0.0,2026-08-08T03:23:37+05:30,0.0,13.2,0.4,32.5,0,"{""mean_velocity"": 0}"
rain,2019,13665600,39549680,2019.csv,1936060372,3.0.0,2026-08-08T03:38:32+05:30,0.0,39.5,1.8,49.0,0,"{""rf5min"": 0, ""rf15min"": 0, ""rf30min"": 0, ""rf1hr"": 0, ""rf3hr"": 0, ""rf6hr"": 0, ""rf12hr"": 0, ""rf24hr"": 0}"
rain,2020,13703040,40538379,2020.csv,1942239272,3.0.0,2026-08-08T03:38:48+05:30,0.0,40.5,1.81,47.9,0,"{""rf5min"": 0, ""rf15min"": 0, ""rf30min"": 0, ""rf1hr"": 0, ""rf3hr"": 0, ""rf6hr"": 0, ""rf12hr"": 0, ""rf24hr"": 0}"
rain,2021,13665600,40385598,Rain 2021.csv,1938238633,3.0.0,2026-08-08T03:39:04+05:30,0.0,40.4,1.81,48.0,0,"{""rf5min"": 0, ""rf15min"": 0, ""rf30min"": 0, ""rf1hr"": 0, ""rf3hr"": 0, ""rf6hr"": 0, ""rf12hr"": 0, ""rf24hr"": 0}"
rain,2022,13770433,41389498,Rain 2022.csv,1957777507,3.0.0,2026-08-08T03:39:20+05:30,0.0,41.4,1.82,47.3,0,"{""rf5min"": 0, ""rf15min"": 0, ""rf30min"": 0, ""rf1hr"": 0, ""rf3hr"": 0, ""rf6hr"": 0, ""rf12hr"": 0, ""rf24hr"": 0}"
rain,2023,13770433,40147316,Rain 2023.csv,1956480183,3.0.0,2026-08-08T03:39:35+05:30,0.0,40.1,1.82,48.7,35,"{""rf5min"": 0, ""rf15min"": 0, ""rf30min"": 0, ""rf1hr"": 0, ""rf3hr"": 2, ""rf6hr"": 3, ""rf12hr"": 27, ""rf24hr"": 3}"
rain,2024,13808161,40825279,Rain 2024.csv,1961743810,3.0.0,2026-08-08T03:39:51+05:30,0.0,40.8,1.83,48.1,1,"{""rf5min"": 0, ""rf15min"": 1, ""rf30min"": 0, ""rf1hr"": 0, ""rf3hr"": 0, ""rf6hr"": 0, ""rf12hr"": 0, ""rf24hr"": 0}"
rain,2025,13770433,40808796,Rain 2025.csv,1958216912,3.0.0,2026-08-08T03:40:07+05:30,0.0,40.8,1.82,48.0,0,"{""rf5min"": 0, ""rf15min"": 0, ""rf30min"": 0, ""rf1hr"": 0, ""rf3hr"": 0, ""rf6hr"": 0, ""rf12hr"": 0, ""rf24hr"": 0}"
water,2019,26805600,83794868,2019.csv,3957698930,3.0.0,2026-08-08T03:26:00+05:30,0.0,83.8,3.69,47.2,0,"{""wl_in"": 0, ""wl_out01"": 0}"
water,2020,26879040,84401889,2020.csv,3969056435,3.0.0,2026-08-08T03:26:13+05:30,0.0,84.4,3.7,47.0,0,"{""wl_in"": 0, ""wl_out01"": 0}"
water,2021,26805600,83999674,2021.csv,3958361286,3.0.0,2026-08-08T03:26:26+05:30,0.0,84.0,3.69,47.1,0,"{""wl_in"": 0, ""wl_out01"": 0}"
water,2022,27541440,86158786,2022.csv,4068655716,3.0.0,2026-08-08T03:26:38+05:30,0.0,86.2,3.79,47.2,0,"{""wl_in"": 0, ""wl_out01"": 0}"
water,2023,27856800,87259169,2023.csv,4123766166,3.0.0,2026-08-08T03:26:58+05:30,0.0,87.3,3.84,47.3,0,"{""wl_in"": 0, ""wl_out01"": 0}"
water,2024,31306176,97437637,2024.csv,4715541651,3.0.0,2026-08-08T03:27:13+05:30,0.0,97.4,4.39,48.4,0,"{""wl_in"": 0, ""wl_out01"": 0}"
water,2025,31536000,97852860,2025.csv,4748893575,3.0.0,2026-08-08T03:27:27+05:30,0.0,97.9,4.42,48.5,0,"{""wl_in"": 0, ""wl_out01"": 0}"
