station,rows,ts_min,ts_max,n_ts,name,n_flow,min_flow,max_flow,avg_flow,n_wl,min_wl,max_wl,avg_wl,n_area,min_area,max_area,avg_area,n_mean_velocity,min_mean_velocity,max_mean_velocity,avg_mean_velocity,year,dataset
FW.BBU.01,105120,2019-01-01T00:00:00.000,2019-12-31T23:55:00.000,105120,จุดวัดคลองบางบัว,102475,-5.34,13.73,1.7821540864,102475,-1.0,0.97,-0.1266173213,80711,0.0,56.99,28.7086112178,102475,-0.24,0.29,0.060690022,2019,flow
FW.BKA.02,105120,2019-01-01T00:00:00.000,2019-12-31T23:55:00.000,105120,สถานีสูบน้ำคลองบางเขนใหม่,103878,0.0,62.06,2.1206137007,103878,-1.72,0.6,-0.2796707676,103878,9.11,39.02,27.5232774023,103878,0.0,3.12,0.1519687518,2019,flow
FW.BKG.01,105120,2019-01-01T00:00:00.000,2019-12-31T23:55:00.000,105120,ประตูระบายน้ำคลองบึงขวาง,101985,-62.04,1000.0,-0.3609636711,101984,-0.61,2.33,-0.2295746392,101984,0.0,69.28,20.4528284829,101984,-1.61,1.34,-0.0209391669,2019,flow
FW.BSU.01,105120,2019-01-01T00:00:00.000,2019-12-31T23:55:00.000,105120,สถานีสูบน้ำคลองบางซื่อ,104932,0.0,49.52,2.131922769,104932,-0.96,0.38,-0.3063100865,104932,35.82,58.56,46.9134835894,104932,0.0,1.79,0.0757515343,2019,flow
FW.K2W.01,105120,2019-01-01T00:00:00.000,2019-12-31T23:55:00.000,105120,ประตูระบายน้ำคลองสองตะวันตก,105088,0.0,327.03,1.7911046932,105088,-0.44,2.54,-0.0117995394,105088,1.52,64.24,9.1359881242,105088,0.0,8.43,0.2100239799,2019,flow
FW.K3W.01,105120,2019-01-01T00:00:00.000,2019-12-31T23:55:00.000,105120,ประตูระบายน้ำคลองสามตะวันตก,103125,0.0,41.23,0.1345269333,103125,-0.18,3.36,0.1828261818,103125,23.65,89.51,29.4713309091,103125,0.0,2.86,0.0078373818,2019,flow
FW.K4W.01,105120,2019-01-01T00:00:00.000,2019-12-31T23:55:00.000,105120,ประตูระบายน้ำคลองสี่ตะวันตก,105082,0.0,14.5,0.0271030243,105082,-0.7,2.85,0.0796813917,105082,1.06,101.12,12.0885666432,105082,0.0,1.9,0.0042710455,2019,flow
FW.KKY.01,105120,2019-01-01T00:00:00.000,2019-12-31T23:55:00.000,105120,ประตูระบายน้ำคลองควาย,102316,0.0,71.91,0.1702942844,102316,-1.72,1.2,0.4892254388,102316,2.13,46.98,33.5679183119,102316,0.0,7.43,0.0181154463,2019,flow
FW.KNG.01,105120,2019-01-01T00:00:00.000,2019-12-31T23:55:00.000,105120,ประตูระบายน้ำคลองหนึ่ง,105097,0.0,51.57,0.5845553156,105097,-0.6,0.28,-0.2756823696,105097,12.0,28.0,16.9841194325,105097,0.0,4.59,0.0539559645,2019,flow
FW.KPM.01,105120,2019-01-01T00:00:00.000,2019-12-31T23:55:00.000,105120,จุดวัดคลองเปรมประชากร ตอนวัดเทวสุนทร,87293,-3.26,27.22,2.109420343,87293,-0.32,0.33,0.0085634587,86189,0.0,74.4,15.1336314379,87293,-30.4,58.27,0.1057073305,2019,flow
FW.KPM.02,105120,2019-01-01T00:00:00.000,2019-12-31T23:55:00.000,105120,จุดวัดคลองเปรมประชากร ตอนซอยประชาชื่น 4 แยก 1-4,103915,-4.11,37.42,2.8890363278,103915,-1.0,0.45,-0.4595955348,63271,0.0,70.97,35.8339515734,103915,-2.76,5.98,1.1782246066,2019,flow
FW.KSO.01,105120,2019-01-01T00:00:00.000,2019-12-31T23:55:00.000,105120,ประตูระบายน้ำคลองซอย,105016,-134.99,105.15,-0.3778823227,105025,0.17,0.89,0.540502547,105016,4.99,7.0,6.025417365,105025,-0.55,0.5,-0.0017895739,2019,flow
FW.KSW.01,105120,2019-01-01T00:00:00.000,2019-12-31T23:55:00.000,105120,ประตูระบายน้ำคลองสามวา,103890,0.0,15.07,0.274136683,103890,-0.56,0.33,-0.2365774377,103890,18.6,32.98,23.8289591876,103890,0.0,1.06,0.018540668,2019,flow
FW.LKB.01,105120,2019-01-01T00:00:00.000,2019-12-31T23:55:00.000,105120,ประตูระบายน้ำลาดกระบัง,105075,0.0,25.43,0.5053327623,105075,-0.72,0.24,-0.3566238401,105075,16.0,30.0,21.0724339757,105075,0.0,2.04,0.0334582917,2019,flow
FW.LMT.01,105120,2019-01-01T00:00:00.000,2019-12-31T23:55:00.000,105120,ประตูระบายน้ำคลองลำหม้อแตก,105098,0.0,24.63,0.0800151287,105098,-0.2,0.99,0.1754223677,105098,2.42,18.96,6.5363402729,105098,0.0,5.04,0.0225490495,2019,flow
FW.LPW.01,105120,2019-01-01T00:00:00.000,2019-12-31T23:55:00.000,105120,ประตูระบายน้ำคลองลาดพร้าว,105108,-6.12,10.34,0.1596737641,105112,-1.0,0.78,-0.1288145978,102030,0.0,28.63,14.3822910909,105112,-0.53,0.79,0.0084755309,2019,flow
FW.PKG.01,105120,2019-01-01T00:00:00.000,2019-12-31T23:55:00.000,105120,จุดวัดสะพานพระราม 8,104490,-2598.73,2451.64,-0.7143474017,104490,-1.0,1.61,0.3252903627,94017,0.0,2945.52,2590.5636798664,104490,-0.9,1.11,0.0452793569,2019,flow
FW.PNJ.01,105120,2019-01-01T00:00:00.000,2019-12-31T23:55:00.000,105120,สถานีสูบน้ำคลองขุนราชพินิจใจ,105037,0.0,586.02,51.3160551044,105037,-0.86,1.23,0.471026305,105037,14.97,83.62,57.4775147805,105037,0.0,8.65,1.4482102497,2019,flow
FW.PSC.01,105120,2019-01-01T00:00:00.000,2019-12-31T23:55:00.000,105120,จุดวัดคลองภาษีเจริญ ตอนคลองมหาศร,92254,-9.71,10.02,-0.0838297526,92254,-1.0,0.74,-0.0359052182,68864,0.0,50.67,36.5288930355,92254,-0.77,2.06,-0.0090582522,2019,flow
FW.PSR.01,105120,2019-01-01T00:00:00.000,2019-12-31T23:55:00.000,105120,ประตูระบายน้ำคลองพระยาสุเรนทร์,105099,0.0,176.69,3.0731424657,105099,-0.25,1.3,0.2327224807,105099,0.0,52.58,27.114782919,105099,0.0,8.79,0.1979594478,2019,flow
FW.PWT.01,105120,2019-01-01T00:00:00.000,2019-12-31T23:55:00.000,105120,จุดวัดคลองประเวศบุรีรมย์ ตอนวัดขจรศิริ,104693,-261.48,319.06,6.5025297775,104755,-0.9,0.09,-0.4606590616,104773,0.0,85.55,69.9747418705,104773,-4.27,5.5,0.1096802611,2019,flow
FW.RMT.01,105120,2019-01-01T00:00:00.000,2019-12-31T23:55:00.000,105120,สถานีสูบน้ำคลองพระยาราชมนตรี,63727,0.0,57.89,12.8309648971,63725,-1.5,0.39,-0.6101443703,63727,11.8,42.05,27.0378384358,63727,0.0,1.56,0.3686531611,2019,flow
FW.SBR.01,105120,2019-01-01T00:00:00.000,2019-12-31T23:55:00.000,105120,ประตูระบายน้ำคลองขุนศรีบุรีรักษ์,104916,-8.78,7.56,-0.0232942545,104966,0.23,0.98,0.5965726997,104916,1.8,2.47,2.1303853559,104967,-0.5,0.51,-0.0014607448,2019,flow
FW.SSB.01,105120,2019-01-01T00:00:00.000,2019-12-31T23:55:00.000,105120,สถานีสูบน้ำคลองแสนแสบ ตอนคลองตัน,67639,-9.19,19.56,1.1294719023,67639,-0.67,0.12,-0.0595326661,67639,0.0,86.8,16.3537218173,67639,-0.11,0.27,0.0148943657,2019,flow
FW.SSB.02,105120,2019-01-01T00:00:00.000,2019-12-31T23:55:00.000,105120,จุดวัดคลองแสนแสบ ตอนเขตบางกะปิ,78920,-7.85,18.08,2.6080794475,78920,-1.0,0.02,-0.326794222,78916,0.0,48.02,42.3964482488,78920,-0.18,0.4,0.0626512924,2019,flow
FW.SSB.03,105120,2019-01-01T00:00:00.000,2019-12-31T23:55:00.000,105120,ประตูระบายน้ำคลองแสนแสบ-มีนบุรี,104445,-27.24,0.0,-9.2123639236,104445,-0.65,0.25,-0.3327402939,104445,83.0,116.0,95.5962372541,104447,-0.38,0.0,-0.1385331316,2019,flow
FW.SSM.01,105120,2019-01-01T00:00:00.000,2019-12-31T23:55:00.000,105120,ประตูระบายน้ำคลองสิบสาม,103708,0.0,0.0,0.0,103708,-0.9,1.32,0.3922505496,103708,23.83,93.67,69.6994122922,103708,0.0,0.0,0.0,2019,flow
FW.SSN.01,105120,2019-01-01T00:00:00.000,2019-12-31T23:55:00.000,105120,สถานีสูบน้ำคลองสามเสน,102481,-37.14,76.86,0.0217618876,102490,-1.32,0.34,-0.587294858,102481,24.92,43.54,33.1351548092,102491,-0.42,0.54,5.42487e-05,2019,flow
FW.SST.01,105120,2019-01-01T00:00:00.000,2019-12-31T23:55:00.000,105120,ประตูระบายน้ำคลองสองสายใต้,105083,0.0,9.51,0.0404766708,105083,-0.21,0.86,0.096279893,105083,20.29,64.79,30.7113825262,105083,0.0,0.74,0.004622822,2019,flow
FW.TWW.01,105120,2019-01-01T00:00:00.000,2019-12-31T23:55:00.000,105120,ประตูระบายน้ำคลองทวีวัฒนา,102643,0.0,69.6,1.4300469589,102643,0.12,0.9,0.4643296669,102643,63.04,83.33,72.0011822531,102643,0.0,2.57,0.0515172978,2019,flow
FW.BBU.01,105408,2020-01-01T00:00:00.000,2020-12-31T23:55:00.000,105408,จุดวัดคลองบางบัว,95588,-14.89,10.62,-0.7105343767,95588,-0.41,1.0,-0.0124474829,93993,0.0,58.89,19.2040684945,95588,-0.46,0.34,-0.0267942629,2020,flow
FW.BKA.02,105408,2020-01-01T00:00:00.000,2020-12-31T23:55:00.000,105408,สถานีสูบน้ำคลองบางเขนใหม่,105371,0.0,25.14,2.5804779304,105371,-1.9,0.6,-0.3490236403,105371,7.07,39.02,26.6196784694,105371,0.0,1.22,0.1878719002,2020,flow
FW.BKG.01,105408,2020-01-01T00:00:00.000,2020-12-31T23:55:00.000,105408,ประตูระบายน้ำคลองบึงขวาง,103522,-36.18,1000.0,-0.7016917177,103521,-0.73,2.33,-0.2048346712,103521,0.0,69.28,23.105283952,103521,-1.89,1.16,-0.03786623,2020,flow
FW.BSU.01,105408,2020-01-01T00:00:00.000,2020-12-31T23:55:00.000,105408,สถานีสูบน้ำคลองบางซื่อ,100921,0.0,73.63,4.7191001873,100921,-1.12,0.22,-0.3663264335,100921,33.11,55.84,45.8958504177,100921,0.0,2.19,0.1740929044,2020,flow
FW.K2W.01,105408,2020-01-01T00:00:00.000,2020-12-31T23:55:00.000,105408,ประตูระบายน้ำคลองสองตะวันตก,104497,0.0,301.24,1.5937934103,104497,-0.38,2.54,0.2070082395,104497,1.66,64.24,12.9985915385,104497,0.0,7.7,0.2604960908,2020,flow
FW.K3W.01,105408,2020-01-01T00:00:00.000,2020-12-31T23:55:00.000,105408,ประตูระบายน้ำคลองสามตะวันตก,105343,0.0,67.98,0.1425989387,105343,-0.19,3.37,0.2667933323,105343,23.49,89.71,30.7477865639,105343,0.0,3.69,0.0085674416,2020,flow
FW.K4W.01,105408,2020-01-01T00:00:00.000,2020-12-31T23:55:00.000,105408,ประตูระบายน้ำคลองสี่ตะวันตก,104493,0.0,89.56,0.1448084561,104493,-0.54,2.85,0.3787646062,104493,0.0,101.12,17.8608752739,104493,0.0,2.42,0.0117447102,2020,flow
FW.KKY.01,105408,2020-01-01T00:00:00.000,2020-12-31T23:55:00.000,105408,ประตูระบายน้ำคลองควาย,104805,0.0,99.41,0.1723518916,104805,0.12,1.43,0.5222415915,104805,27.44,52.32,34.1330439387,104805,0.0,8.3,0.0167491055,2020,flow
FW.KNG.01,105408,2020-01-01T00:00:00.000,2020-12-31T23:55:00.000,105408,ประตูระบายน้ำคลองหนึ่ง,104765,0.0,144.59,0.2429344724,104765,-0.67,3.48,-0.1167390827,104765,11.0,126.0,20.1954374075,104765,0.0,8.16,0.0172046008,2020,flow
FW.KPM.01,105408,2020-01-01T00:00:00.000,2020-12-31T23:55:00.000,105408,จุดวัดคลองเปรมประชากร ตอนวัดเทวสุนทร,104241,-9.45,37.92,9.8892835832,104241,-0.49,0.75,-0.1010109266,98151,0.0,74.8,46.3498432008,104241,-0.14,16.5,0.2013412189,2020,flow
FW.KPM.02,105408,2020-01-01T00:00:00.000,2020-12-31T23:55:00.000,105408,จุดวัดคลองเปรมประชากร ตอนซอยประชาชื่น 4 แยก 1-4,105399,-10.92,30.2,3.4362212165,105399,-0.94,0.35,-0.2987516011,104007,0.0,66.35,43.0428753834,105399,-1.89,5.2,0.7437099024,2020,flow
FW.KSO.01,105408,2020-01-01T00:00:00.000,2020-12-31T23:55:00.000,105408,ประตูระบายน้ำคลองซอย,82568,-84.05,0.0,-0.0125756952,82613,0.0,0.71,0.182984034,82568,0.0,6.5,2.1967887075,82569,-0.44,0.0,-6.60054e-05,2020,flow
FW.KSW.01,105408,2020-01-01T00:00:00.000,2020-12-31T23:55:00.000,105408,ประตูระบายน้ำคลองสามวา,103532,0.0,43.36,0.6729515512,103532,-0.65,2.73,-0.1271178959,103532,17.15,130.6,26.139776784,103532,0.0,2.81,0.0411611869,2020,flow
FW.LKB.01,105408,2020-01-01T00:00:00.000,2020-12-31T23:55:00.000,105408,ประตูระบายน้ำลาดกระบัง,92434,0.0,23.31,0.4714326979,92434,-0.84,0.79,-0.3195768873,92434,14.0,39.0,21.6388991064,92434,0.0,1.98,0.031304282,2020,flow
FW.LMT.01,105408,2020-01-01T00:00:00.000,2020-12-31T23:55:00.000,105408,ประตูระบายน้ำคลองลำหม้อแตก,85132,0.0,33.61,0.1440837758,85132,-0.16,1.26,0.2803666072,85132,2.83,23.58,8.1155590142,85135,0.0,5.01,0.0354211546,2020,flow
FW.LPW.01,105408,2020-01-01T00:00:00.000,2020-12-31T23:55:00.000,105408,ประตูระบายน้ำคลองลาดพร้าว,105401,-10.89,12.25,0.0566191972,105401,-0.79,0.52,-0.289033975,92813,4.95,24.47,11.872318533,105401,-0.85,0.88,0.0028143946,2020,flow
FW.PKG.01,105408,2020-01-01T00:00:00.000,2020-12-31T23:55:00.000,105408,จุดวัดสะพานพระราม 8,105351,-2992.02,2752.87,3.3985167678,105390,-0.91,1.76,0.4454540279,96595,0.0,2974.3,2679.1768816191,105390,-1.12,1.06,0.0597335611,2020,flow
FW.PNJ.01,105408,2020-01-01T00:00:00.000,2020-12-31T23:55:00.000,105408,สถานีสูบน้ำคลองขุนราชพินิจใจ,105270,0.0,591.25,98.0273414078,105270,-0.74,1.27,0.4966661917,105270,18.07,85.21,58.3202174409,105270,0.0,8.73,2.7144318419,2020,flow
FW.PSC.01,105408,2020-01-01T00:00:00.000,2020-12-31T23:55:00.000,105408,จุดวัดคลองภาษีเจริญ ตอนคลองมหาศร,105382,-34.16,42.69,0.1016756182,105382,0.0,0.9,0.2045672885,85472,0.0,54.14,22.9334111756,105382,-0.92,0.95,-0.0005266554,2020,flow
FW.PSR.01,105408,2020-01-01T00:00:00.000,2020-12-31T23:55:00.000,105408,ประตูระบายน้ำคลองพระยาสุเรนทร์,104881,0.0,215.91,1.2634968202,104881,-0.16,1.7,0.40352018,104881,0.0,63.52,31.0262835976,104881,0.0,9.08,0.0719003442,2020,flow
FW.PWT.01,105408,2020-01-01T00:00:00.000,2020-12-31T23:55:00.000,105408,จุดวัดคลองประเวศบุรีรมย์ ตอนวัดขจรศิริ,87837,-219.42,207.68,6.5822377813,87935,-0.83,0.21,-0.4087477114,88041,0.0,88.93,68.8564693722,88041,-3.75,3.35,0.1097710158,2020,flow
FW.RMT.01,105408,2020-01-01T00:00:00.000,2020-12-31T23:55:00.000,105408,สถานีสูบน้ำคลองพระยาราชมนตรี,105349,0.0,70.46,7.9327673732,89913,-1.59,0.41,-0.4207496135,89913,0.0,42.05,28.1834821439,105349,0.0,1.84,0.2962397365,2020,flow
FW.SBR.01,105408,2020-01-01T00:00:00.000,2020-12-31T23:55:00.000,105408,ประตูระบายน้ำคลองขุนศรีบุรีรักษ์,104651,-11.42,10.63,-0.0400414712,104714,0.23,1.13,0.6200301774,104651,1.8,2.61,2.1514286533,104715,-0.61,0.52,-0.002656162,2020,flow
FW.SSB.01,105408,2020-01-01T00:00:00.000,2020-12-31T23:55:00.000,105408,สถานีสูบน้ำคลองแสนแสบ ตอนคลองตัน,101224,-7.02,34.2,4.6042235043,101224,-1.13,0.16,-0.4684790168,101222,0.0,89.66,73.0811044042,101224,-0.09,0.45,0.063990852,2020,flow
FW.SSB.02,105408,2020-01-01T00:00:00.000,2020-12-31T23:55:00.000,105408,จุดวัดคลองแสนแสบ ตอนเขตบางกะปิ,101792,-8.85,21.33,2.2244259863,101792,-1.18,0.38,-0.2701587551,101784,0.0,53.25,30.6772521221,101792,-0.2,0.46,0.0547532223,2020,flow
FW.SSB.03,105408,2020-01-01T00:00:00.000,2020-12-31T23:55:00.000,105408,ประตูระบายน้ำคลองแสนแสบ-มีนบุรี,105117,-28.16,0.0,-12.407501641,105117,-0.75,0.61,-0.247207778,105117,78.0,131.0,98.4952862049,105119,-0.38,0.0,-0.1809814591,2020,flow
FW.SSM.01,105408,2020-01-01T00:00:00.000,2020-12-31T23:55:00.000,105408,ประตูระบายน้ำคลองสิบสาม,105387,0.0,0.0,0.0,105387,-1.06,1.37,-0.0851623065,105387,15.55,95.09,53.5988695,105387,0.0,0.0,0.0,2020,flow
FW.SSN.01,105408,2020-01-01T00:00:00.000,2020-12-31T23:55:00.000,105408,สถานีสูบน้ำคลองสามเสน,103599,-33.05,84.65,0.0925139239,103611,-1.74,0.39,-0.5586928994,103599,0.0,43.99,33.4547852779,103611,-0.42,0.59,0.0008488481,2020,flow
FW.SST.01,105408,2020-01-01T00:00:00.000,2020-12-31T23:55:00.000,105408,ประตูระบายน้ำคลองสองสายใต้,105403,0.0,34.22,0.0819129437,105403,-0.25,1.22,0.151161447,105403,19.06,83.05,33.1225034392,105403,0.0,4.09,0.0082159901,2020,flow
FW.TWW.01,105408,2020-01-01T00:00:00.000,2020-12-31T23:55:00.000,105408,ประตูระบายน้ำคลองทวีวัฒนา,104059,0.0,101.67,1.4815796808,104059,0.11,1.01,0.4473574607,104059,62.78,86.19,71.5589684698,104059,0.0,3.28,0.054307268,2020,flow
FW.BBU.01,105120,2021-01-01T00:00:00.000,2021-12-31T23:55:00.000,105120,จุดวัดคลองบางบัว,104084,-40.79,29.87,-0.7137605203,104084,-0.18,0.87,0.0531392913,103657,0.0,53.5,24.8931215451,104084,-0.93,0.69,-0.0220033819,2021,flow
FW.BKA.02,105120,2021-01-01T00:00:00.000,2021-12-31T23:55:00.000,105120,สถานีสูบน้ำคลองบางเขนใหม่,104823,0.0,29.98,2.6146513647,104823,-1.58,0.52,-0.420468504,104823,10.74,37.97,25.6830832928,104823,0.0,1.42,0.1870655295,2021,flow
FW.BKG.01,105120,2021-01-01T00:00:00.000,2021-12-31T23:55:00.000,105120,ประตูระบายน้ำคลองบึงขวาง,104174,-31.62,1000.0,-0.0808871695,104173,-0.61,0.61,-0.1762588195,104173,17.44,36.02,23.8095294366,104173,-1.97,1.57,0.0079215344,2021,flow
FW.BSU.01,105120,2021-01-01T00:00:00.000,2021-12-31T23:55:00.000,105120,สถานีสูบน้ำคลองบางซื่อ,104512,0.0,49.81,2.2296603261,104512,-1.36,0.24,-0.3972655772,104512,29.04,56.18,45.3706427013,104512,0.0,2.05,0.084153303,2021,flow
FW.K2W.01,105120,2021-01-01T00:00:00.000,2021-12-31T23:55:00.000,105120,ประตูระบายน้ำคลองสองตะวันตก,104432,0.0,139.8,0.814193638,104432,-0.37,1.19,0.1956294048,104432,0.0,29.65,12.8273356825,104432,0.0,7.81,0.0692351961,2021,flow
FW.K3W.01,105120,2021-01-01T00:00:00.000,2021-12-31T23:55:00.000,105120,ประตูระบายน้ำคลองสามตะวันตก,103168,0.0,257.14,0.1835377249,103168,-0.09,1.45,0.3254953086,103168,0.0,52.0,31.6300544743,103168,0.0,4.22,0.0085853172,2021,flow
FW.K4W.01,105120,2021-01-01T00:00:00.000,2021-12-31T23:55:00.000,105120,ประตูระบายน้ำคลองสี่ตะวันตก,84205,0.0,60.94,0.4351707143,84205,-0.47,2.85,0.2283053263,84205,3.13,101.12,14.7019017873,84205,0.0,1.91,0.0432544386,2021,flow
FW.KKY.01,105120,2021-01-01T00:00:00.000,2021-12-31T23:55:00.000,105120,ประตูระบายน้ำคลองควาย,104318,0.0,327.54,0.3981005196,104318,-2.03,3.4,0.4384298012,104318,14.01,107.73,32.7589883817,104318,0.0,7.86,0.0403135605,2021,flow
FW.KNG.01,105120,2021-01-01T00:00:00.000,2021-12-31T23:55:00.000,105120,ประตูระบายน้ำคลองหนึ่ง,103446,0.0,74.74,0.3789285231,103446,-0.55,0.69,-0.1260940974,103446,13.0,37.0,19.9838079771,103446,0.0,6.87,0.026560621,2021,flow
FW.KPM.01,105120,2021-01-01T00:00:00.000,2021-12-31T23:55:00.000,105120,จุดวัดคลองเปรมประชากร ตอนวัดเทวสุนทร,105105,-4.27,39.22,11.3793074545,105105,-0.48,0.81,-0.1667782693,99661,0.0,76.36,53.8895502754,105105,-11.81,8.99,0.2191737786,2021,flow
FW.KPM.02,105120,2021-01-01T00:00:00.000,2021-12-31T23:55:00.000,105120,จุดวัดคลองเปรมประชากร ตอนซอยประชาชื่น 4 แยก 1-4,105110,-12.56,35.83,4.8808191419,105110,-0.87,0.29,-0.350471506,101169,0.0,65.03,49.9143681365,105110,-2.08,5.64,1.0521650652,2021,flow
FW.KSO.01,105120,2021-01-01T00:00:00.000,2021-12-31T23:55:00.000,105120,ประตูระบายน้ำคลองซอย,100253,0.0,143.79,8.456367191,100253,-0.03,0.95,0.4367222926,100253,0.0,7.17,5.6027645058,100277,0.0,0.56,0.0485975847,2021,flow
FW.KSW.01,105120,2021-01-01T00:00:00.000,2021-12-31T23:55:00.000,105120,ประตูระบายน้ำคลองสามวา,102300,0.0,17.84,0.4833316716,102300,-0.52,0.74,-0.0874746823,102300,19.25,41.57,26.3376381232,102300,0.0,1.32,0.029870479,2021,flow
FW.LKB.01,105120,2021-01-01T00:00:00.000,2021-12-31T23:55:00.000,105120,ประตูระบายน้ำลาดกระบัง,49932,0.0,43.84,3.638050749,49932,-0.68,0.49,-0.2468741488,49932,0.0,34.0,22.4720820316,49932,0.0,2.47,0.2118891693,2021,flow
FW.LMT.01,105120,2021-01-01T00:00:00.000,2021-12-31T23:55:00.000,105120,ประตูระบายน้ำคลองลำหม้อแตก,100940,0.0,24.66,0.0811768377,100940,-0.21,2.98,0.3312236972,100940,2.32,56.24,8.7742647117,100940,0.0,5.06,0.019551912,2021,flow
FW.LPW.01,105120,2021-01-01T00:00:00.000,2021-12-31T23:55:00.000,105120,ประตูระบายน้ำคลองลาดพร้าว,104815,-5.32,21.52,0.1523030101,104815,-0.7,1.28,-0.1017450747,87693,0.0,36.9,14.2589752888,104815,-1.1,0.81,0.0117062443,2021,flow
FW.PKG.01,105120,2021-01-01T00:00:00.000,2021-12-31T23:55:00.000,105120,จุดวัดสะพานพระราม 8,103964,-2996.65,3645.51,304.1646954715,103982,-1.25,2.29,0.5374078206,96202,0.0,2993.75,2714.3491683125,103982,-1.09,1.36,0.157775288,2021,flow
FW.PNJ.01,105120,2021-01-01T00:00:00.000,2021-12-31T23:55:00.000,105120,สถานีสูบน้ำคลองขุนราชพินิจใจ,104882,0.0,587.51,22.2236146336,104882,-0.82,1.31,0.474313991,104882,15.94,86.79,57.6039238382,104882,0.0,8.62,0.6612052592,2021,flow
FW.PSC.01,105120,2021-01-01T00:00:00.000,2021-12-31T23:55:00.000,105120,จุดวัดคลองภาษีเจริญ ตอนคลองมหาศร,6194,-18.84,16.5,0.2453454956,6194,0.13,0.37,0.2802825315,1894,37.18,42.42,41.0946409715,6194,-0.67,3.62,0.0499773975,2021,flow
FW.PSR.01,105120,2021-01-01T00:00:00.000,2021-12-31T23:55:00.000,105120,ประตูระบายน้ำคลองพระยาสุเรนทร์,105107,0.0,176.43,2.1728842037,105107,-0.18,1.59,0.5191003454,105107,0.0,60.45,33.7498808833,105107,0.0,8.93,0.1179486618,2021,flow
FW.PWT.01,105120,2021-01-01T00:00:00.000,2021-12-31T23:55:00.000,105120,จุดวัดคลองประเวศบุรีรมย์ ตอนวัดขจรศิริ,99047,-204.03,236.77,11.1154865872,99049,-0.86,0.23,-0.3775721108,99092,0.0,89.77,71.4091041658,99092,-3.34,3.92,0.1814609656,2021,flow
FW.RMT.01,105120,2021-01-01T00:00:00.000,2021-12-31T23:55:00.000,105120,สถานีสูบน้ำคลองพระยาราชมนตรี,105083,0.0,59.57,7.7780001523,103463,-1.68,0.4,-0.2788963204,102013,10.36,42.05,30.164567163,105083,0.0,1.64,0.2598040596,2021,flow
FW.SBR.01,105120,2021-01-01T00:00:00.000,2021-12-31T23:55:00.000,105120,ประตูระบายน้ำคลองขุนศรีบุรีรักษ์,104525,-13.38,7.35,-0.0713542215,104586,0.09,1.11,0.5748586809,104525,1.67,2.59,2.1107522602,104590,-0.7,0.45,-0.0044056793,2021,flow
FW.SSB.01,105120,2021-01-01T00:00:00.000,2021-12-31T23:55:00.000,105120,สถานีสูบน้ำคลองแสนแสบ ตอนคลองตัน,102958,-4.32,30.21,1.9844253968,102958,-1.08,0.04,-0.4505455623,102949,0.0,86.49,64.8236620074,102958,-0.06,0.43,0.0275911537,2021,flow
FW.SSB.02,105120,2021-01-01T00:00:00.000,2021-12-31T23:55:00.000,105120,จุดวัดคลองแสนแสบ ตอนเขตบางกะปิ,103444,-11.58,24.32,5.3993221453,103444,-0.87,0.47,-0.3149196667,102753,0.0,54.59,42.361372612,103444,-0.24,0.52,0.1243849812,2021,flow
FW.SSB.03,105120,2021-01-01T00:00:00.000,2021-12-31T23:55:00.000,105120,ประตูระบายน้ำคลองแสนแสบ-มีนบุรี,104860,-27.73,1.45,-12.4111099561,104861,-0.66,0.64,-0.1905633172,104860,0.0,134.0,100.5580334732,104865,-0.38,0.02,-0.1854539646,2021,flow
FW.SSM.01,105120,2021-01-01T00:00:00.000,2021-12-31T23:55:00.000,105120,ประตูระบายน้ำคลองสิบสาม,105114,0.0,0.0,0.0,105114,-1.1,1.47,0.4402212836,105114,13.74,97.92,71.2239244059,105114,0.0,0.0,0.0,2021,flow
FW.SSN.01,105120,2021-01-01T00:00:00.000,2021-12-31T23:55:00.000,105120,สถานีสูบน้ำคลองสามเสน,105001,-23.04,71.66,0.1128977819,105007,-1.7,0.23,-0.7202894093,105001,20.65,42.3,31.6435614899,105009,-0.22,0.57,0.0011845651,2021,flow
FW.SST.01,105120,2021-01-01T00:00:00.000,2021-12-31T23:55:00.000,105120,ประตูระบายน้ำคลองสองสายใต้,104559,0.0,15.04,0.0915900114,104559,-0.32,1.03,0.1585842443,104559,0.0,73.42,33.5866619803,104559,0.0,1.82,0.0087767672,2021,flow
FW.TWW.01,105120,2021-01-01T00:00:00.000,2021-12-31T23:55:00.000,105120,ประตูระบายน้ำคลองทวีวัฒนา,104260,0.0,101.89,0.9771241128,104260,-0.02,0.95,0.4241958565,104260,0.0,84.63,70.9540317476,104260,0.0,3.27,0.0358674468,2021,flow
FW.BBU.01,105120,2022-01-01T00:00:00.000,2022-12-31T23:55:00.000,105120,จุดวัดคลองบางบัว,102473,-21.3,30.17,3.0577469187,102473,-0.27,1.25,0.1178285988,100490,0.0,61.84,36.4073115733,102473,-0.62,0.58,0.0784845764,2022,flow
FW.BKA.02,105120,2022-01-01T00:00:00.000,2022-12-31T23:55:00.000,105120,สถานีสูบน้ำคลองบางเขนใหม่,104770,0.0,24.18,2.931244822,104770,-1.88,0.53,-0.5132427222,104770,7.29,38.1,24.4722121791,104770,0.0,1.18,0.2267781808,2022,flow
FW.BKG.01,105120,2022-01-01T00:00:00.000,2022-12-31T23:55:00.000,105120,ประตูระบายน้ำคลองบึงขวาง,105106,-37.33,21.13,-1.2792701654,105106,-0.46,0.75,-0.0435327193,105106,19.58,38.32,25.7793017525,105106,-2.07,1.35,-0.0778301905,2022,flow
FW.BSU.01,105120,2022-01-01T00:00:00.000,2022-12-31T23:55:00.000,105120,สถานีสูบน้ำคลองบางซื่อ,105021,0.0,53.11,3.1128510488,105021,-1.53,0.6,-0.4545584216,105021,26.15,62.29,44.3984400263,105021,0.0,1.7,0.1227734453,2022,flow
FW.K2W.01,105120,2022-01-01T00:00:00.000,2022-12-31T23:55:00.000,105120,ประตูระบายน้ำคลองสองตะวันตก,105071,0.0,161.87,0.8758152107,105071,-0.2,2.54,0.4257649589,105071,6.91,64.24,16.4943887467,105071,0.0,7.94,0.060730744,2022,flow
FW.K3W.01,105120,2022-01-01T00:00:00.000,2022-12-31T23:55:00.000,105120,ประตูระบายน้ำคลองสามตะวันตก,105018,0.0,193.5,0.4920904988,105018,-0.14,3.37,0.5824366299,105018,24.25,89.71,35.858830391,105018,0.0,3.87,0.0229911063,2022,flow
FW.K4W.01,105120,2022-01-01T00:00:00.000,2022-12-31T23:55:00.000,105120,ประตูระบายน้ำคลองสี่ตะวันตก,101816,0.0,48.88,0.1623614167,101816,-0.18,2.85,0.4844609884,101816,6.66,101.12,19.415630451,101816,0.0,3.91,0.0154367683,2022,flow
FW.KKY.01,105120,2022-01-01T00:00:00.000,2022-12-31T23:55:00.000,105120,ประตูระบายน้ำคลองควาย,102634,0.0,81.76,0.2932920864,102634,0.0,2.59,0.6004246156,102634,0.0,84.72,35.4469038525,102634,0.0,7.83,0.0291353742,2022,flow
FW.KNG.01,105120,2022-01-01T00:00:00.000,2022-12-31T23:55:00.000,105120,ประตูระบายน้ำคลองหนึ่ง,103304,0.0,93.47,0.811236835,103304,-0.46,0.79,6.25339e-05,103304,14.0,39.0,22.3479536126,103304,0.0,6.19,0.0595146364,2022,flow
FW.KPM.01,105120,2022-01-01T00:00:00.000,2022-12-31T23:55:00.000,105120,จุดวัดคลองเปรมประชากร ตอนวัดเทวสุนทร,104902,-9.53,36.17,10.9923745019,104902,-0.56,1.15,-0.0990579779,102440,0.0,83.98,55.1906653651,104902,-39.19,5.26,-0.2628217765,2022,flow
FW.KPM.02,105120,2022-01-01T00:00:00.000,2022-12-31T23:55:00.000,105120,จุดวัดคลองเปรมประชากร ตอนซอยประชาชื่น 4 แยก 1-4,105059,-13.45,40.52,6.190899209,105059,-1.48,0.72,-0.3136235829,98597,0.0,75.03,42.9247758045,105059,-0.21,3.1,0.2794662047,2022,flow
FW.KSO.01,105120,2022-01-01T00:00:00.000,2022-12-31T23:55:00.000,105120,ประตูระบายน้ำคลองซอย,104541,0.0,155.71,5.5615150037,104541,0.22,0.93,0.5534580691,104541,5.13,7.12,6.0616583924,104542,0.0,0.62,0.0251515181,2022,flow
FW.KSW.01,105120,2022-01-01T00:00:00.000,2022-12-31T23:55:00.000,105120,ประตูระบายน้ำคลองสามวา,104045,0.0,31.41,0.7985528377,104045,-0.44,0.84,0.0297181989,104045,0.0,43.78,28.2520860205,104045,0.0,2.02,0.0495711471,2022,flow
FW.LKB.01,105120,2022-01-01T00:00:00.000,2022-12-31T23:55:00.000,105120,ประตูระบายน้ำลาดกระบัง,87832,0.0,16.01,0.6774344203,87832,-0.5,0.65,-0.1427589034,87832,19.0,37.0,24.2478692276,87832,0.0,1.0,0.0434915521,2022,flow
FW.LMT.01,105120,2022-01-01T00:00:00.000,2022-12-31T23:55:00.000,105120,ประตูระบายน้ำคลองลำหม้อแตก,104554,0.0,43.36,0.276258871,104554,0.03,1.4,0.6119262773,104554,4.74,26.14,12.697234826,104554,0.0,5.19,0.0655477552,2022,flow
FW.LPW.01,105120,2022-01-01T00:00:00.000,2022-12-31T23:55:00.000,105120,ประตูระบายน้ำคลองลาดพร้าว,104955,-11.17,18.35,0.994322805,104955,-1.16,1.08,-0.1728186366,89974,0.0,33.6,13.8960300754,104955,-0.63,0.75,0.0845257491,2022,flow
FW.PKG.01,105120,2022-01-01T00:00:00.000,2022-12-31T23:55:00.000,105120,จุดวัดสะพานพระราม 8,105034,-2990.2,3431.56,550.0968802483,105036,-1.36,2.34,0.6586501771,102314,0.0,3005.22,2668.1060001564,105036,-1.1,1.3,0.2198612857,2022,flow
FW.PNJ.01,105120,2022-01-01T00:00:00.000,2022-12-31T23:55:00.000,105120,สถานีสูบน้ำคลองขุนราชพินิจใจ,104796,0.0,431.05,6.0828731058,104796,-0.84,1.32,0.5578405664,104796,15.41,87.19,60.3774212756,104796,0.0,6.89,0.2478228177,2022,flow
FW.PSC.01,105120,2022-01-01T00:00:00.000,2022-12-31T23:55:00.000,105120,จุดวัดคลองภาษีเจริญ ตอนคลองมหาศร,0,,,,0,,,,0,,,,0,,,,2022,flow
FW.PSR.01,105120,2022-01-01T00:00:00.000,2022-12-31T23:55:00.000,105120,ประตูระบายน้ำคลองพระยาสุเรนทร์,104535,0.0,169.62,2.8345778926,104535,0.0,1.95,0.8512022767,104535,0.0,70.5,41.5238918066,104535,0.0,8.22,0.1344289472,2022,flow
FW.PWT.01,105120,2022-01-01T00:00:00.000,2022-12-31T23:55:00.000,105120,จุดวัดคลองประเวศบุรีรมย์ ตอนวัดขจรศิริ,103475,-234.4,222.43,16.3054225658,103476,-0.73,2.59,-0.3312636747,103476,0.0,156.0,73.6761157177,103476,-3.89,3.71,0.2634745255,2022,flow
FW.RMT.01,105120,2022-01-01T00:00:00.000,2022-12-31T23:55:00.000,105120,สถานีสูบน้ำคลองพระยาราชมนตรี,105044,0.0,84.66,10.7688742813,105044,-1.52,0.52,-0.3760933514,105044,11.64,42.05,29.0092486006,105044,0.0,2.3,0.3402828339,2022,flow
FW.SBR.01,105120,2022-01-01T00:00:00.000,2022-12-31T23:55:00.000,105120,ประตูระบายน้ำคลองขุนศรีบุรีรักษ์,105069,-13.86,7.92,-0.0525981022,105069,0.31,1.14,0.7099997145,105069,1.87,2.64,2.232435352,105069,-0.64,0.45,-0.0031386042,2022,flow
FW.SSB.01,105120,2022-01-01T00:00:00.000,2022-12-31T23:55:00.000,105120,สถานีสูบน้ำคลองแสนแสบ ตอนคลองตัน,79145,-27.53,27.15,5.2261158633,79145,-1.07,0.4,-0.5350598269,78967,0.0,48.96,35.5942892601,79145,-0.69,0.62,0.1492963548,2022,flow
FW.SSB.02,105120,2022-01-01T00:00:00.000,2022-12-31T23:55:00.000,105120,จุดวัดคลองแสนแสบ ตอนเขตบางกะปิ,100498,-19.36,28.89,8.20366465,100498,-1.25,0.71,-0.2366959541,99760,0.0,83.4,41.5034468725,100498,-0.5,0.51,0.1580584688,2022,flow
FW.SSB.03,105120,2022-01-01T00:00:00.000,2022-12-31T23:55:00.000,105120,ประตูระบายน้ำคลองแสนแสบ-มีนบุรี,105081,-16.79,0.0,-0.3931912525,105081,-0.53,4.45,-0.0071895966,105081,88.0,879.0,109.3644807339,105082,-0.24,0.0,-0.0057107782,2022,flow
FW.SSM.01,105120,2022-01-01T00:00:00.000,2022-12-31T23:55:00.000,105120,ประตูระบายน้ำคลองสิบสาม,104833,0.0,0.0,0.0,104833,0.22,1.75,1.0128118054,104833,67.97,105.83,84.885259031,104833,0.0,0.0,0.0,2022,flow
FW.SSN.01,105120,2022-01-01T00:00:00.000,2022-12-31T23:55:00.000,105120,สถานีสูบน้ำคลองสามเสน,104704,-26.87,73.92,0.2794614341,104706,-1.86,0.28,-0.8282184402,104704,19.19,42.86,30.4327227231,104706,-0.24,0.68,0.002938227,2022,flow
FW.SST.01,105120,2022-01-01T00:00:00.000,2022-12-31T23:55:00.000,105120,ประตูระบายน้ำคลองสองสายใต้,105077,0.0,30.93,0.2813839375,105077,-0.1,1.35,0.3859475432,105077,23.67,89.65,42.8382131199,105077,0.0,3.88,0.0244364609,2022,flow
FW.TWW.01,105120,2022-01-01T00:00:00.000,2022-12-31T23:55:00.000,105120,ประตูระบายน้ำคลองทวีวัฒนา,100099,0.0,76.17,6.2376377386,100099,0.0,0.9,0.5264395249,100099,0.0,83.33,73.6163907731,100099,0.0,2.82,0.2196135826,2022,flow
FW.BBU.01,105120,2023-01-01T00:00:00.000,2023-12-31T23:55:00.000,105120,จุดวัดคลองบางบัว,77795,-18.07,30.6,3.5280127258,77795,-0.42,0.87,-0.0716192557,75891,0.0,53.55,32.1512557484,77795,-0.42,1.28,0.1152152452,2023,flow
FW.BKA.02,105120,2023-01-01T00:00:00.000,2023-12-31T23:55:00.000,105120,สถานีสูบน้ำคลองบางเขนใหม่,104767,0.0,27.86,2.2677597908,104767,-1.94,0.52,-0.5613017458,104767,6.64,37.97,23.852626495,104767,0.0,1.39,0.1883319175,2023,flow
FW.BKG.01,105120,2023-01-01T00:00:00.000,2023-12-31T23:55:00.000,105120,ประตูระบายน้ำคลองบึงขวาง,104605,-32.3,28.13,-0.8413839683,104605,-0.67,0.46,-0.2173324411,104605,16.58,33.63,23.1448503418,104605,-1.8,1.51,-0.0495148415,2023,flow
FW.BSU.01,105120,2023-01-01T00:00:00.000,2023-12-31T23:55:00.000,105120,สถานีสูบน้ำคลองบางซื่อ,98361,0.0,54.74,3.5051652586,98361,-1.49,0.22,-0.5011695692,98361,26.83,55.84,43.6076608615,98361,0.0,2.22,0.145626112,2023,flow
FW.K2W.01,105120,2023-01-01T00:00:00.000,2023-12-31T23:55:00.000,105120,ประตูระบายน้ำคลองสองตะวันตก,103988,0.0,119.45,0.3008542332,103988,-0.45,2.54,0.1008358657,103988,1.49,64.24,11.113701581,103988,0.0,8.13,0.0255963188,2023,flow
FW.K3W.01,105120,2023-01-01T00:00:00.000,2023-12-31T23:55:00.000,105120,ประตูระบายน้ำคลองสามตะวันตก,105013,0.0,69.61,0.3502517784,105013,-0.16,3.37,0.346050489,105013,23.95,89.71,31.8464301563,105013,0.0,4.14,0.019588908,2023,flow
FW.K4W.01,105120,2023-01-01T00:00:00.000,2023-12-31T23:55:00.000,105120,ประตูระบายน้ำคลองสี่ตะวันตก,85665,-22.71,77.51,0.383969299,85650,-2.84,2.85,0.1245975482,85665,0.0,101.12,11.9136291368,85665,0.0,2.52,0.0173151229,2023,flow
FW.KKY.01,105120,2023-01-01T00:00:00.000,2023-12-31T23:55:00.000,105120,ประตูระบายน้ำคลองควาย,104364,0.0,69.11,0.1751812886,104364,0.11,1.36,0.597366429,104364,27.28,50.46,35.3989573033,104364,0.0,7.06,0.0172444521,2023,flow
FW.KNG.01,105120,2023-01-01T00:00:00.000,2023-12-31T23:55:00.000,105120,ประตูระบายน้ำคลองหนึ่ง,104301,0.0,80.1,0.2415953826,104301,-0.68,0.57,-0.1801177362,104301,11.0,34.0,18.8304138982,104301,0.0,4.97,0.0180809388,2023,flow
FW.KPM.01,105120,2023-01-01T00:00:00.000,2023-12-31T23:55:00.000,105120,จุดวัดคลองเปรมประชากร ตอนวัดเทวสุนทร,104949,-12.02,20.69,6.2182554384,104949,-0.66,0.8,-0.207159668,103792,0.0,67.17,37.0972186681,104949,-15.24,0.64,0.1976798254,2023,flow
FW.KPM.02,105120,2023-01-01T00:00:00.000,2023-12-31T23:55:00.000,105120,จุดวัดคลองเปรมประชากร ตอนซอยประชาชื่น 4 แยก 1-4,101869,-7.19,35.12,6.5413293544,101869,-1.08,1.18,-0.4369700301,93331,0.0,85.44,47.5535197309,101869,-0.32,0.71,0.1509523997,2023,flow
FW.KSO.01,105120,2023-01-01T00:00:00.000,2023-12-31T23:55:00.000,105120,ประตูระบายน้ำคลองซอย,104834,0.0,143.06,3.3120687945,104834,0.02,0.93,0.4836342217,104834,4.57,7.12,5.8661386573,104834,0.0,0.57,0.0162908026,2023,flow
FW.KSW.01,105120,2023-01-01T00:00:00.000,2023-12-31T23:55:00.000,105120,ประตูระบายน้ำคลองสามวา,104810,0.0,15.28,0.4040745158,104810,-0.65,0.62,-0.1446031867,104810,17.15,38.92,25.3262680088,104810,0.0,1.06,0.0256770346,2023,flow
FW.LKB.01,105120,2023-01-01T00:00:00.000,2023-12-31T23:55:00.000,105120,ประตูระบายน้ำลาดกระบัง,101032,0.0,17.72,0.6233139005,101033,-0.75,0.37,-0.3304912256,101032,15.44,32.19,21.4653931428,101032,0.0,1.36,0.0402667472,2023,flow
FW.LMT.01,105120,2023-01-01T00:00:00.000,2023-12-31T23:55:00.000,105120,ประตูระบายน้ำคลองลำหม้อแตก,104585,0.0,25.81,0.3443878185,104580,0.04,1.09,0.4478579078,104585,0.0,20.65,10.0075012669,104585,0.0,481.64,0.1133410145,2023,flow
FW.LPW.01,105120,2023-01-01T00:00:00.000,2023-12-31T23:55:00.000,105120,ประตูระบายน้ำคลองลาดพร้าว,90523,-16.14,2916.71,3.2665935729,104602,-1.82,3.46,-0.3732716392,90825,0.0,72.15,22.0741336636,104602,-0.6,0.66,0.130895872,2023,flow
FW.PKG.01,105120,2023-01-01T00:00:00.000,2023-12-31T23:55:00.000,105120,จุดวัดสะพานพระราม 8,104505,-3292.89,2996.16,353.4978834506,104514,-1.37,1.94,0.4232417667,102804,0.0,3168.5,2614.1660492783,104514,-1.08,1.63,0.1444106053,2023,flow
FW.PNJ.01,105120,2023-01-01T00:00:00.000,2023-12-31T23:55:00.000,105120,สถานีสูบน้ำคลองขุนราชพินิจใจ,104664,0.0,298.89,4.4493639647,104664,-0.86,1.31,0.4963871054,104664,14.97,86.79,58.3366196591,104664,0.0,5.77,0.1951331881,2023,flow
FW.PSC.01,105120,2023-01-01T00:00:00.000,2023-12-31T23:55:00.000,105120,จุดวัดคลองภาษีเจริญ ตอนคลองมหาศร,0,,,,0,,,,0,,,,0,,,,2023,flow
FW.PSR.01,105120,2023-01-01T00:00:00.000,2023-12-31T23:55:00.000,105120,ประตูระบายน้ำคลองพระยาสุเรนทร์,104664,0.0,181.89,0.3795405297,104664,0.08,2.2,0.6696293855,104664,23.61,77.49,37.0079767637,104664,0.0,8.75,0.0172981159,2023,flow
FW.PWT.01,105120,2023-01-01T00:00:00.000,2023-12-31T23:55:00.000,105120,จุดวัดคลองประเวศบุรีรมย์ ตอนวัดขจรศิริ,104328,-264.31,261.4,10.4650384365,104328,-0.79,0.22,-0.4266686795,104328,0.0,89.21,70.7314711295,104328,-4.3,4.28,0.1754742734,2023,flow
FW.RMT.01,105120,2023-01-01T00:00:00.000,2023-12-31T23:55:00.000,105120,สถานีสูบน้ำคลองพระยาราชมนตรี,104936,0.0,78.11,9.1205021156,104936,-1.26,0.47,-0.2353727034,104936,15.6,42.05,30.3235528322,104936,0.0,2.15,0.3116590112,2023,flow
FW.SBR.01,105120,2023-01-01T00:00:00.000,2023-12-31T23:55:00.000,105120,ประตูระบายน้ำคลองขุนศรีบุรีรักษ์,104587,-8.63,6.96,-0.0136292273,104588,0.17,1.14,0.6344725016,104587,1.75,2.62,2.1644226338,104588,-0.55,0.4,-0.0008249512,2023,flow
FW.SSB.01,105120,2023-01-01T00:00:00.000,2023-12-31T23:55:00.000,105120,สถานีสูบน้ำคลองแสนแสบ ตอนคลองตัน,104794,-46.03,37.42,-1.9237735939,104794,-1.18,0.16,-0.5280656335,104346,0.0,64.8,45.3325892703,104794,-91.27,0.91,-0.1026550184,2023,flow
FW.SSB.02,105120,2023-01-01T00:00:00.000,2023-12-31T23:55:00.000,105120,จุดวัดคลองแสนแสบ ตอนเขตบางกะปิ,104986,-20.77,49.99,6.8539975806,104986,-1.25,0.44,-0.3145893738,101801,0.0,86.93,64.457410438,104986,-0.32,0.77,0.1082290972,2023,flow
FW.SSB.03,105120,2023-01-01T00:00:00.000,2023-12-31T23:55:00.000,105120,ประตูระบายน้ำคลองแสนแสบ-มีนบุรี,104898,0.0,0.0,0.0,104898,-0.67,0.45,-0.2387972125,104898,82.0,124.0,99.0119068047,104899,0.0,0.0,0.0,2023,flow
FW.SSM.01,105120,2023-01-01T00:00:00.000,2023-12-31T23:55:00.000,105120,ประตูระบายน้ำคลองสิบสาม,75228,0.0,0.0,0.0,75228,-0.26,1.37,0.6166646727,75228,0.0,95.09,74.5822358696,75228,0.0,0.0,0.0,2023,flow
FW.SSN.01,105120,2023-01-01T00:00:00.000,2023-12-31T23:55:00.000,105120,สถานีสูบน้ำคลองสามเสน,104593,-36.57,72.96,0.2783363131,104595,-2.35,-0.01,-0.8307530953,104593,13.36,39.61,30.4043499087,104596,-0.41,0.71,0.003698325,2023,flow
FW.SST.01,105120,2023-01-01T00:00:00.000,2023-12-31T23:55:00.000,105120,ประตูระบายน้ำคลองสองสายใต้,76642,0.0,9.43,0.0448791785,76642,-0.14,0.81,0.184225229,76642,22.44,62.25,33.9760354636,76642,0.0,1.21,0.004923932,2023,flow
FW.TWW.01,105120,2023-01-01T00:00:00.000,2023-12-31T23:55:00.000,105120,ประตูระบายน้ำคลองทวีวัฒนา,103441,0.0,48.91,8.5583154649,103441,0.01,0.92,0.4398548931,103441,60.18,83.85,71.3637233785,103441,0.0,1.64,0.3093540279,2023,flow
FW.BBU.01,105408,2024-01-01T00:00:00.000,2024-12-31T23:55:00.000,105408,จุดวัดคลองบางบัว,100980,-32.75,32.69,4.2757930283,100980,-0.62,2.29,-0.1071752822,100980,0.0,64.27,31.6105408002,100980,-0.19,3.8,0.1840803129,2024,flow
FW.BKA.02,105408,2024-01-01T00:00:00.000,2024-12-31T23:55:00.000,105408,สถานีสูบน้ำคลองบางเขนใหม่,103269,0.0,28.45,1.976005965,103269,-1.95,0.56,-0.877947109,103269,6.54,38.49,19.7617140671,103269,0.0,2.33,0.202842673,2024,flow
FW.BKG.01,105408,2024-01-01T00:00:00.000,2024-12-31T23:55:00.000,105408,ประตูระบายน้ำคลองบึงขวาง,92212,-13.39,7.41,-1.2180847395,92212,-0.57,0.48,-0.2043013924,92212,0.0,33.95,23.3449294018,92212,-0.77,0.45,-0.0697867956,2024,flow
FW.BSU.01,105408,2024-01-01T00:00:00.000,2024-12-31T23:55:00.000,105408,สถานีสูบน้ำคลองบางซื่อ,102822,0.0,35.15,6.1646811966,102822,-1.72,0.24,-0.5185022661,102822,23.17,56.18,43.3136113867,102822,0.0,1.61,0.2664824648,2024,flow
FW.K2W.01,105408,2024-01-01T00:00:00.000,2024-12-31T23:55:00.000,105408,ประตูระบายน้ำคลองสองตะวันตก,80967,-32.75,166.54,5.0435148888,80965,-0.62,2.69,0.2295025011,80967,0.0,88.67,23.8718045623,81086,0.0,7.92,0.1623229657,2024,flow
FW.K3W.01,105408,2024-01-01T00:00:00.000,2024-12-31T23:55:00.000,105408,ประตูระบายน้ำคลองสามตะวันตก,102905,-32.75,32.76,1.6544795685,102905,-3.42,3.37,0.4073464846,102903,0.0,89.71,17.6153966357,102905,0.0,3.8,0.2411188961,2024,flow
FW.K4W.01,105408,2024-01-01T00:00:00.000,2024-12-31T23:55:00.000,105408,ประตูระบายน้ำคลองสี่ตะวันตก,84929,0.0,7.97,2.1183031709,84929,-0.15,1.69,0.3650174852,84929,0.0,37.58,23.081539168,84929,0.0,0.38,0.1323569099,2024,flow
FW.KKY.01,105408,2024-01-01T00:00:00.000,2024-12-31T23:55:00.000,105408,ประตูระบายน้ำคลองควาย,103759,0.0,83.16,0.1532018427,103759,0.04,1.23,0.5805726732,103759,26.12,47.63,35.0927317148,103759,0.0,7.5,0.0156634123,2024,flow
FW.KNG.01,105408,2024-01-01T00:00:00.000,2024-12-31T23:55:00.000,105408,ประตูระบายน้ำคลองหนึ่ง,99395,0.0,87.62,0.1911635394,99395,-0.56,0.55,-0.1603234569,99395,13.0,34.0,19.140127773,99395,0.0,5.22,0.014702148,2024,flow
FW.KPM.01,105408,2024-01-01T00:00:00.000,2024-12-31T23:55:00.000,105408,จุดวัดคลองเปรมประชากร ตอนวัดเทวสุนทร,49358,-145.94,143.98,1.9131599741,49356,-0.46,0.18,-0.1607743739,33553,0.0,33.3,28.3845277621,49358,-4.66,4.68,0.1382073828,2024,flow
FW.KPM.02,105408,2024-01-01T00:00:00.000,2024-12-31T23:55:00.000,105408,จุดวัดคลองเปรมประชากร ตอนซอยประชาชื่น 4 แยก 1-4,52097,-23.95,34.81,5.2458487053,51288,-1.13,0.04,-0.3241153876,52097,0.0,58.79,48.4456245081,52097,-0.49,1.06,0.1068259209,2024,flow
FW.KSO.01,105408,2024-01-01T00:00:00.000,2024-12-31T23:55:00.000,105408,ประตูระบายน้ำคลองซอย,104023,0.0,119.83,1.1380685041,104023,0.09,1.05,0.4995093393,104023,4.76,7.45,5.9106422618,104028,0.0,0.61,0.0059587803,2024,flow
FW.KSW.01,105408,2024-01-01T00:00:00.000,2024-12-31T23:55:00.000,105408,ประตูระบายน้ำคลองสามวา,102897,0.0,14.11,2.1101028213,102897,-0.54,0.6,-0.1228480908,102897,18.93,38.48,25.6749003372,102897,0.0,0.97,0.1352674033,2024,flow
FW.LKB.01,105408,2024-01-01T00:00:00.000,2024-12-31T23:55:00.000,105408,ประตูระบายน้ำลาดกระบัง,97393,0.0,21.41,0.4715718789,97393,-0.63,0.41,-0.3330689064,97393,17.15,32.83,21.4241747353,97393,0.0,1.77,0.031944801,2024,flow
FW.LMT.01,105408,2024-01-01T00:00:00.000,2024-12-31T23:55:00.000,105408,ประตูระบายน้ำคลองลำหม้อแตก,105347,0.0,23.86,0.1592549384,105347,-0.17,1.26,0.3199104863,105347,2.73,23.58,8.1975010204,105347,0.0,5.2,0.0367903215,2024,flow
FW.LPW.01,105408,2024-01-01T00:00:00.000,2024-12-31T23:55:00.000,105408,ประตูระบายน้ำคลองลาดพร้าว,105127,-9.98,21.75,5.7283335394,105127,-1.04,0.5,-0.4363760024,105127,0.0,42.42,26.9891653904,105127,-0.33,0.64,0.2092407279,2024,flow
FW.PKG.01,105408,2024-01-01T00:00:00.000,2024-12-31T23:55:00.000,105408,จุดวัดสะพานพระราม 8,104183,-3297.7,3108.57,493.4465931102,104183,-1.12,1.94,0.5647201559,101770,0.0,3169.13,2879.0930182765,104183,-1.09,1.08,0.1943103961,2024,flow
FW.PNJ.01,105408,2024-01-01T00:00:00.000,2024-12-31T23:55:00.000,105408,สถานีสูบน้ำคลองขุนราชพินิจใจ,104802,0.0,303.51,0.1655478903,104802,-0.96,1.61,0.5269657068,104802,12.78,98.67,59.3635049904,104802,0.0,6.71,0.0062711589,2024,flow
FW.PSC.01,105408,2024-01-01T00:00:00.000,2024-12-31T23:55:00.000,105408,จุดวัดคลองภาษีเจริญ ตอนคลองมหาศร,0,,,,0,,,,0,,,,0,,,,2024,flow
FW.PSR.01,105408,2024-01-01T00:00:00.000,2024-12-31T23:55:00.000,105408,ประตูระบายน้ำคลองพระยาสุเรนทร์,105328,0.0,198.4,0.4577422907,105328,-0.19,1.69,0.6807758621,105328,18.45,63.24,37.3938903236,105328,0.0,8.99,0.0222945466,2024,flow
FW.PWT.01,105408,2024-01-01T00:00:00.000,2024-12-31T23:55:00.000,105408,จุดวัดคลองประเวศบุรีรมย์ ตอนวัดขจรศิริ,105159,-278.42,237.32,8.3460981942,105160,-0.73,0.15,-0.42633159,105160,0.0,94.57,70.9960816851,105160,-4.63,3.95,0.1396664131,2024,flow
FW.RMT.01,105408,2024-01-01T00:00:00.000,2024-12-31T23:55:00.000,105408,สถานีสูบน้ำคลองพระยาราชมนตรี,103808,0.0,47.98,9.4567620993,103808,-1.42,0.45,-0.2659432799,103808,0.0,42.05,29.7454119143,103808,0.0,1.27,0.3240139488,2024,flow
FW.SBR.01,105408,2024-01-01T00:00:00.000,2024-12-31T23:55:00.000,105408,ประตูระบายน้ำคลองขุนศรีบุรีรักษ์,104717,-12.06,6.87,-0.0187112885,104718,0.24,1.06,0.649447182,104717,1.81,2.55,2.1779449373,104718,-0.7,0.4,-0.0012204206,2024,flow
FW.SSB.01,105408,2024-01-01T00:00:00.000,2024-12-31T23:55:00.000,105408,สถานีสูบน้ำคลองแสนแสบ ตอนคลองตัน,105009,-40.02,37.42,-1.2235905494,105009,-1.18,0.01,-0.3905660467,104809,0.0,63.09,41.6327709452,105009,-0.72,0.71,-0.0218193679,2024,flow
FW.SSB.02,105408,2024-01-01T00:00:00.000,2024-12-31T23:55:00.000,105408,จุดวัดคลองแสนแสบ ตอนเขตบางกะปิ,105027,-19.7,35.36,9.3742536681,105027,-0.9,0.3,-0.3886492045,104065,0.0,78.23,67.8710210926,105027,-0.27,0.5,0.1415140869,2024,flow
FW.SSB.03,105408,2024-01-01T00:00:00.000,2024-12-31T23:55:00.000,105408,ประตูระบายน้ำคลองแสนแสบ-มีนบุรี,104953,0.0,0.0,0.0,104953,-0.68,0.48,-0.2897437901,104953,81.0,125.0,97.0261164521,104953,0.0,0.0,0.0,2024,flow
FW.SSM.01,105408,2024-01-01T00:00:00.000,2024-12-31T23:55:00.000,105408,ประตูระบายน้ำคลองสิบสาม,65188,0.0,0.0,0.0,65188,-0.2,3.6,0.7855476468,65188,0.0,158.15,79.2363410444,65188,0.0,0.0,0.0,2024,flow
FW.SSN.01,105408,2024-01-01T00:00:00.000,2024-12-31T23:55:00.000,105408,สถานีสูบน้ำคลองสามเสน,105270,-23.75,63.69,0.1574878883,105274,-2.49,-0.22,-0.9957639113,105270,11.79,37.26,28.552923055,105274,-0.37,0.67,0.0028776336,2024,flow
FW.SST.01,105408,2024-01-01T00:00:00.000,2024-12-31T23:55:00.000,105408,ประตูระบายน้ำคลองสองสายใต้,104308,0.0,40.51,0.0145200752,104308,-0.39,3.14,0.1138584768,104308,0.0,187.68,31.4153626759,104308,0.0,4.44,0.0017016911,2024,flow
FW.TWW.01,105408,2024-01-01T00:00:00.000,2024-12-31T23:55:00.000,105408,ประตูระบายน้ำคลองทวีวัฒนา,102088,0.0,58.99,8.5966081224,102088,0.08,0.89,0.4833581812,102088,62.0,83.07,72.4957629692,102088,0.0,2.08,0.3066959878,2024,flow
FW.BBU.01,105120,2025-01-01T00:00:00.000,2025-12-31T23:55:00.000,105120,จุดวัดคลองบางบัว,102909,-21.29,27.71,4.1787474371,102909,-0.64,1.06,-0.1659254293,102909,0.0,53.97,35.8162617458,102909,-0.43,0.64,0.1141536697,2025,flow
FW.BKA.02,105120,2025-01-01T00:00:00.000,2025-12-31T23:55:00.000,105120,สถานีสูบน้ำคลองบางเขนใหม่,101987,0.0,25.23,1.9821531176,101987,-1.97,0.56,-0.9429489053,101987,6.32,38.49,18.9870054027,101987,0.0,1.44,0.2185469717,2025,flow
FW.BKG.01,105120,2025-01-01T00:00:00.000,2025-12-31T23:55:00.000,105120,ประตูระบายน้ำคลองบึงขวาง,0,,,,0,,,,0,,,,0,,,,2025,flow
FW.BSU.01,105120,2025-01-01T00:00:00.000,2025-12-31T23:55:00.000,105120,สถานีสูบน้ำคลองบางซื่อ,102843,0.0,84.92,5.2853680853,102843,-1.84,0.58,-0.645965987,102843,21.61,61.95,41.1512589092,102843,0.0,2.67,0.2463026166,2025,flow
FW.K2W.01,105120,2025-01-01T00:00:00.000,2025-12-31T23:55:00.000,105120,ประตูระบายน้ำคลองสองตะวันตก,101607,-32.73,32.77,10.4439831901,101607,-0.1,0.43,0.1775793991,101607,14.69,45.69,41.7315111163,101607,0.0,3.8,0.4041471552,2025,flow
FW.K3W.01,105120,2025-01-01T00:00:00.000,2025-12-31T23:55:00.000,105120,ประตูระบายน้ำคลองสามตะวันตก,103807,-32.76,32.76,3.1427173505,103807,0.06,1.44,0.5845177108,103807,3.25,20.48,11.15784292,103807,0.0,3.8,0.3842247633,2025,flow
FW.K4W.01,105120,2025-01-01T00:00:00.000,2025-12-31T23:55:00.000,105120,ประตูระบายน้ำคลองสี่ตะวันตก,26135,0.0,6.67,3.1277321599,26135,0.25,1.08,0.52220088,26135,15.67,25.96,19.0216873924,26135,0.0,0.36,0.1958744978,2025,flow
FW.KKY.01,105120,2025-01-01T00:00:00.000,2025-12-31T23:55:00.000,105120,ประตูระบายน้ำคลองควาย,103660,0.0,50.43,0.019373143,103660,0.06,2.05,0.5941682423,103660,26.45,69.39,35.3392447424,103660,0.0,5.4,0.0017627822,2025,flow
FW.KNG.01,105120,2025-01-01T00:00:00.000,2025-12-31T23:55:00.000,105120,ประตูระบายน้ำคลองหนึ่ง,103619,0.0,111.32,0.2075396404,103619,-0.42,0.63,-0.032204229,103619,14.0,36.0,21.6348932146,103619,0.0,8.25,0.0144533338,2025,flow
FW.KPM.01,105120,2025-01-01T00:00:00.000,2025-12-31T23:55:00.000,105120,จุดวัดคลองเปรมประชากร ตอนวัดเทวสุนทร,4421,0.66,5.0,2.2909907261,4421,-0.3,0.15,-0.0832684913,4421,25.44,32.25,28.7555123275,4421,0.03,0.24,0.1032571816,2025,flow
FW.KPM.02,105120,2025-01-01T00:00:00.000,2025-12-31T23:55:00.000,105120,จุดวัดคลองเปรมประชากร ตอนซอยประชาชื่น 4 แยก 1-4,49835,-21.35,37.32,2.9113071135,49253,-1.15,0.6,-0.2324522364,49835,0.0,71.13,13.7847131534,49835,-0.59,1.09,0.0682036721,2025,flow
FW.KSO.01,105120,2025-01-01T00:00:00.000,2025-12-31T23:55:00.000,105120,ประตูระบายน้ำคลองซอย,104426,0.0,163.09,2.6855961159,104426,0.21,1.12,0.5587472469,104426,5.1,7.65,6.0764280926,104440,0.0,0.64,0.0134217733,2025,flow
FW.KSW.01,105120,2025-01-01T00:00:00.000,2025-12-31T23:55:00.000,105120,ประตูระบายน้ำคลองสามวา,102891,0.0,13.82,4.3917991855,102891,-0.39,0.69,0.0086416693,102891,0.0,40.47,27.8396651797,102891,0.0,0.93,0.2801504505,2025,flow
FW.LKB.01,105120,2025-01-01T00:00:00.000,2025-12-31T23:55:00.000,105120,ประตูระบายน้ำลาดกระบัง,89017,0.0,20.38,0.6466907445,89017,-0.7,0.53,-0.2536211061,89017,0.0,34.74,22.5919693991,89017,0.0,1.47,0.0421834032,2025,flow
FW.LMT.01,105120,2025-01-01T00:00:00.000,2025-12-31T23:55:00.000,105120,ประตูระบายน้ำคลองลำหม้อแตก,104453,0.0,29.17,0.1350455229,104453,0.07,1.16,0.4455921802,104453,5.15,21.83,9.9680812423,104453,0.0,5.0,0.0320609269,2025,flow
FW.LPW.01,105120,2025-01-01T00:00:00.000,2025-12-31T23:55:00.000,105120,ประตูระบายน้ำคลองลาดพร้าว,97833,-8.76,18.39,4.6429760919,95674,-1.01,0.63,-0.4053037398,97833,0.0,44.65,26.5549644803,97833,-0.31,0.54,0.1677225476,2025,flow
FW.PKG.01,105120,2025-01-01T00:00:00.000,2025-12-31T23:55:00.000,105120,จุดวัดสะพานพระราม 8,104732,-3285.87,3801.81,937.3905847306,104732,-1.08,2.31,0.7081518543,97073,0.0,3268.33,2911.2593914889,104732,-1.11,1.28,0.3274857732,2025,flow
FW.PNJ.01,105120,2025-01-01T00:00:00.000,2025-12-31T23:55:00.000,105120,สถานีสูบน้ำคลองขุนราชพินิจใจ,104198,0.0,165.95,0.1762608687,104198,-0.85,1.39,0.5322967811,104198,15.19,89.96,59.5525576307,104198,0.0,5.01,0.0072051287,2025,flow
FW.PSC.01,105120,2025-01-01T00:00:00.000,2025-12-31T23:55:00.000,105120,จุดวัดคลองภาษีเจริญ ตอนคลองมหาศร,0,,,,0,,,,0,,,,0,,,,2025,flow
FW.PSR.01,105120,2025-01-01T00:00:00.000,2025-12-31T23:55:00.000,105120,ประตูระบายน้ำคลองพระยาสุเรนทร์,102711,0.0,193.68,0.5085820409,102711,0.0,1.78,0.8301475986,102711,0.0,65.76,40.8978712115,102711,0.0,8.56,0.022782662,2025,flow
FW.PWT.01,105120,2025-01-01T00:00:00.000,2025-12-31T23:55:00.000,105120,จุดวัดคลองประเวศบุรีรมย์ ตอนวัดขจรศิริ,104885,-232.94,221.42,14.2988568432,104885,-0.83,0.37,-0.3971968346,104885,59.62,93.44,71.8182930829,104885,-3.9,3.73,0.2343985317,2025,flow
FW.RMT.01,105120,2025-01-01T00:00:00.000,2025-12-31T23:55:00.000,105120,สถานีสูบน้ำคลองพระยาราชมนตรี,103822,0.0,57.7,4.9502402188,103822,-1.54,0.35,-0.5093279844,103822,11.48,42.05,27.6109091522,103822,0.0,2.64,0.1785164031,2025,flow
FW.SBR.01,105120,2025-01-01T00:00:00.000,2025-12-31T23:55:00.000,105120,ประตูระบายน้ำคลองขุนศรีบุรีรักษ์,103912,-10.56,3.98,-0.0114105204,103926,0.33,1.28,0.6700252102,103912,1.89,2.74,2.1963509508,103925,-0.58,0.22,-0.0007133029,2025,flow
FW.SSB.01,105120,2025-01-01T00:00:00.000,2025-12-31T23:55:00.000,105120,สถานีสูบน้ำคลองแสนแสบ ตอนคลองตัน,104757,-19.93,13.01,-0.1098636845,104757,-0.52,0.0,-0.014533635,104756,0.0,59.24,2.1337058498,104757,-0.34,0.23,-0.0018136258,2025,flow
FW.SSB.02,105120,2025-01-01T00:00:00.000,2025-12-31T23:55:00.000,105120,จุดวัดคลองแสนแสบ ตอนเขตบางกะปิ,104871,-8.87,37.26,11.9120837028,104871,-1.05,0.41,-0.4160539139,104103,0.0,79.49,68.1852833252,104871,-0.13,0.53,0.1775104652,2025,flow
FW.SSB.03,105120,2025-01-01T00:00:00.000,2025-12-31T23:55:00.000,105120,ประตูระบายน้ำคลองแสนแสบ-มีนบุรี,102635,0.0,0.0,0.0,102635,-0.55,0.53,-0.112309641,102635,0.0,127.0,95.1192770497,102637,0.0,0.0,0.0,2025,flow
FW.SSM.01,105120,2025-01-01T00:00:00.000,2025-12-31T23:55:00.000,105120,ประตูระบายน้ำคลองสิบสาม,103152,0.0,0.0,0.0,103152,0.25,3.6,1.0220523112,103152,68.29,158.15,84.9540262913,103152,0.0,0.0,0.0,2025,flow
FW.SSN.01,105120,2025-01-01T00:00:00.000,2025-12-31T23:55:00.000,105120,สถานีสูบน้ำคลองสามเสน,104003,-33.65,79.01,0.2460465563,104009,-2.29,0.2,-1.0414980434,104003,14.03,41.97,28.0402663385,104009,-0.28,0.63,0.0035644031,2025,flow
FW.SST.01,105120,2025-01-01T00:00:00.000,2025-12-31T23:55:00.000,105120,ประตูระบายน้ำคลองสองสายใต้,104128,0.0,34.15,0.0053753073,104128,-0.44,1.15,0.1517684004,104128,13.81,79.5,32.9045818608,104128,0.0,4.18,0.0006827174,2025,flow
FW.TWW.01,105120,2025-01-01T00:00:00.000,2025-12-31T23:55:00.000,105120,ประตูระบายน้ำคลองทวีวัฒนา,103974,0.0,44.93,7.0134359551,103974,0.11,1.14,0.5399630677,103974,62.78,89.57,73.9680551869,103974,0.0,1.57,0.2472116106,2025,flow
