target,station,pos,tp,fp,fn
ge5_1h,FL.BBN.01,49,27,57,22
ge5_1h,FL.BBN.02,36,19,6,17
ge5_1h,FL.BKA.02,5,5,11,0
ge5_1h,FL.BKE.01,12,5,35,7
ge5_1h,FL.BKE.02,23,9,5,14
ge5_1h,FL.BKM.01,100,58,86,42
ge5_1h,FL.BKM.02,22,17,14,5
ge5_1h,FL.BKN.01,27,17,74,10
ge5_1h,FL.BKN.02,0,0,41,0
ge5_1h,FL.BKP.01,0,0,0,0
ge5_1h,FL.BKP.02,12,2,63,10
ge5_1h,FL.BKT.01,0,0,0,0
ge5_1h,FL.BNA.01,12,4,4,8
ge5_1h,FL.BNA.02,36,32,2,4
ge5_1h,FL.BNA.03,16,16,268,0
ge5_1h,FL.BNA.04,126,82,193,44
ge5_1h,FL.BNA.05,0,0,35,0
ge5_1h,FL.BRK.01,9,2,33,7
ge5_1h,FL.BRK.02,0,0,0,0
ge5_1h,FL.BSU.01,0,0,19,0
ge5_1h,FL.CTC.01,30,23,7,7
ge5_1h,FL.CTC.02,0,0,85,0
ge5_1h,FL.CTC.03,38,27,4,11
ge5_1h,FL.CTC.04,79,55,30,24
ge5_1h,FL.CTC.05,21,15,2,6
ge5_1h,FL.CTC.06,24,12,59,12
ge5_1h,FL.CTC.07,53,39,42,14
ge5_1h,FL.DDG.01,55,29,87,26
ge5_1h,FL.DDG.02,69,45,76,24
ge5_1h,FL.DDG.03,23,9,7,14
ge5_1h,FL.DDG.04,0,0,0,0
ge5_1h,FL.DDG.05,28,16,28,12
ge5_1h,FL.DDG.06,6,4,93,2
ge5_1h,FL.DDG.07,7,4,38,3
ge5_1h,FL.DDG.08,60,38,8,22
ge5_1h,FL.DST.03,0,0,0,0
ge5_1h,FL.DST.04,0,0,0,0
ge5_1h,FL.DST.06,17,6,12,11
ge5_1h,FL.DST.07,0,0,1,0
ge5_1h,FL.DST.08,17,4,5,13
ge5_1h,FL.HKG.01,52,22,62,30
ge5_1h,FL.JTG.01,15,8,7,7
ge5_1h,FL.KSN.01,35,17,12,18
ge5_1h,FL.KTY.01,0,0,1,0
ge5_1h,FL.KTY.02,16,11,40,5
ge5_1h,FL.KTY.03,15,8,28,7
ge5_1h,FL.KTY.04,8,5,29,3
ge5_1h,FL.KTY.05,0,0,12,0
ge5_1h,FL.LSI.02,79,55,61,24
ge5_1h,FL.LSI.03,33,17,51,16
ge5_1h,FL.LSI.04,44,24,110,20
ge5_1h,FL.LSI.05,17,12,46,5
ge5_1h,FL.LSI.06,58,46,10,12
ge5_1h,FL.MBR.01,0,0,0,0
ge5_1h,FL.PKN.01,4,0,0,4
ge5_1h,FL.PNK.02,0,0,0,0
ge5_1h,FL.PPS.01,42,21,30,21
ge5_1h,FL.PPS.02,0,0,0,0
ge5_1h,FL.PTW.01,26,14,12,12
ge5_1h,FL.PTW.02,15,7,5,8
ge5_1h,FL.PTW.03,6,3,1,3
ge5_1h,FL.PTW.05,25,14,10,11
ge5_1h,FL.PWT.01,7,4,2,3
ge5_1h,FL.PWT.02,164,131,301,33
ge5_1h,FL.PYT.01,24,17,2,7
ge5_1h,FL.PYT.02,84,59,21,25
ge5_1h,FL.PYT.03,15,8,2,7
ge5_1h,FL.PYT.04,15,7,3,8
ge5_1h,FL.PYT.05,25,17,3,8
ge5_1h,FL.PYT.06,27,15,6,12
ge5_1h,FL.PYT.07,21,10,6,11
ge5_1h,FL.RTW.01,0,0,37,0
ge5_1h,FL.RTW.02,0,0,0,0
ge5_1h,FL.RTW.03,0,0,0,0
ge5_1h,FL.RTW.04,40,26,11,14
ge5_1h,FL.RTW.05,22,10,16,12
ge5_1h,FL.RTW.06,0,0,0,0
ge5_1h,FL.RTW.07,25,13,3,12
ge5_1h,FL.RTW.08,37,19,21,18
ge5_1h,FL.RTW.09,93,60,151,33
ge5_1h,FL.RTW.10,20,11,101,9
ge5_1h,FL.RTW.11,20,10,27,10
ge5_1h,FL.RTW.12,37,19,21,18
ge5_1h,FL.SLG.01,78,44,40,34
ge5_1h,FL.SLG.02,0,0,8,0
ge5_1h,FL.SLG.03,66,44,155,22
ge5_1h,FL.SMI.01,80,38,110,42
ge5_1h,FL.SPW.01,22,10,15,12
ge5_1h,FL.SPW.02,56,24,19,32
ge5_1h,FL.STN.01,26,12,8,14
ge5_1h,FL.STN.02,6,2,12,4
ge5_1h,FL.STN.03,46,28,7,18
ge5_1h,FL.STN.04,0,0,42,0
ge5_1h,FL.WTL.01,13,5,3,8
ge5_1h,FL.WTL.02,4,1,92,3
ge5_1h,FL.WTL.03,74,60,4,14
ge5_1h,FL.WTL.04,27,24,2,3
ge5_1h,FL.WTN.01,2,0,8,2
ge5_1h,FL.WTN.02,5,2,1,3
ge5_1h,FL.WTN.03,0,0,1,0
ge15_1h,FL.BBN.01,15,7,2,8
ge15_1h,FL.BBN.02,17,11,3,6
ge15_1h,FL.BKA.02,0,0,0,0
ge15_1h,FL.BKE.01,0,0,3,0
ge15_1h,FL.BKE.02,6,2,3,4
ge15_1h,FL.BKM.01,39,22,11,17
ge15_1h,FL.BKM.02,13,6,2,7
ge15_1h,FL.BKN.01,4,1,1,3
ge15_1h,FL.BKN.02,0,0,0,0
ge15_1h,FL.BKP.01,0,0,0,0
ge15_1h,FL.BKP.02,0,0,0,0
ge15_1h,FL.BKT.01,0,0,0,0
ge15_1h,FL.BNA.01,0,0,0,0
ge15_1h,FL.BNA.02,0,0,9,0
ge15_1h,FL.BNA.03,13,10,3,3
ge15_1h,FL.BNA.04,48,24,11,24
ge15_1h,FL.BNA.05,0,0,0,0
ge15_1h,FL.BRK.01,0,0,1,0
ge15_1h,FL.BRK.02,0,0,0,0
ge15_1h,FL.BSU.01,0,0,0,0
ge15_1h,FL.CTC.01,18,13,2,5
ge15_1h,FL.CTC.02,0,0,0,0
ge15_1h,FL.CTC.03,34,24,3,10
ge15_1h,FL.CTC.04,43,24,8,19
ge15_1h,FL.CTC.05,16,10,1,6
ge15_1h,FL.CTC.06,0,0,0,0
ge15_1h,FL.CTC.07,40,29,4,11
ge15_1h,FL.DDG.01,23,9,7,14
ge15_1h,FL.DDG.02,41,23,8,18
ge15_1h,FL.DDG.03,6,3,1,3
ge15_1h,FL.DDG.04,0,0,0,0
ge15_1h,FL.DDG.05,8,4,2,4
ge15_1h,FL.DDG.06,0,0,0,0
ge15_1h,FL.DDG.07,6,2,1,4
ge15_1h,FL.DDG.08,0,0,4,0
ge15_1h,FL.DST.03,0,0,0,0
ge15_1h,FL.DST.04,0,0,0,0
ge15_1h,FL.DST.06,0,0,0,0
ge15_1h,FL.DST.07,0,0,0,0
ge15_1h,FL.DST.08,0,0,0,0
ge15_1h,FL.HKG.01,9,4,3,5
ge15_1h,FL.JTG.01,8,4,0,4
ge15_1h,FL.KSN.01,0,0,0,0
ge15_1h,FL.KTY.01,0,0,0,0
ge15_1h,FL.KTY.02,4,1,1,3
ge15_1h,FL.KTY.03,5,3,0,2
ge15_1h,FL.KTY.04,0,0,0,0
ge15_1h,FL.KTY.05,0,0,0,0
ge15_1h,FL.LSI.02,30,17,7,13
ge15_1h,FL.LSI.03,0,0,5,0
ge15_1h,FL.LSI.04,5,2,19,3
ge15_1h,FL.LSI.05,0,0,1,0
ge15_1h,FL.LSI.06,0,0,2,0
ge15_1h,FL.MBR.01,0,0,0,0
ge15_1h,FL.PKN.01,0,0,0,0
ge15_1h,FL.PNK.02,0,0,0,0
ge15_1h,FL.PPS.01,7,0,3,7
ge15_1h,FL.PPS.02,0,0,0,0
ge15_1h,FL.PTW.01,10,7,0,3
ge15_1h,FL.PTW.02,8,5,0,3
ge15_1h,FL.PTW.03,0,0,0,0
ge15_1h,FL.PTW.05,14,10,2,4
ge15_1h,FL.PWT.01,0,0,0,0
ge15_1h,FL.PWT.02,20,16,19,4
ge15_1h,FL.PYT.01,16,9,3,7
ge15_1h,FL.PYT.02,22,15,3,7
ge15_1h,FL.PYT.03,0,0,0,0
ge15_1h,FL.PYT.04,6,2,1,4
ge15_1h,FL.PYT.05,16,10,2,6
ge15_1h,FL.PYT.06,18,11,1,7
ge15_1h,FL.PYT.07,9,2,2,7
ge15_1h,FL.RTW.01,0,0,1,0
ge15_1h,FL.RTW.02,0,0,0,0
ge15_1h,FL.RTW.03,0,0,0,0
ge15_1h,FL.RTW.04,7,4,1,3
ge15_1h,FL.RTW.05,9,1,2,8
ge15_1h,FL.RTW.06,0,0,0,0
ge15_1h,FL.RTW.07,8,2,7,6
ge15_1h,FL.RTW.08,27,16,1,11
ge15_1h,FL.RTW.09,22,11,11,11
ge15_1h,FL.RTW.10,8,4,2,4
ge15_1h,FL.RTW.11,8,2,4,6
ge15_1h,FL.RTW.12,6,3,3,3
ge15_1h,FL.SLG.01,0,0,4,0
ge15_1h,FL.SLG.02,0,0,3,0
ge15_1h,FL.SLG.03,33,21,7,12
ge15_1h,FL.SMI.01,61,25,21,36
ge15_1h,FL.SPW.01,0,0,3,0
ge15_1h,FL.SPW.02,0,0,0,0
ge15_1h,FL.STN.01,13,6,2,7
ge15_1h,FL.STN.02,0,0,2,0
ge15_1h,FL.STN.03,32,18,9,14
ge15_1h,FL.STN.04,0,0,0,0
ge15_1h,FL.WTL.01,0,0,1,0
ge15_1h,FL.WTL.02,0,0,1,0
ge15_1h,FL.WTL.03,0,0,0,0
ge15_1h,FL.WTL.04,10,7,2,3
ge15_1h,FL.WTN.01,2,0,5,2
ge15_1h,FL.WTN.02,0,0,0,0
ge15_1h,FL.WTN.03,0,0,0,0
ge30_1h,FL.BBN.01,0,0,1,0
ge30_1h,FL.BBN.02,0,0,1,0
ge30_1h,FL.BKA.02,0,0,16,0
ge30_1h,FL.BKE.01,0,0,3,0
ge30_1h,FL.BKE.02,0,0,8,0
ge30_1h,FL.BKM.01,7,5,45,2
ge30_1h,FL.BKM.02,0,0,8,0
ge30_1h,FL.BKN.01,0,0,22,0
ge30_1h,FL.BKN.02,0,0,5,0
ge30_1h,FL.BKP.01,0,0,11,0
ge30_1h,FL.BKP.02,0,0,11,0
ge30_1h,FL.BKT.01,0,0,0,0
ge30_1h,FL.BNA.01,0,0,2,0
ge30_1h,FL.BNA.02,0,0,4,0
ge30_1h,FL.BNA.03,0,0,17,0
ge30_1h,FL.BNA.04,0,0,23,0
ge30_1h,FL.BNA.05,0,0,3,0
ge30_1h,FL.BRK.01,0,0,8,0
ge30_1h,FL.BRK.02,0,0,5,0
ge30_1h,FL.BSU.01,0,0,6,0
ge30_1h,FL.CTC.01,0,0,5,0
ge30_1h,FL.CTC.02,0,0,3,0
ge30_1h,FL.CTC.03,8,6,33,2
ge30_1h,FL.CTC.04,0,0,13,0
ge30_1h,FL.CTC.05,0,0,6,0
ge30_1h,FL.CTC.06,0,0,12,0
ge30_1h,FL.CTC.07,20,14,43,6
ge30_1h,FL.DDG.01,0,0,38,0
ge30_1h,FL.DDG.02,10,5,49,5
ge30_1h,FL.DDG.03,0,0,19,0
ge30_1h,FL.DDG.04,0,0,12,0
ge30_1h,FL.DDG.05,0,0,17,0
ge30_1h,FL.DDG.06,0,0,19,0
ge30_1h,FL.DDG.07,0,0,16,0
ge30_1h,FL.DDG.08,0,0,12,0
ge30_1h,FL.DST.03,0,0,3,0
ge30_1h,FL.DST.04,0,0,3,0
ge30_1h,FL.DST.06,0,0,5,0
ge30_1h,FL.DST.07,0,0,3,0
ge30_1h,FL.DST.08,0,0,9,0
ge30_1h,FL.HKG.01,0,0,18,0
ge30_1h,FL.JTG.01,0,0,5,0
ge30_1h,FL.KSN.01,0,0,9,0
ge30_1h,FL.KTY.01,0,0,3,0
ge30_1h,FL.KTY.02,0,0,4,0
ge30_1h,FL.KTY.03,0,0,5,0
ge30_1h,FL.KTY.04,0,0,5,0
ge30_1h,FL.KTY.05,0,0,3,0
ge30_1h,FL.LSI.02,0,0,15,0
ge30_1h,FL.LSI.03,0,0,11,0
ge30_1h,FL.LSI.04,0,0,19,0
ge30_1h,FL.LSI.05,0,0,12,0
ge30_1h,FL.LSI.06,0,0,10,0
ge30_1h,FL.MBR.01,0,0,3,0
ge30_1h,FL.PKN.01,0,0,4,0
ge30_1h,FL.PNK.02,0,0,7,0
ge30_1h,FL.PPS.01,0,0,16,0
ge30_1h,FL.PPS.02,0,0,7,0
ge30_1h,FL.PTW.01,4,3,18,1
ge30_1h,FL.PTW.02,0,0,7,0
ge30_1h,FL.PTW.03,0,0,4,0
ge30_1h,FL.PTW.05,7,6,15,1
ge30_1h,FL.PWT.01,0,0,7,0
ge30_1h,FL.PWT.02,0,0,32,0
ge30_1h,FL.PYT.01,0,0,8,0
ge30_1h,FL.PYT.02,6,4,38,2
ge30_1h,FL.PYT.03,0,0,8,0
ge30_1h,FL.PYT.04,0,0,9,0
ge30_1h,FL.PYT.05,0,0,9,0
ge30_1h,FL.PYT.06,0,0,20,0
ge30_1h,FL.PYT.07,0,0,10,0
ge30_1h,FL.RTW.01,0,0,7,0
ge30_1h,FL.RTW.02,0,0,4,0
ge30_1h,FL.RTW.03,0,0,0,0
ge30_1h,FL.RTW.04,0,0,10,0
ge30_1h,FL.RTW.05,0,0,7,0
ge30_1h,FL.RTW.06,0,0,4,0
ge30_1h,FL.RTW.07,0,0,9,0
ge30_1h,FL.RTW.08,8,6,21,2
ge30_1h,FL.RTW.09,0,0,24,0
ge30_1h,FL.RTW.10,5,3,18,2
ge30_1h,FL.RTW.11,0,0,8,0
ge30_1h,FL.RTW.12,0,0,15,0
ge30_1h,FL.SLG.01,0,0,18,0
ge30_1h,FL.SLG.02,0,0,2,0
ge30_1h,FL.SLG.03,6,5,29,1
ge30_1h,FL.SMI.01,24,17,39,7
ge30_1h,FL.SPW.01,0,0,12,0
ge30_1h,FL.SPW.02,0,0,21,0
ge30_1h,FL.STN.01,4,2,15,2
ge30_1h,FL.STN.02,0,0,7,0
ge30_1h,FL.STN.03,8,4,29,4
ge30_1h,FL.STN.04,0,0,6,0
ge30_1h,FL.WTL.01,0,0,8,0
ge30_1h,FL.WTL.02,0,0,9,0
ge30_1h,FL.WTL.03,0,0,17,0
ge30_1h,FL.WTL.04,0,0,8,0
ge30_1h,FL.WTN.01,2,0,13,2
ge30_1h,FL.WTN.02,0,0,8,0
ge30_1h,FL.WTN.03,0,0,0,0
ge5_3h,FL.BBN.01,105,29,57,76
ge5_3h,FL.BBN.02,76,19,16,57
ge5_3h,FL.BKA.02,13,3,23,10
ge5_3h,FL.BKE.01,28,6,40,22
ge5_3h,FL.BKE.02,55,9,3,46
ge5_3h,FL.BKM.01,204,53,51,151
ge5_3h,FL.BKM.02,38,17,10,21
ge5_3h,FL.BKN.01,67,15,39,52
ge5_3h,FL.BKN.02,0,0,22,0
ge5_3h,FL.BKP.01,0,0,0,0
ge5_3h,FL.BKP.02,36,1,39,35
ge5_3h,FL.BKT.01,0,0,0,0
ge5_3h,FL.BNA.01,28,8,17,20
ge5_3h,FL.BNA.02,44,32,4,12
ge5_3h,FL.BNA.03,24,17,277,7
ge5_3h,FL.BNA.04,230,91,141,139
ge5_3h,FL.BNA.05,0,0,30,0
ge5_3h,FL.BRK.01,25,3,40,22
ge5_3h,FL.BRK.02,0,0,3,0
ge5_3h,FL.BSU.01,0,0,10,0
ge5_3h,FL.CTC.01,46,23,6,23
ge5_3h,FL.CTC.02,0,0,27,0
ge5_3h,FL.CTC.03,62,27,4,35
ge5_3h,FL.CTC.04,133,58,37,75
ge5_3h,FL.CTC.05,37,15,4,22
ge5_3h,FL.CTC.06,56,13,129,43
ge5_3h,FL.CTC.07,93,37,29,56
ge5_3h,FL.DDG.01,127,33,143,94
ge5_3h,FL.DDG.02,133,44,46,89
ge5_3h,FL.DDG.03,55,9,18,46
ge5_3h,FL.DDG.04,0,0,0,0
ge5_3h,FL.DDG.05,60,16,11,44
ge5_3h,FL.DDG.06,14,4,89,10
ge5_3h,FL.DDG.07,15,4,3,11
ge5_3h,FL.DDG.08,108,37,8,71
ge5_3h,FL.DST.03,0,0,13,0
ge5_3h,FL.DST.04,0,0,0,0
ge5_3h,FL.DST.06,41,7,26,34
ge5_3h,FL.DST.07,0,0,2,0
ge5_3h,FL.DST.08,49,3,6,46
ge5_3h,FL.HKG.01,116,21,22,95
ge5_3h,FL.JTG.01,31,8,9,23
ge5_3h,FL.KSN.01,75,18,13,57
ge5_3h,FL.KTY.01,0,0,3,0
ge5_3h,FL.KTY.02,32,10,18,22
ge5_3h,FL.KTY.03,31,8,13,23
ge5_3h,FL.KTY.04,16,5,63,11
ge5_3h,FL.KTY.05,0,0,15,0
ge5_3h,FL.LSI.02,127,55,75,72
ge5_3h,FL.LSI.03,81,20,114,61
ge5_3h,FL.LSI.04,100,21,119,79
ge5_3h,FL.LSI.05,41,9,49,32
ge5_3h,FL.LSI.06,90,46,11,44
ge5_3h,FL.MBR.01,0,0,0,0
ge5_3h,FL.PKN.01,12,0,0,12
ge5_3h,FL.PNK.02,0,0,3,0
ge5_3h,FL.PPS.01,98,19,40,79
ge5_3h,FL.PPS.02,0,0,0,0
ge5_3h,FL.PTW.01,50,14,6,36
ge5_3h,FL.PTW.02,31,8,7,23
ge5_3h,FL.PTW.03,14,3,1,11
ge5_3h,FL.PTW.05,49,14,8,35
ge5_3h,FL.PWT.01,15,4,3,11
ge5_3h,FL.PWT.02,308,121,190,187
ge5_3h,FL.PYT.01,40,17,2,23
ge5_3h,FL.PYT.02,148,59,13,89
ge5_3h,FL.PYT.03,31,8,1,23
ge5_3h,FL.PYT.04,31,7,2,24
ge5_3h,FL.PYT.05,41,17,1,24
ge5_3h,FL.PYT.06,51,15,2,36
ge5_3h,FL.PYT.07,45,10,5,35
ge5_3h,FL.RTW.01,0,0,10,0
ge5_3h,FL.RTW.02,0,0,0,0
ge5_3h,FL.RTW.03,0,0,0,0
ge5_3h,FL.RTW.04,72,26,5,46
ge5_3h,FL.RTW.05,46,10,12,36
ge5_3h,FL.RTW.06,0,0,4,0
ge5_3h,FL.RTW.07,49,13,21,36
ge5_3h,FL.RTW.08,77,19,7,58
ge5_3h,FL.RTW.09,197,55,90,142
ge5_3h,FL.RTW.10,52,10,50,42
ge5_3h,FL.RTW.11,44,10,18,34
ge5_3h,FL.RTW.12,77,20,58,57
ge5_3h,FL.SLG.01,166,39,29,127
ge5_3h,FL.SLG.02,0,0,8,0
ge5_3h,FL.SLG.03,130,41,93,89
ge5_3h,FL.SMI.01,176,41,106,135
ge5_3h,FL.SPW.01,54,8,14,46
ge5_3h,FL.SPW.02,136,24,30,112
ge5_3h,FL.STN.01,58,12,5,46
ge5_3h,FL.STN.02,14,2,3,12
ge5_3h,FL.STN.03,86,28,11,58
ge5_3h,FL.STN.04,0,0,21,0
ge5_3h,FL.WTL.01,21,6,3,15
ge5_3h,FL.WTL.02,12,1,75,11
ge5_3h,FL.WTL.03,106,60,7,46
ge5_3h,FL.WTL.04,35,24,2,11
ge5_3h,FL.WTN.01,3,0,7,3
ge5_3h,FL.WTN.02,13,2,1,11
ge5_3h,FL.WTN.03,0,0,2,0
ge15_3h,FL.BBN.01,31,8,3,23
ge15_3h,FL.BBN.02,33,11,3,22
ge15_3h,FL.BKA.02,0,0,0,0
ge15_3h,FL.BKE.01,0,0,0,0
ge15_3h,FL.BKE.02,14,2,5,12
ge15_3h,FL.BKM.01,79,22,20,57
ge15_3h,FL.BKM.02,29,6,4,23
ge15_3h,FL.BKN.01,12,1,1,11
ge15_3h,FL.BKN.02,0,0,0,0
ge15_3h,FL.BKP.01,0,0,0,0
ge15_3h,FL.BKP.02,0,0,0,0
ge15_3h,FL.BKT.01,0,0,0,0
ge15_3h,FL.BNA.01,0,0,0,0
ge15_3h,FL.BNA.02,0,0,5,0
ge15_3h,FL.BNA.03,21,10,2,11
ge15_3h,FL.BNA.04,104,26,15,78
ge15_3h,FL.BNA.05,0,0,0,0
ge15_3h,FL.BRK.01,0,0,2,0
ge15_3h,FL.BRK.02,0,0,0,0
ge15_3h,FL.BSU.01,0,0,0,0
ge15_3h,FL.CTC.01,34,13,4,21
ge15_3h,FL.CTC.02,0,0,0,0
ge15_3h,FL.CTC.03,58,24,3,34
ge15_3h,FL.CTC.04,83,27,9,56
ge15_3h,FL.CTC.05,32,10,1,22
ge15_3h,FL.CTC.06,0,0,0,0
ge15_3h,FL.CTC.07,64,29,4,35
ge15_3h,FL.DDG.01,55,11,13,44
ge15_3h,FL.DDG.02,81,25,5,56
ge15_3h,FL.DDG.03,14,3,1,11
ge15_3h,FL.DDG.04,0,0,0,0
ge15_3h,FL.DDG.05,16,5,2,11
ge15_3h,FL.DDG.06,0,0,0,0
ge15_3h,FL.DDG.07,14,2,1,12
ge15_3h,FL.DDG.08,0,0,4,0
ge15_3h,FL.DST.03,0,0,0,0
ge15_3h,FL.DST.04,0,0,0,0
ge15_3h,FL.DST.06,0,0,0,0
ge15_3h,FL.DST.07,0,0,0,0
ge15_3h,FL.DST.08,0,0,0,0
ge15_3h,FL.HKG.01,25,4,6,21
ge15_3h,FL.JTG.01,16,5,0,11
ge15_3h,FL.KSN.01,0,0,0,0
ge15_3h,FL.KTY.01,0,0,0,0
ge15_3h,FL.KTY.02,12,1,3,11
ge15_3h,FL.KTY.03,13,3,0,10
ge15_3h,FL.KTY.04,0,0,2,0
ge15_3h,FL.KTY.05,0,0,0,0
ge15_3h,FL.LSI.02,62,15,7,47
ge15_3h,FL.LSI.03,0,0,10,0
ge15_3h,FL.LSI.04,13,2,16,11
ge15_3h,FL.LSI.05,0,0,1,0
ge15_3h,FL.LSI.06,0,0,6,0
ge15_3h,FL.MBR.01,0,0,0,0
ge15_3h,FL.PKN.01,0,0,0,0
ge15_3h,FL.PNK.02,0,0,0,0
ge15_3h,FL.PPS.01,23,0,3,23
ge15_3h,FL.PPS.02,0,0,0,0
ge15_3h,FL.PTW.01,18,7,1,11
ge15_3h,FL.PTW.02,16,5,1,11
ge15_3h,FL.PTW.03,0,0,0,0
ge15_3h,FL.PTW.05,22,10,1,12
ge15_3h,FL.PWT.01,0,0,0,0
ge15_3h,FL.PWT.02,36,18,37,18
ge15_3h,FL.PYT.01,32,9,3,23
ge15_3h,FL.PYT.02,38,15,4,23
ge15_3h,FL.PYT.03,0,0,0,0
ge15_3h,FL.PYT.04,14,2,2,12
ge15_3h,FL.PYT.05,32,10,3,22
ge15_3h,FL.PYT.06,34,12,2,22
ge15_3h,FL.PYT.07,25,2,3,23
ge15_3h,FL.RTW.01,0,0,0,0
ge15_3h,FL.RTW.02,0,0,0,0
ge15_3h,FL.RTW.03,0,0,0,0
ge15_3h,FL.RTW.04,15,4,1,11
ge15_3h,FL.RTW.05,25,1,2,24
ge15_3h,FL.RTW.06,0,0,0,0
ge15_3h,FL.RTW.07,24,2,6,22
ge15_3h,FL.RTW.08,51,16,2,35
ge15_3h,FL.RTW.09,46,13,15,33
ge15_3h,FL.RTW.10,16,4,4,12
ge15_3h,FL.RTW.11,24,2,3,22
ge15_3h,FL.RTW.12,14,3,4,11
ge15_3h,FL.SLG.01,0,0,6,0
ge15_3h,FL.SLG.02,0,0,0,0
ge15_3h,FL.SLG.03,57,21,8,36
ge15_3h,FL.SMI.01,141,25,25,116
ge15_3h,FL.SPW.01,0,0,5,0
ge15_3h,FL.SPW.02,0,0,0,0
ge15_3h,FL.STN.01,29,6,2,23
ge15_3h,FL.STN.02,0,0,0,0
ge15_3h,FL.STN.03,64,18,8,46
ge15_3h,FL.STN.04,0,0,0,0
ge15_3h,FL.WTL.01,0,0,1,0
ge15_3h,FL.WTL.02,0,0,1,0
ge15_3h,FL.WTL.03,0,0,0,0
ge15_3h,FL.WTL.04,18,7,2,11
ge15_3h,FL.WTN.01,3,0,0,3
ge15_3h,FL.WTN.02,0,0,0,0
ge15_3h,FL.WTN.03,0,0,0,0
ge30_3h,FL.BBN.01,0,0,25,0
ge30_3h,FL.BBN.02,0,0,24,0
ge30_3h,FL.BKA.02,0,0,5,0
ge30_3h,FL.BKE.01,0,0,2,0
ge30_3h,FL.BKE.02,0,0,16,0
ge30_3h,FL.BKM.01,15,5,103,10
ge30_3h,FL.BKM.02,0,0,15,0
ge30_3h,FL.BKN.01,0,0,22,0
ge30_3h,FL.BKN.02,0,0,4,0
ge30_3h,FL.BKP.01,0,0,7,0
ge30_3h,FL.BKP.02,0,0,11,0
ge30_3h,FL.BKT.01,0,0,6,0
ge30_3h,FL.BNA.01,0,0,17,0
ge30_3h,FL.BNA.02,0,0,15,0
ge30_3h,FL.BNA.03,0,0,40,0
ge30_3h,FL.BNA.04,0,0,69,0
ge30_3h,FL.BNA.05,0,0,196,0
ge30_3h,FL.BRK.01,0,0,6,0
ge30_3h,FL.BRK.02,0,0,4,0
ge30_3h,FL.BSU.01,0,0,0,0
ge30_3h,FL.CTC.01,0,0,28,0
ge30_3h,FL.CTC.02,0,0,74,0
ge30_3h,FL.CTC.03,24,8,63,16
ge30_3h,FL.CTC.04,0,0,81,0
ge30_3h,FL.CTC.05,0,0,75,0
ge30_3h,FL.CTC.06,0,0,24,0
ge30_3h,FL.CTC.07,36,16,78,20
ge30_3h,FL.DDG.01,0,0,28,0
ge30_3h,FL.DDG.02,26,5,50,21
ge30_3h,FL.DDG.03,0,0,14,0
ge30_3h,FL.DDG.04,0,0,4,0
ge30_3h,FL.DDG.05,0,0,21,0
ge30_3h,FL.DDG.06,0,0,12,0
ge30_3h,FL.DDG.07,0,0,23,0
ge30_3h,FL.DDG.08,0,0,22,0
ge30_3h,FL.DST.03,0,0,4,0
ge30_3h,FL.DST.04,0,0,5,0
ge30_3h,FL.DST.06,0,0,13,0
ge30_3h,FL.DST.07,0,0,4,0
ge30_3h,FL.DST.08,0,0,11,0
ge30_3h,FL.HKG.01,0,0,25,0
ge30_3h,FL.JTG.01,0,0,12,0
ge30_3h,FL.KSN.01,0,0,23,0
ge30_3h,FL.KTY.01,0,0,0,0
ge30_3h,FL.KTY.02,0,0,8,0
ge30_3h,FL.KTY.03,0,0,11,0
ge30_3h,FL.KTY.04,0,0,8,0
ge30_3h,FL.KTY.05,0,0,4,0
ge30_3h,FL.LSI.02,0,0,34,0
ge30_3h,FL.LSI.03,0,0,76,0
ge30_3h,FL.LSI.04,0,0,29,0
ge30_3h,FL.LSI.05,0,0,13,0
ge30_3h,FL.LSI.06,0,0,82,0
ge30_3h,FL.MBR.01,0,0,0,0
ge30_3h,FL.PKN.01,0,0,4,0
ge30_3h,FL.PNK.02,0,0,5,0
ge30_3h,FL.PPS.01,0,0,23,0
ge30_3h,FL.PPS.02,0,0,4,0
ge30_3h,FL.PTW.01,12,3,14,9
ge30_3h,FL.PTW.02,0,0,12,0
ge30_3h,FL.PTW.03,0,0,5,0
ge30_3h,FL.PTW.05,15,6,10,9
ge30_3h,FL.PWT.01,0,0,8,0
ge30_3h,FL.PWT.02,0,0,137,0
ge30_3h,FL.PYT.01,0,0,14,0
ge30_3h,FL.PYT.02,14,4,32,10
ge30_3h,FL.PYT.03,0,0,9,0
ge30_3h,FL.PYT.04,0,0,9,0
ge30_3h,FL.PYT.05,0,0,12,0
ge30_3h,FL.PYT.06,0,0,15,0
ge30_3h,FL.PYT.07,0,0,8,0
ge30_3h,FL.RTW.01,0,0,6,0
ge30_3h,FL.RTW.02,0,0,4,0
ge30_3h,FL.RTW.03,0,0,0,0
ge30_3h,FL.RTW.04,0,0,26,0
ge30_3h,FL.RTW.05,0,0,12,0
ge30_3h,FL.RTW.06,0,0,4,0
ge30_3h,FL.RTW.07,0,0,12,0
ge30_3h,FL.RTW.08,16,6,16,10
ge30_3h,FL.RTW.09,0,0,41,0
ge30_3h,FL.RTW.10,13,4,89,9
ge30_3h,FL.RTW.11,0,0,39,0
ge30_3h,FL.RTW.12,0,0,47,0
ge30_3h,FL.SLG.01,0,0,48,0
ge30_3h,FL.SLG.02,0,0,0,0
ge30_3h,FL.SLG.03,14,5,75,9
ge30_3h,FL.SMI.01,40,17,117,23
ge30_3h,FL.SPW.01,0,0,13,0
ge30_3h,FL.SPW.02,0,0,34,0
ge30_3h,FL.STN.01,12,2,14,10
ge30_3h,FL.STN.02,0,0,58,0
ge30_3h,FL.STN.03,24,5,126,19
ge30_3h,FL.STN.04,0,0,5,0
ge30_3h,FL.WTL.01,0,0,6,0
ge30_3h,FL.WTL.02,0,0,3,0
ge30_3h,FL.WTL.03,0,0,32,0
ge30_3h,FL.WTL.04,0,0,17,0
ge30_3h,FL.WTN.01,3,0,4,3
ge30_3h,FL.WTN.02,0,0,7,0
ge30_3h,FL.WTN.03,0,0,1,0
ge5_6h,FL.BBN.01,189,33,111,156
ge5_6h,FL.BBN.02,136,19,8,117
ge5_6h,FL.BKA.02,25,3,2,22
ge5_6h,FL.BKE.01,52,4,19,48
ge5_6h,FL.BKE.02,103,9,3,94
ge5_6h,FL.BKM.01,360,53,34,307
ge5_6h,FL.BKM.02,62,16,10,46
ge5_6h,FL.BKN.01,127,11,29,116
ge5_6h,FL.BKN.02,0,0,6,0
ge5_6h,FL.BKP.01,0,0,0,0
ge5_6h,FL.BKP.02,72,1,24,71
ge5_6h,FL.BKT.01,0,0,0,0
ge5_6h,FL.BNA.01,52,4,1,48
ge5_6h,FL.BNA.02,56,32,4,24
ge5_6h,FL.BNA.03,36,17,78,19
ge5_6h,FL.BNA.04,375,80,110,295
ge5_6h,FL.BNA.05,0,0,3,0
ge5_6h,FL.BRK.01,49,1,23,48
ge5_6h,FL.BRK.02,0,0,0,0
ge5_6h,FL.BSU.01,0,0,5,0
ge5_6h,FL.CTC.01,70,23,2,47
ge5_6h,FL.CTC.02,0,0,0,0
ge5_6h,FL.CTC.03,98,27,7,71
ge5_6h,FL.CTC.04,193,60,24,133
ge5_6h,FL.CTC.05,61,15,8,46
ge5_6h,FL.CTC.06,104,12,123,92
ge5_6h,FL.CTC.07,153,35,15,118
ge5_6h,FL.DDG.01,225,32,161,193
ge5_6h,FL.DDG.02,219,42,53,177
ge5_6h,FL.DDG.03,103,8,4,95
ge5_6h,FL.DDG.04,0,0,0,0
ge5_6h,FL.DDG.05,108,17,23,91
ge5_6h,FL.DDG.06,26,2,73,24
ge5_6h,FL.DDG.07,27,4,9,23
ge5_6h,FL.DDG.08,180,38,11,142
ge5_6h,FL.DST.03,0,0,2,0
ge5_6h,FL.DST.04,0,0,0,0
ge5_6h,FL.DST.06,77,6,22,71
ge5_6h,FL.DST.07,0,0,0,0
ge5_6h,FL.DST.08,97,2,4,95
ge5_6h,FL.HKG.01,212,21,64,191
ge5_6h,FL.JTG.01,55,8,4,47
ge5_6h,FL.KSN.01,135,17,11,118
ge5_6h,FL.KTY.01,0,0,1,0
ge5_6h,FL.KTY.02,56,10,3,46
ge5_6h,FL.KTY.03,55,8,5,47
ge5_6h,FL.KTY.04,28,6,29,22
ge5_6h,FL.KTY.05,0,0,4,0
ge5_6h,FL.LSI.02,199,56,50,143
ge5_6h,FL.LSI.03,153,20,122,133
ge5_6h,FL.LSI.04,184,23,114,161
ge5_6h,FL.LSI.05,77,7,42,70
ge5_6h,FL.LSI.06,138,45,11,93
ge5_6h,FL.MBR.01,0,0,0,0
ge5_6h,FL.PKN.01,24,0,0,24
ge5_6h,FL.PNK.02,0,0,0,0
ge5_6h,FL.PPS.01,182,18,33,164
ge5_6h,FL.PPS.02,0,0,0,0
ge5_6h,FL.PTW.01,86,14,6,72
ge5_6h,FL.PTW.02,55,7,5,48
ge5_6h,FL.PTW.03,26,3,1,23
ge5_6h,FL.PTW.05,85,14,5,71
ge5_6h,FL.PWT.01,27,3,2,24
ge5_6h,FL.PWT.02,524,126,211,398
ge5_6h,FL.PYT.01,64,17,1,47
ge5_6h,FL.PYT.02,238,61,339,177
ge5_6h,FL.PYT.03,55,8,1,47
ge5_6h,FL.PYT.04,55,7,3,48
ge5_6h,FL.PYT.05,65,17,1,48
ge5_6h,FL.PYT.06,87,15,2,72
ge5_6h,FL.PYT.07,81,10,6,71
ge5_6h,FL.RTW.01,0,0,23,0
ge5_6h,FL.RTW.02,0,0,0,0
ge5_6h,FL.RTW.03,0,0,0,0
ge5_6h,FL.RTW.04,120,26,10,94
ge5_6h,FL.RTW.05,82,10,17,72
ge5_6h,FL.RTW.06,0,0,0,0
ge5_6h,FL.RTW.07,85,13,27,72
ge5_6h,FL.RTW.08,137,19,20,118
ge5_6h,FL.RTW.09,353,59,298,294
ge5_6h,FL.RTW.10,100,8,58,92
ge5_6h,FL.RTW.11,80,10,22,70
ge5_6h,FL.RTW.12,137,19,43,118
ge5_6h,FL.SLG.01,298,60,83,238
ge5_6h,FL.SLG.02,0,0,11,0
ge5_6h,FL.SLG.03,211,42,57,169
ge5_6h,FL.SMI.01,313,37,124,276
ge5_6h,FL.SPW.01,102,8,22,94
ge5_6h,FL.SPW.02,256,23,17,233
ge5_6h,FL.STN.01,106,11,4,95
ge5_6h,FL.STN.02,26,2,26,24
ge5_6h,FL.STN.03,146,28,21,118
ge5_6h,FL.STN.04,0,0,40,0
ge5_6h,FL.WTL.01,33,6,3,27
ge5_6h,FL.WTL.02,24,0,66,24
ge5_6h,FL.WTL.03,154,60,4,94
ge5_6h,FL.WTL.04,47,24,2,23
ge5_6h,FL.WTN.01,5,0,3,5
ge5_6h,FL.WTN.02,25,2,2,23
ge5_6h,FL.WTN.03,0,0,4,0
ge15_6h,FL.BBN.01,55,8,4,47
ge15_6h,FL.BBN.02,57,11,2,46
ge15_6h,FL.BKA.02,0,0,0,0
ge15_6h,FL.BKE.01,0,0,2,0
ge15_6h,FL.BKE.02,26,2,1,24
ge15_6h,FL.BKM.01,139,22,13,117
ge15_6h,FL.BKM.02,53,6,3,47
ge15_6h,FL.BKN.01,24,1,2,23
ge15_6h,FL.BKN.02,0,0,0,0
ge15_6h,FL.BKP.01,0,0,0,0
ge15_6h,FL.BKP.02,0,0,0,0
ge15_6h,FL.BKT.01,0,0,0,0
ge15_6h,FL.BNA.01,0,0,0,0
ge15_6h,FL.BNA.02,0,0,4,0
ge15_6h,FL.BNA.03,33,11,2,22
ge15_6h,FL.BNA.04,188,24,10,164
ge15_6h,FL.BNA.05,0,0,0,0
ge15_6h,FL.BRK.01,0,0,2,0
ge15_6h,FL.BRK.02,0,0,0,0
ge15_6h,FL.BSU.01,0,0,0,0
ge15_6h,FL.CTC.01,58,13,6,45
ge15_6h,FL.CTC.02,0,0,0,0
ge15_6h,FL.CTC.03,94,24,3,70
ge15_6h,FL.CTC.04,143,27,7,116
ge15_6h,FL.CTC.05,56,10,1,46
ge15_6h,FL.CTC.06,0,0,0,0
ge15_6h,FL.CTC.07,100,29,4,71
ge15_6h,FL.DDG.01,94,11,10,83
ge15_6h,FL.DDG.02,141,23,5,118
ge15_6h,FL.DDG.03,26,3,1,23
ge15_6h,FL.DDG.04,0,0,0,0
ge15_6h,FL.DDG.05,28,4,1,24
ge15_6h,FL.DDG.06,0,0,0,0
ge15_6h,FL.DDG.07,26,2,1,24
ge15_6h,FL.DDG.08,0,0,2,0
ge15_6h,FL.DST.03,0,0,0,0
ge15_6h,FL.DST.04,0,0,0,0
ge15_6h,FL.DST.06,0,0,0,0
ge15_6h,FL.DST.07,0,0,0,0
ge15_6h,FL.DST.08,0,0,0,0
ge15_6h,FL.HKG.01,49,4,4,45
ge15_6h,FL.JTG.01,28,4,0,24
ge15_6h,FL.KSN.01,0,0,0,0
ge15_6h,FL.KTY.01,0,0,0,0
ge15_6h,FL.KTY.02,24,1,1,23
ge15_6h,FL.KTY.03,25,3,0,22
ge15_6h,FL.KTY.04,0,0,0,0
ge15_6h,FL.KTY.05,0,0,0,0
ge15_6h,FL.LSI.02,110,17,9,93
ge15_6h,FL.LSI.03,0,0,1,0
ge15_6h,FL.LSI.04,25,2,10,23
ge15_6h,FL.LSI.05,0,0,1,0
ge15_6h,FL.LSI.06,0,0,0,0
ge15_6h,FL.MBR.01,0,0,0,0
ge15_6h,FL.PKN.01,0,0,0,0
ge15_6h,FL.PNK.02,0,0,0,0
ge15_6h,FL.PPS.01,47,0,2,47
ge15_6h,FL.PPS.02,0,0,0,0
ge15_6h,FL.PTW.01,30,7,0,23
ge15_6h,FL.PTW.02,28,5,1,23
ge15_6h,FL.PTW.03,0,0,0,0
ge15_6h,FL.PTW.05,34,10,2,24
ge15_6h,FL.PWT.01,0,0,0,0
ge15_6h,FL.PWT.02,60,17,21,43
ge15_6h,FL.PYT.01,56,9,3,47
ge15_6h,FL.PYT.02,62,15,4,47
ge15_6h,FL.PYT.03,0,0,1,0
ge15_6h,FL.PYT.04,26,2,1,24
ge15_6h,FL.PYT.05,56,10,2,46
ge15_6h,FL.PYT.06,58,11,1,47
ge15_6h,FL.PYT.07,49,2,2,47
ge15_6h,FL.RTW.01,0,0,0,0
ge15_6h,FL.RTW.02,0,0,0,0
ge15_6h,FL.RTW.03,0,0,0,0
ge15_6h,FL.RTW.04,27,4,1,23
ge15_6h,FL.RTW.05,49,1,2,48
ge15_6h,FL.RTW.06,0,0,0,0
ge15_6h,FL.RTW.07,48,2,6,46
ge15_6h,FL.RTW.08,87,16,1,71
ge15_6h,FL.RTW.09,82,12,13,70
ge15_6h,FL.RTW.10,28,4,4,24
ge15_6h,FL.RTW.11,48,3,3,45
ge15_6h,FL.RTW.12,26,2,2,24
ge15_6h,FL.SLG.01,0,0,6,0
ge15_6h,FL.SLG.02,0,0,0,0
ge15_6h,FL.SLG.03,93,21,6,72
ge15_6h,FL.SMI.01,255,25,13,230
ge15_6h,FL.SPW.01,0,0,5,0
ge15_6h,FL.SPW.02,0,0,0,0
ge15_6h,FL.STN.01,53,6,3,47
ge15_6h,FL.STN.02,0,0,0,0
ge15_6h,FL.STN.03,112,18,6,94
ge15_6h,FL.STN.04,0,0,0,0
ge15_6h,FL.WTL.01,0,0,1,0
ge15_6h,FL.WTL.02,0,0,0,0
ge15_6h,FL.WTL.03,0,0,0,0
ge15_6h,FL.WTL.04,30,7,2,23
ge15_6h,FL.WTN.01,5,0,0,5
ge15_6h,FL.WTN.02,0,0,0,0
ge15_6h,FL.WTN.03,0,0,0,0
ge30_6h,FL.BBN.01,0,0,0,0
ge30_6h,FL.BBN.02,0,0,0,0
ge30_6h,FL.BKA.02,0,0,0,0
ge30_6h,FL.BKE.01,0,0,0,0
ge30_6h,FL.BKE.02,0,0,44,0
ge30_6h,FL.BKM.01,27,3,6,24
ge30_6h,FL.BKM.02,0,0,0,0
ge30_6h,FL.BKN.01,0,0,0,0
ge30_6h,FL.BKN.02,0,0,0,0
ge30_6h,FL.BKP.01,0,0,0,0
ge30_6h,FL.BKP.02,0,0,0,0
ge30_6h,FL.BKT.01,0,0,0,0
ge30_6h,FL.BNA.01,0,0,0,0
ge30_6h,FL.BNA.02,0,0,0,0
ge30_6h,FL.BNA.03,0,0,22,0
ge30_6h,FL.BNA.04,0,0,5,0
ge30_6h,FL.BNA.05,0,0,2,0
ge30_6h,FL.BRK.01,0,0,5,0
ge30_6h,FL.BRK.02,0,0,10,0
ge30_6h,FL.BSU.01,0,0,0,0
ge30_6h,FL.CTC.01,0,0,2,0
ge30_6h,FL.CTC.02,0,0,0,0
ge30_6h,FL.CTC.03,48,1,2,47
ge30_6h,FL.CTC.04,0,0,0,0
ge30_6h,FL.CTC.05,0,0,0,0
ge30_6h,FL.CTC.06,0,0,0,0
ge30_6h,FL.CTC.07,60,13,6,47
ge30_6h,FL.DDG.01,0,0,0,0
ge30_6h,FL.DDG.02,50,4,2,46
ge30_6h,FL.DDG.03,0,0,0,0
ge30_6h,FL.DDG.04,0,0,0,0
ge30_6h,FL.DDG.05,0,0,0,0
ge30_6h,FL.DDG.06,0,0,5,0
ge30_6h,FL.DDG.07,0,0,0,0
ge30_6h,FL.DDG.08,0,0,0,0
ge30_6h,FL.DST.03,0,0,0,0
ge30_6h,FL.DST.04,0,0,0,0
ge30_6h,FL.DST.06,0,0,0,0
ge30_6h,FL.DST.07,0,0,0,0
ge30_6h,FL.DST.08,0,0,0,0
ge30_6h,FL.HKG.01,0,0,0,0
ge30_6h,FL.JTG.01,0,0,0,0
ge30_6h,FL.KSN.01,0,0,0,0
ge30_6h,FL.KTY.01,0,0,0,0
ge30_6h,FL.KTY.02,0,0,0,0
ge30_6h,FL.KTY.03,0,0,0,0
ge30_6h,FL.KTY.04,0,0,0,0
ge30_6h,FL.KTY.05,0,0,0,0
ge30_6h,FL.LSI.02,0,0,0,0
ge30_6h,FL.LSI.03,0,0,0,0
ge30_6h,FL.LSI.04,0,0,0,0
ge30_6h,FL.LSI.05,0,0,0,0
ge30_6h,FL.LSI.06,0,0,1,0
ge30_6h,FL.MBR.01,0,0,0,0
ge30_6h,FL.PKN.01,0,0,0,0
ge30_6h,FL.PNK.02,0,0,0,0
ge30_6h,FL.PPS.01,0,0,0,0
ge30_6h,FL.PPS.02,0,0,0,0
ge30_6h,FL.PTW.01,24,0,1,24
ge30_6h,FL.PTW.02,0,0,0,0
ge30_6h,FL.PTW.03,0,0,0,0
ge30_6h,FL.PTW.05,27,4,1,23
ge30_6h,FL.PWT.01,0,0,0,0
ge30_6h,FL.PWT.02,0,0,0,0
ge30_6h,FL.PYT.01,0,0,0,0
ge30_6h,FL.PYT.02,26,3,2,23
ge30_6h,FL.PYT.03,0,0,0,0
ge30_6h,FL.PYT.04,0,0,0,0
ge30_6h,FL.PYT.05,0,0,0,0
ge30_6h,FL.PYT.06,0,0,0,0
ge30_6h,FL.PYT.07,0,0,0,0
ge30_6h,FL.RTW.01,0,0,0,0
ge30_6h,FL.RTW.02,0,0,0,0
ge30_6h,FL.RTW.03,0,0,0,0
ge30_6h,FL.RTW.04,0,0,0,0
ge30_6h,FL.RTW.05,0,0,0,0
ge30_6h,FL.RTW.06,0,0,0,0
ge30_6h,FL.RTW.07,0,0,0,0
ge30_6h,FL.RTW.08,28,4,0,24
ge30_6h,FL.RTW.09,0,0,0,0
ge30_6h,FL.RTW.10,25,3,1,22
ge30_6h,FL.RTW.11,0,0,0,0
ge30_6h,FL.RTW.12,0,0,0,0
ge30_6h,FL.SLG.01,0,0,0,0
ge30_6h,FL.SLG.02,0,0,0,0
ge30_6h,FL.SLG.03,26,2,1,24
ge30_6h,FL.SMI.01,64,17,9,47
ge30_6h,FL.SPW.01,0,0,0,0
ge30_6h,FL.SPW.02,0,0,0,0
ge30_6h,FL.STN.01,24,1,1,23
ge30_6h,FL.STN.02,0,0,0,0
ge30_6h,FL.STN.03,48,1,3,47
ge30_6h,FL.STN.04,0,0,0,0
ge30_6h,FL.WTL.01,0,0,0,0
ge30_6h,FL.WTL.02,0,0,0,0
ge30_6h,FL.WTL.03,0,0,0,0
ge30_6h,FL.WTL.04,0,0,0,0
ge30_6h,FL.WTN.01,5,0,0,5
ge30_6h,FL.WTN.02,0,0,0,0
ge30_6h,FL.WTN.03,0,0,0,0
